[DEBUG] [2:33:44 PM] parseCommand.swift:5 parseCommand(_:) - PARSECOMMAND: Parsing command string: 'move-mouse monitor-lazy-center'
[DEBUG] [2:33:44 PM] parseCommand.swift:11 parseCommand(_:) - PARSECOMMAND: Split into args: ["move-mouse", "monitor-lazy-center"]
[DEBUG] [2:33:44 PM] parseCommand.swift:19 parseCommand(_:) - PARSECOMMAND: Parsing command args: ["move-mouse", "monitor-lazy-center"]
[DEBUG] [2:33:44 PM] parseCmdArgs.swift:3 parseCmdArgs(_:) - PARSECMDARGS: Parsing args: ["move-mouse", "monitor-lazy-center"], subcommand: 'move-mouse'
[DEBUG] [2:33:44 PM] parseCmdArgs.swift:8 parseCmdArgs(_:) - PARSECMDARGS: Found parser for subcommand 'move-mouse'
[DEBUG] [2:33:44 PM] parseCmdArgs.swift:12 parseCmdArgs(_:) - PARSECMDARGS: Successfully parsed to MoveMouseCmdArgs
[DEBUG] [2:33:44 PM] cmdManifest.swift:5 toCommand() - CMDMANIFEST: Converting CmdArgs to Command - kind: moveMouse
[DEBUG] [2:33:44 PM] cmdManifest.swift:84 toCommand() - CMDMANIFEST: Created command: MoveMouseCommand
[DEBUG] [2:33:44 PM] parseCommand.swift:23 parseCommand(_:) - PARSECOMMAND: Successfully parsed command: MoveMouseCommand
[DEBUG] [2:33:44 PM] parseCommand.swift:5 parseCommand(_:) - PARSECOMMAND: Parsing command string: 'layout floating'
[DEBUG] [2:33:44 PM] parseCommand.swift:11 parseCommand(_:) - PARSECOMMAND: Split into args: ["layout", "floating"]
[DEBUG] [2:33:44 PM] parseCommand.swift:19 parseCommand(_:) - PARSECOMMAND: Parsing command args: ["layout", "floating"]
[DEBUG] [2:33:44 PM] parseCmdArgs.swift:3 parseCmdArgs(_:) - PARSECMDARGS: Parsing args: ["layout", "floating"], subcommand: 'layout'
[DEBUG] [2:33:44 PM] parseCmdArgs.swift:8 parseCmdArgs(_:) - PARSECMDARGS: Found parser for subcommand 'layout'
[DEBUG] [2:33:44 PM] parseCmdArgs.swift:12 parseCmdArgs(_:) - PARSECMDARGS: Successfully parsed to LayoutCmdArgs
[DEBUG] [2:33:44 PM] cmdManifest.swift:5 toCommand() - CMDMANIFEST: Converting CmdArgs to Command - kind: layout
[DEBUG] [2:33:44 PM] cmdManifest.swift:36 toCommand() - CMDMANIFEST: Creating LayoutCommand with toggleBetween: [Common.LayoutCmdArgs.LayoutDescription.floating]
[DEBUG] [2:33:44 PM] LayoutCommand.swift:9 init(args:) - COMMAND: LayoutCommand initialized with args: [Common.LayoutCmdArgs.LayoutDescription.floating]
[DEBUG] [2:33:44 PM] cmdManifest.swift:84 toCommand() - CMDMANIFEST: Created command: LayoutCommand
[DEBUG] [2:33:44 PM] parseCommand.swift:23 parseCommand(_:) - PARSECOMMAND: Successfully parsed command: LayoutCommand
[DEBUG] [2:33:44 PM] parseCommand.swift:5 parseCommand(_:) - PARSECOMMAND: Parsing command string: 'layout floating'
[DEBUG] [2:33:44 PM] parseCommand.swift:11 parseCommand(_:) - PARSECOMMAND: Split into args: ["layout", "floating"]
[DEBUG] [2:33:44 PM] parseCommand.swift:19 parseCommand(_:) - PARSECOMMAND: Parsing command args: ["layout", "floating"]
[DEBUG] [2:33:44 PM] parseCmdArgs.swift:3 parseCmdArgs(_:) - PARSECMDARGS: Parsing args: ["layout", "floating"], subcommand: 'layout'
[DEBUG] [2:33:44 PM] parseCmdArgs.swift:8 parseCmdArgs(_:) - PARSECMDARGS: Found parser for subcommand 'layout'
[DEBUG] [2:33:44 PM] parseCmdArgs.swift:12 parseCmdArgs(_:) - PARSECMDARGS: Successfully parsed to LayoutCmdArgs
[DEBUG] [2:33:44 PM] cmdManifest.swift:5 toCommand() - CMDMANIFEST: Converting CmdArgs to Command - kind: layout
[DEBUG] [2:33:44 PM] cmdManifest.swift:36 toCommand() - CMDMANIFEST: Creating LayoutCommand with toggleBetween: [Common.LayoutCmdArgs.LayoutDescription.floating]
[DEBUG] [2:33:44 PM] LayoutCommand.swift:9 init(args:) - COMMAND: LayoutCommand initialized with args: [Common.LayoutCmdArgs.LayoutDescription.floating]
[DEBUG] [2:33:44 PM] cmdManifest.swift:84 toCommand() - CMDMANIFEST: Created command: LayoutCommand
[DEBUG] [2:33:44 PM] parseCommand.swift:23 parseCommand(_:) - PARSECOMMAND: Successfully parsed command: LayoutCommand
[DEBUG] [2:33:44 PM] parseCommand.swift:5 parseCommand(_:) - PARSECOMMAND: Parsing command string: 'layout floating'
[DEBUG] [2:33:44 PM] parseCommand.swift:11 parseCommand(_:) - PARSECOMMAND: Split into args: ["layout", "floating"]
[DEBUG] [2:33:44 PM] parseCommand.swift:19 parseCommand(_:) - PARSECOMMAND: Parsing command args: ["layout", "floating"]
[DEBUG] [2:33:44 PM] parseCmdArgs.swift:3 parseCmdArgs(_:) - PARSECMDARGS: Parsing args: ["layout", "floating"], subcommand: 'layout'
[DEBUG] [2:33:44 PM] parseCmdArgs.swift:8 parseCmdArgs(_:) - PARSECMDARGS: Found parser for subcommand 'layout'
[DEBUG] [2:33:44 PM] parseCmdArgs.swift:12 parseCmdArgs(_:) - PARSECMDARGS: Successfully parsed to LayoutCmdArgs
[DEBUG] [2:33:44 PM] cmdManifest.swift:5 toCommand() - CMDMANIFEST: Converting CmdArgs to Command - kind: layout
[DEBUG] [2:33:44 PM] cmdManifest.swift:36 toCommand() - CMDMANIFEST: Creating LayoutCommand with toggleBetween: [Common.LayoutCmdArgs.LayoutDescription.floating]
[DEBUG] [2:33:44 PM] LayoutCommand.swift:9 init(args:) - COMMAND: LayoutCommand initialized with args: [Common.LayoutCmdArgs.LayoutDescription.floating]
[DEBUG] [2:33:44 PM] cmdManifest.swift:84 toCommand() - CMDMANIFEST: Created command: LayoutCommand
[DEBUG] [2:33:44 PM] parseCommand.swift:23 parseCommand(_:) - PARSECOMMAND: Successfully parsed command: LayoutCommand
[DEBUG] [2:33:44 PM] parseCommand.swift:5 parseCommand(_:) - PARSECOMMAND: Parsing command string: 'layout floating'
[DEBUG] [2:33:44 PM] parseCommand.swift:11 parseCommand(_:) - PARSECOMMAND: Split into args: ["layout", "floating"]
[DEBUG] [2:33:44 PM] parseCommand.swift:19 parseCommand(_:) - PARSECOMMAND: Parsing command args: ["layout", "floating"]
[DEBUG] [2:33:44 PM] parseCmdArgs.swift:3 parseCmdArgs(_:) - PARSECMDARGS: Parsing args: ["layout", "floating"], subcommand: 'layout'
[DEBUG] [2:33:44 PM] parseCmdArgs.swift:8 parseCmdArgs(_:) - PARSECMDARGS: Found parser for subcommand 'layout'
[DEBUG] [2:33:44 PM] parseCmdArgs.swift:12 parseCmdArgs(_:) - PARSECMDARGS: Successfully parsed to LayoutCmdArgs
[DEBUG] [2:33:44 PM] cmdManifest.swift:5 toCommand() - CMDMANIFEST: Converting CmdArgs to Command - kind: layout
[DEBUG] [2:33:44 PM] cmdManifest.swift:36 toCommand() - CMDMANIFEST: Creating LayoutCommand with toggleBetween: [Common.LayoutCmdArgs.LayoutDescription.floating]
[DEBUG] [2:33:44 PM] LayoutCommand.swift:9 init(args:) - COMMAND: LayoutCommand initialized with args: [Common.LayoutCmdArgs.LayoutDescription.floating]
[DEBUG] [2:33:44 PM] cmdManifest.swift:84 toCommand() - CMDMANIFEST: Created command: LayoutCommand
[DEBUG] [2:33:44 PM] parseCommand.swift:23 parseCommand(_:) - PARSECOMMAND: Successfully parsed command: LayoutCommand
[DEBUG] [2:33:44 PM] parseCommand.swift:5 parseCommand(_:) - PARSECOMMAND: Parsing command string: 'layout floating'
[DEBUG] [2:33:44 PM] parseCommand.swift:11 parseCommand(_:) - PARSECOMMAND: Split into args: ["layout", "floating"]
[DEBUG] [2:33:44 PM] parseCommand.swift:19 parseCommand(_:) - PARSECOMMAND: Parsing command args: ["layout", "floating"]
[DEBUG] [2:33:44 PM] parseCmdArgs.swift:3 parseCmdArgs(_:) - PARSECMDARGS: Parsing args: ["layout", "floating"], subcommand: 'layout'
[DEBUG] [2:33:44 PM] parseCmdArgs.swift:8 parseCmdArgs(_:) - PARSECMDARGS: Found parser for subcommand 'layout'
[DEBUG] [2:33:44 PM] parseCmdArgs.swift:12 parseCmdArgs(_:) - PARSECMDARGS: Successfully parsed to LayoutCmdArgs
[DEBUG] [2:33:44 PM] cmdManifest.swift:5 toCommand() - CMDMANIFEST: Converting CmdArgs to Command - kind: layout
[DEBUG] [2:33:44 PM] cmdManifest.swift:36 toCommand() - CMDMANIFEST: Creating LayoutCommand with toggleBetween: [Common.LayoutCmdArgs.LayoutDescription.floating]
[DEBUG] [2:33:44 PM] LayoutCommand.swift:9 init(args:) - COMMAND: LayoutCommand initialized with args: [Common.LayoutCmdArgs.LayoutDescription.floating]
[DEBUG] [2:33:44 PM] cmdManifest.swift:84 toCommand() - CMDMANIFEST: Created command: LayoutCommand
[DEBUG] [2:33:44 PM] parseCommand.swift:23 parseCommand(_:) - PARSECOMMAND: Successfully parsed command: LayoutCommand
[DEBUG] [2:33:44 PM] parseCommand.swift:5 parseCommand(_:) - PARSECOMMAND: Parsing command string: 'layout floating'
[DEBUG] [2:33:44 PM] parseCommand.swift:11 parseCommand(_:) - PARSECOMMAND: Split into args: ["layout", "floating"]
[DEBUG] [2:33:44 PM] parseCommand.swift:19 parseCommand(_:) - PARSECOMMAND: Parsing command args: ["layout", "floating"]
[DEBUG] [2:33:44 PM] parseCmdArgs.swift:3 parseCmdArgs(_:) - PARSECMDARGS: Parsing args: ["layout", "floating"], subcommand: 'layout'
[DEBUG] [2:33:44 PM] parseCmdArgs.swift:8 parseCmdArgs(_:) - PARSECMDARGS: Found parser for subcommand 'layout'
[DEBUG] [2:33:44 PM] parseCmdArgs.swift:12 parseCmdArgs(_:) - PARSECMDARGS: Successfully parsed to LayoutCmdArgs
[DEBUG] [2:33:44 PM] cmdManifest.swift:5 toCommand() - CMDMANIFEST: Converting CmdArgs to Command - kind: layout
[DEBUG] [2:33:44 PM] cmdManifest.swift:36 toCommand() - CMDMANIFEST: Creating LayoutCommand with toggleBetween: [Common.LayoutCmdArgs.LayoutDescription.floating]
[DEBUG] [2:33:44 PM] LayoutCommand.swift:9 init(args:) - COMMAND: LayoutCommand initialized with args: [Common.LayoutCmdArgs.LayoutDescription.floating]
[DEBUG] [2:33:44 PM] cmdManifest.swift:84 toCommand() - CMDMANIFEST: Created command: LayoutCommand
[DEBUG] [2:33:44 PM] parseCommand.swift:23 parseCommand(_:) - PARSECOMMAND: Successfully parsed command: LayoutCommand
[DEBUG] [2:33:44 PM] parseCommand.swift:5 parseCommand(_:) - PARSECOMMAND: Parsing command string: 'layout floating'
[DEBUG] [2:33:44 PM] parseCommand.swift:11 parseCommand(_:) - PARSECOMMAND: Split into args: ["layout", "floating"]
[DEBUG] [2:33:44 PM] parseCommand.swift:19 parseCommand(_:) - PARSECOMMAND: Parsing command args: ["layout", "floating"]
[DEBUG] [2:33:44 PM] parseCmdArgs.swift:3 parseCmdArgs(_:) - PARSECMDARGS: Parsing args: ["layout", "floating"], subcommand: 'layout'
[DEBUG] [2:33:44 PM] parseCmdArgs.swift:8 parseCmdArgs(_:) - PARSECMDARGS: Found parser for subcommand 'layout'
[DEBUG] [2:33:44 PM] parseCmdArgs.swift:12 parseCmdArgs(_:) - PARSECMDARGS: Successfully parsed to LayoutCmdArgs
[DEBUG] [2:33:44 PM] cmdManifest.swift:5 toCommand() - CMDMANIFEST: Converting CmdArgs to Command - kind: layout
[DEBUG] [2:33:44 PM] cmdManifest.swift:36 toCommand() - CMDMANIFEST: Creating LayoutCommand with toggleBetween: [Common.LayoutCmdArgs.LayoutDescription.floating]
[DEBUG] [2:33:44 PM] LayoutCommand.swift:9 init(args:) - COMMAND: LayoutCommand initialized with args: [Common.LayoutCmdArgs.LayoutDescription.floating]
[DEBUG] [2:33:44 PM] cmdManifest.swift:84 toCommand() - CMDMANIFEST: Created command: LayoutCommand
[DEBUG] [2:33:44 PM] parseCommand.swift:23 parseCommand(_:) - PARSECOMMAND: Successfully parsed command: LayoutCommand
[DEBUG] [2:33:44 PM] parseCommand.swift:5 parseCommand(_:) - PARSECOMMAND: Parsing command string: 'layout floating'
[DEBUG] [2:33:44 PM] parseCommand.swift:11 parseCommand(_:) - PARSECOMMAND: Split into args: ["layout", "floating"]
[DEBUG] [2:33:44 PM] parseCommand.swift:19 parseCommand(_:) - PARSECOMMAND: Parsing command args: ["layout", "floating"]
[DEBUG] [2:33:44 PM] parseCmdArgs.swift:3 parseCmdArgs(_:) - PARSECMDARGS: Parsing args: ["layout", "floating"], subcommand: 'layout'
[DEBUG] [2:33:44 PM] parseCmdArgs.swift:8 parseCmdArgs(_:) - PARSECMDARGS: Found parser for subcommand 'layout'
[DEBUG] [2:33:44 PM] parseCmdArgs.swift:12 parseCmdArgs(_:) - PARSECMDARGS: Successfully parsed to LayoutCmdArgs
[DEBUG] [2:33:44 PM] cmdManifest.swift:5 toCommand() - CMDMANIFEST: Converting CmdArgs to Command - kind: layout
[DEBUG] [2:33:44 PM] cmdManifest.swift:36 toCommand() - CMDMANIFEST: Creating LayoutCommand with toggleBetween: [Common.LayoutCmdArgs.LayoutDescription.floating]
[DEBUG] [2:33:44 PM] LayoutCommand.swift:9 init(args:) - COMMAND: LayoutCommand initialized with args: [Common.LayoutCmdArgs.LayoutDescription.floating]
[DEBUG] [2:33:44 PM] cmdManifest.swift:84 toCommand() - CMDMANIFEST: Created command: LayoutCommand
[DEBUG] [2:33:44 PM] parseCommand.swift:23 parseCommand(_:) - PARSECOMMAND: Successfully parsed command: LayoutCommand
[DEBUG] [2:33:44 PM] parseCommand.swift:5 parseCommand(_:) - PARSECOMMAND: Parsing command string: 'workspace 1'
[DEBUG] [2:33:44 PM] parseCommand.swift:11 parseCommand(_:) - PARSECOMMAND: Split into args: ["workspace", "1"]
[DEBUG] [2:33:44 PM] parseCommand.swift:19 parseCommand(_:) - PARSECOMMAND: Parsing command args: ["workspace", "1"]
[DEBUG] [2:33:44 PM] parseCmdArgs.swift:3 parseCmdArgs(_:) - PARSECMDARGS: Parsing args: ["workspace", "1"], subcommand: 'workspace'
[DEBUG] [2:33:44 PM] parseCmdArgs.swift:8 parseCmdArgs(_:) - PARSECMDARGS: Found parser for subcommand 'workspace'
[DEBUG] [2:33:44 PM] parseCmdArgs.swift:12 parseCmdArgs(_:) - PARSECMDARGS: Successfully parsed to WorkspaceCmdArgs
[DEBUG] [2:33:44 PM] cmdManifest.swift:5 toCommand() - CMDMANIFEST: Converting CmdArgs to Command - kind: workspace
[DEBUG] [2:33:44 PM] cmdManifest.swift:84 toCommand() - CMDMANIFEST: Created command: WorkspaceCommand
[DEBUG] [2:33:44 PM] parseCommand.swift:23 parseCommand(_:) - PARSECOMMAND: Successfully parsed command: WorkspaceCommand
[DEBUG] [2:33:44 PM] parseCommand.swift:5 parseCommand(_:) - PARSECOMMAND: Parsing command string: 'workspace 2'
[DEBUG] [2:33:44 PM] parseCommand.swift:11 parseCommand(_:) - PARSECOMMAND: Split into args: ["workspace", "2"]
[DEBUG] [2:33:44 PM] parseCommand.swift:19 parseCommand(_:) - PARSECOMMAND: Parsing command args: ["workspace", "2"]
[DEBUG] [2:33:44 PM] parseCmdArgs.swift:3 parseCmdArgs(_:) - PARSECMDARGS: Parsing args: ["workspace", "2"], subcommand: 'workspace'
[DEBUG] [2:33:44 PM] parseCmdArgs.swift:8 parseCmdArgs(_:) - PARSECMDARGS: Found parser for subcommand 'workspace'
[DEBUG] [2:33:44 PM] parseCmdArgs.swift:12 parseCmdArgs(_:) - PARSECMDARGS: Successfully parsed to WorkspaceCmdArgs
[DEBUG] [2:33:44 PM] cmdManifest.swift:5 toCommand() - CMDMANIFEST: Converting CmdArgs to Command - kind: workspace
[DEBUG] [2:33:44 PM] cmdManifest.swift:84 toCommand() - CMDMANIFEST: Created command: WorkspaceCommand
[DEBUG] [2:33:44 PM] parseCommand.swift:23 parseCommand(_:) - PARSECOMMAND: Successfully parsed command: WorkspaceCommand
[DEBUG] [2:33:44 PM] parseCommand.swift:5 parseCommand(_:) - PARSECOMMAND: Parsing command string: 'workspace 3'
[DEBUG] [2:33:44 PM] parseCommand.swift:11 parseCommand(_:) - PARSECOMMAND: Split into args: ["workspace", "3"]
[DEBUG] [2:33:44 PM] parseCommand.swift:19 parseCommand(_:) - PARSECOMMAND: Parsing command args: ["workspace", "3"]
[DEBUG] [2:33:44 PM] parseCmdArgs.swift:3 parseCmdArgs(_:) - PARSECMDARGS: Parsing args: ["workspace", "3"], subcommand: 'workspace'
[DEBUG] [2:33:44 PM] parseCmdArgs.swift:8 parseCmdArgs(_:) - PARSECMDARGS: Found parser for subcommand 'workspace'
[DEBUG] [2:33:44 PM] parseCmdArgs.swift:12 parseCmdArgs(_:) - PARSECMDARGS: Successfully parsed to WorkspaceCmdArgs
[DEBUG] [2:33:44 PM] cmdManifest.swift:5 toCommand() - CMDMANIFEST: Converting CmdArgs to Command - kind: workspace
[DEBUG] [2:33:44 PM] cmdManifest.swift:84 toCommand() - CMDMANIFEST: Created command: WorkspaceCommand
[DEBUG] [2:33:44 PM] parseCommand.swift:23 parseCommand(_:) - PARSECOMMAND: Successfully parsed command: WorkspaceCommand
[DEBUG] [2:33:44 PM] parseCommand.swift:5 parseCommand(_:) - PARSECOMMAND: Parsing command string: 'workspace 4'
[DEBUG] [2:33:44 PM] parseCommand.swift:11 parseCommand(_:) - PARSECOMMAND: Split into args: ["workspace", "4"]
[DEBUG] [2:33:44 PM] parseCommand.swift:19 parseCommand(_:) - PARSECOMMAND: Parsing command args: ["workspace", "4"]
[DEBUG] [2:33:44 PM] parseCmdArgs.swift:3 parseCmdArgs(_:) - PARSECMDARGS: Parsing args: ["workspace", "4"], subcommand: 'workspace'
[DEBUG] [2:33:44 PM] parseCmdArgs.swift:8 parseCmdArgs(_:) - PARSECMDARGS: Found parser for subcommand 'workspace'
[DEBUG] [2:33:44 PM] parseCmdArgs.swift:12 parseCmdArgs(_:) - PARSECMDARGS: Successfully parsed to WorkspaceCmdArgs
[DEBUG] [2:33:44 PM] cmdManifest.swift:5 toCommand() - CMDMANIFEST: Converting CmdArgs to Command - kind: workspace
[DEBUG] [2:33:44 PM] cmdManifest.swift:84 toCommand() - CMDMANIFEST: Created command: WorkspaceCommand
[DEBUG] [2:33:44 PM] parseCommand.swift:23 parseCommand(_:) - PARSECOMMAND: Successfully parsed command: WorkspaceCommand
[DEBUG] [2:33:44 PM] parseCommand.swift:5 parseCommand(_:) - PARSECOMMAND: Parsing command string: 'workspace A'
[DEBUG] [2:33:44 PM] parseCommand.swift:11 parseCommand(_:) - PARSECOMMAND: Split into args: ["workspace", "A"]
[DEBUG] [2:33:44 PM] parseCommand.swift:19 parseCommand(_:) - PARSECOMMAND: Parsing command args: ["workspace", "A"]
[DEBUG] [2:33:44 PM] parseCmdArgs.swift:3 parseCmdArgs(_:) - PARSECMDARGS: Parsing args: ["workspace", "A"], subcommand: 'workspace'
[DEBUG] [2:33:44 PM] parseCmdArgs.swift:8 parseCmdArgs(_:) - PARSECMDARGS: Found parser for subcommand 'workspace'
[DEBUG] [2:33:44 PM] parseCmdArgs.swift:12 parseCmdArgs(_:) - PARSECMDARGS: Successfully parsed to WorkspaceCmdArgs
[DEBUG] [2:33:44 PM] cmdManifest.swift:5 toCommand() - CMDMANIFEST: Converting CmdArgs to Command - kind: workspace
[DEBUG] [2:33:44 PM] cmdManifest.swift:84 toCommand() - CMDMANIFEST: Created command: WorkspaceCommand
[DEBUG] [2:33:44 PM] parseCommand.swift:23 parseCommand(_:) - PARSECOMMAND: Successfully parsed command: WorkspaceCommand
[DEBUG] [2:33:44 PM] parseCommand.swift:5 parseCommand(_:) - PARSECOMMAND: Parsing command string: 'layout accordion horizontal vertical'
[DEBUG] [2:33:44 PM] parseCommand.swift:11 parseCommand(_:) - PARSECOMMAND: Split into args: ["layout", "accordion", "horizontal", "vertical"]
[DEBUG] [2:33:44 PM] parseCommand.swift:19 parseCommand(_:) - PARSECOMMAND: Parsing command args: ["layout", "accordion", "horizontal", "vertical"]
[DEBUG] [2:33:44 PM] parseCmdArgs.swift:3 parseCmdArgs(_:) - PARSECMDARGS: Parsing args: ["layout", "accordion", "horizontal", "vertical"], subcommand: 'layout'
[DEBUG] [2:33:44 PM] parseCmdArgs.swift:8 parseCmdArgs(_:) - PARSECMDARGS: Found parser for subcommand 'layout'
[DEBUG] [2:33:44 PM] parseCmdArgs.swift:12 parseCmdArgs(_:) - PARSECMDARGS: Successfully parsed to LayoutCmdArgs
[DEBUG] [2:33:44 PM] cmdManifest.swift:5 toCommand() - CMDMANIFEST: Converting CmdArgs to Command - kind: layout
[DEBUG] [2:33:44 PM] cmdManifest.swift:36 toCommand() - CMDMANIFEST: Creating LayoutCommand with toggleBetween: [Common.LayoutCmdArgs.LayoutDescription.accordion, Common.LayoutCmdArgs.LayoutDescription.horizontal, Common.LayoutCmdArgs.LayoutDescription.vertical]
[DEBUG] [2:33:44 PM] LayoutCommand.swift:9 init(args:) - COMMAND: LayoutCommand initialized with args: [Common.LayoutCmdArgs.LayoutDescription.accordion, Common.LayoutCmdArgs.LayoutDescription.horizontal, Common.LayoutCmdArgs.LayoutDescription.vertical]
[DEBUG] [2:33:44 PM] cmdManifest.swift:84 toCommand() - CMDMANIFEST: Created command: LayoutCommand
[DEBUG] [2:33:44 PM] parseCommand.swift:23 parseCommand(_:) - PARSECOMMAND: Successfully parsed command: LayoutCommand
[DEBUG] [2:33:44 PM] parseCommand.swift:5 parseCommand(_:) - PARSECOMMAND: Parsing command string: 'resize smart +50'
[DEBUG] [2:33:44 PM] parseCommand.swift:11 parseCommand(_:) - PARSECOMMAND: Split into args: ["resize", "smart", "+50"]
[DEBUG] [2:33:44 PM] parseCommand.swift:19 parseCommand(_:) - PARSECOMMAND: Parsing command args: ["resize", "smart", "+50"]
[DEBUG] [2:33:44 PM] parseCmdArgs.swift:3 parseCmdArgs(_:) - PARSECMDARGS: Parsing args: ["resize", "smart", "+50"], subcommand: 'resize'
[DEBUG] [2:33:44 PM] parseCmdArgs.swift:8 parseCmdArgs(_:) - PARSECMDARGS: Found parser for subcommand 'resize'
[DEBUG] [2:33:44 PM] parseCmdArgs.swift:12 parseCmdArgs(_:) - PARSECMDARGS: Successfully parsed to ResizeCmdArgs
[DEBUG] [2:33:44 PM] cmdManifest.swift:5 toCommand() - CMDMANIFEST: Converting CmdArgs to Command - kind: resize
[DEBUG] [2:33:44 PM] cmdManifest.swift:84 toCommand() - CMDMANIFEST: Created command: ResizeCommand
[DEBUG] [2:33:44 PM] parseCommand.swift:23 parseCommand(_:) - PARSECOMMAND: Successfully parsed command: ResizeCommand
[DEBUG] [2:33:44 PM] parseCommand.swift:5 parseCommand(_:) - PARSECOMMAND: Parsing command string: 'focus left'
[DEBUG] [2:33:44 PM] parseCommand.swift:11 parseCommand(_:) - PARSECOMMAND: Split into args: ["focus", "left"]
[DEBUG] [2:33:44 PM] parseCommand.swift:19 parseCommand(_:) - PARSECOMMAND: Parsing command args: ["focus", "left"]
[DEBUG] [2:33:44 PM] parseCmdArgs.swift:3 parseCmdArgs(_:) - PARSECMDARGS: Parsing args: ["focus", "left"], subcommand: 'focus'
[DEBUG] [2:33:44 PM] parseCmdArgs.swift:8 parseCmdArgs(_:) - PARSECMDARGS: Found parser for subcommand 'focus'
[DEBUG] [2:33:44 PM] parseCmdArgs.swift:12 parseCmdArgs(_:) - PARSECMDARGS: Successfully parsed to FocusCmdArgs
[DEBUG] [2:33:44 PM] cmdManifest.swift:5 toCommand() - CMDMANIFEST: Converting CmdArgs to Command - kind: focus
[DEBUG] [2:33:44 PM] cmdManifest.swift:84 toCommand() - CMDMANIFEST: Created command: FocusCommand
[DEBUG] [2:33:44 PM] parseCommand.swift:23 parseCommand(_:) - PARSECOMMAND: Successfully parsed command: FocusCommand
[DEBUG] [2:33:44 PM] parseCommand.swift:5 parseCommand(_:) - PARSECOMMAND: Parsing command string: 'focus down'
[DEBUG] [2:33:44 PM] parseCommand.swift:11 parseCommand(_:) - PARSECOMMAND: Split into args: ["focus", "down"]
[DEBUG] [2:33:44 PM] parseCommand.swift:19 parseCommand(_:) - PARSECOMMAND: Parsing command args: ["focus", "down"]
[DEBUG] [2:33:44 PM] parseCmdArgs.swift:3 parseCmdArgs(_:) - PARSECMDARGS: Parsing args: ["focus", "down"], subcommand: 'focus'
[DEBUG] [2:33:44 PM] parseCmdArgs.swift:8 parseCmdArgs(_:) - PARSECMDARGS: Found parser for subcommand 'focus'
[DEBUG] [2:33:44 PM] parseCmdArgs.swift:12 parseCmdArgs(_:) - PARSECMDARGS: Successfully parsed to FocusCmdArgs
[DEBUG] [2:33:44 PM] cmdManifest.swift:5 toCommand() - CMDMANIFEST: Converting CmdArgs to Command - kind: focus
[DEBUG] [2:33:44 PM] cmdManifest.swift:84 toCommand() - CMDMANIFEST: Created command: FocusCommand
[DEBUG] [2:33:44 PM] parseCommand.swift:23 parseCommand(_:) - PARSECOMMAND: Successfully parsed command: FocusCommand
[DEBUG] [2:33:44 PM] parseCommand.swift:5 parseCommand(_:) - PARSECOMMAND: Parsing command string: 'focus up'
[DEBUG] [2:33:44 PM] parseCommand.swift:11 parseCommand(_:) - PARSECOMMAND: Split into args: ["focus", "up"]
[DEBUG] [2:33:44 PM] parseCommand.swift:19 parseCommand(_:) - PARSECOMMAND: Parsing command args: ["focus", "up"]
[DEBUG] [2:33:44 PM] parseCmdArgs.swift:3 parseCmdArgs(_:) - PARSECMDARGS: Parsing args: ["focus", "up"], subcommand: 'focus'
[DEBUG] [2:33:44 PM] parseCmdArgs.swift:8 parseCmdArgs(_:) - PARSECMDARGS: Found parser for subcommand 'focus'
[DEBUG] [2:33:44 PM] parseCmdArgs.swift:12 parseCmdArgs(_:) - PARSECMDARGS: Successfully parsed to FocusCmdArgs
[DEBUG] [2:33:44 PM] cmdManifest.swift:5 toCommand() - CMDMANIFEST: Converting CmdArgs to Command - kind: focus
[DEBUG] [2:33:44 PM] cmdManifest.swift:84 toCommand() - CMDMANIFEST: Created command: FocusCommand
[DEBUG] [2:33:44 PM] parseCommand.swift:23 parseCommand(_:) - PARSECOMMAND: Successfully parsed command: FocusCommand
[DEBUG] [2:33:44 PM] parseCommand.swift:5 parseCommand(_:) - PARSECOMMAND: Parsing command string: 'focus right'
[DEBUG] [2:33:44 PM] parseCommand.swift:11 parseCommand(_:) - PARSECOMMAND: Split into args: ["focus", "right"]
[DEBUG] [2:33:44 PM] parseCommand.swift:19 parseCommand(_:) - PARSECOMMAND: Parsing command args: ["focus", "right"]
[DEBUG] [2:33:44 PM] parseCmdArgs.swift:3 parseCmdArgs(_:) - PARSECMDARGS: Parsing args: ["focus", "right"], subcommand: 'focus'
[DEBUG] [2:33:44 PM] parseCmdArgs.swift:8 parseCmdArgs(_:) - PARSECMDARGS: Found parser for subcommand 'focus'
[DEBUG] [2:33:44 PM] parseCmdArgs.swift:12 parseCmdArgs(_:) - PARSECMDARGS: Successfully parsed to FocusCmdArgs
[DEBUG] [2:33:44 PM] cmdManifest.swift:5 toCommand() - CMDMANIFEST: Converting CmdArgs to Command - kind: focus
[DEBUG] [2:33:44 PM] cmdManifest.swift:84 toCommand() - CMDMANIFEST: Created command: FocusCommand
[DEBUG] [2:33:44 PM] parseCommand.swift:23 parseCommand(_:) - PARSECOMMAND: Successfully parsed command: FocusCommand
[DEBUG] [2:33:44 PM] parseCommand.swift:5 parseCommand(_:) - PARSECOMMAND: Parsing command string: 'resize smart -50'
[DEBUG] [2:33:44 PM] parseCommand.swift:11 parseCommand(_:) - PARSECOMMAND: Split into args: ["resize", "smart", "-50"]
[DEBUG] [2:33:44 PM] parseCommand.swift:19 parseCommand(_:) - PARSECOMMAND: Parsing command args: ["resize", "smart", "-50"]
[DEBUG] [2:33:44 PM] parseCmdArgs.swift:3 parseCmdArgs(_:) - PARSECMDARGS: Parsing args: ["resize", "smart", "-50"], subcommand: 'resize'
[DEBUG] [2:33:44 PM] parseCmdArgs.swift:8 parseCmdArgs(_:) - PARSECMDARGS: Found parser for subcommand 'resize'
[DEBUG] [2:33:44 PM] parseCmdArgs.swift:12 parseCmdArgs(_:) - PARSECMDARGS: Successfully parsed to ResizeCmdArgs
[DEBUG] [2:33:44 PM] cmdManifest.swift:5 toCommand() - CMDMANIFEST: Converting CmdArgs to Command - kind: resize
[DEBUG] [2:33:44 PM] cmdManifest.swift:84 toCommand() - CMDMANIFEST: Created command: ResizeCommand
[DEBUG] [2:33:44 PM] parseCommand.swift:23 parseCommand(_:) - PARSECOMMAND: Successfully parsed command: ResizeCommand
[DEBUG] [2:33:44 PM] parseCommand.swift:5 parseCommand(_:) - PARSECOMMAND: Parsing command string: 'move-node-to-workspace 1'
[DEBUG] [2:33:44 PM] parseCommand.swift:11 parseCommand(_:) - PARSECOMMAND: Split into args: ["move-node-to-workspace", "1"]
[DEBUG] [2:33:44 PM] parseCommand.swift:19 parseCommand(_:) - PARSECOMMAND: Parsing command args: ["move-node-to-workspace", "1"]
[DEBUG] [2:33:44 PM] parseCmdArgs.swift:3 parseCmdArgs(_:) - PARSECMDARGS: Parsing args: ["move-node-to-workspace", "1"], subcommand: 'move-node-to-workspace'
[DEBUG] [2:33:44 PM] parseCmdArgs.swift:8 parseCmdArgs(_:) - PARSECMDARGS: Found parser for subcommand 'move-node-to-workspace'
[DEBUG] [2:33:44 PM] parseCmdArgs.swift:12 parseCmdArgs(_:) - PARSECMDARGS: Successfully parsed to MoveNodeToWorkspaceCmdArgs
[DEBUG] [2:33:44 PM] cmdManifest.swift:5 toCommand() - CMDMANIFEST: Converting CmdArgs to Command - kind: moveNodeToWorkspace
[DEBUG] [2:33:44 PM] cmdManifest.swift:84 toCommand() - CMDMANIFEST: Created command: MoveNodeToWorkspaceCommand
[DEBUG] [2:33:44 PM] parseCommand.swift:23 parseCommand(_:) - PARSECOMMAND: Successfully parsed command: MoveNodeToWorkspaceCommand
[DEBUG] [2:33:44 PM] parseCommand.swift:5 parseCommand(_:) - PARSECOMMAND: Parsing command string: 'move-node-to-workspace 2'
[DEBUG] [2:33:44 PM] parseCommand.swift:11 parseCommand(_:) - PARSECOMMAND: Split into args: ["move-node-to-workspace", "2"]
[DEBUG] [2:33:44 PM] parseCommand.swift:19 parseCommand(_:) - PARSECOMMAND: Parsing command args: ["move-node-to-workspace", "2"]
[DEBUG] [2:33:44 PM] parseCmdArgs.swift:3 parseCmdArgs(_:) - PARSECMDARGS: Parsing args: ["move-node-to-workspace", "2"], subcommand: 'move-node-to-workspace'
[DEBUG] [2:33:44 PM] parseCmdArgs.swift:8 parseCmdArgs(_:) - PARSECMDARGS: Found parser for subcommand 'move-node-to-workspace'
[DEBUG] [2:33:44 PM] parseCmdArgs.swift:12 parseCmdArgs(_:) - PARSECMDARGS: Successfully parsed to MoveNodeToWorkspaceCmdArgs
[DEBUG] [2:33:44 PM] cmdManifest.swift:5 toCommand() - CMDMANIFEST: Converting CmdArgs to Command - kind: moveNodeToWorkspace
[DEBUG] [2:33:44 PM] cmdManifest.swift:84 toCommand() - CMDMANIFEST: Created command: MoveNodeToWorkspaceCommand
[DEBUG] [2:33:44 PM] parseCommand.swift:23 parseCommand(_:) - PARSECOMMAND: Successfully parsed command: MoveNodeToWorkspaceCommand
[DEBUG] [2:33:44 PM] parseCommand.swift:5 parseCommand(_:) - PARSECOMMAND: Parsing command string: 'move-node-to-workspace 3'
[DEBUG] [2:33:44 PM] parseCommand.swift:11 parseCommand(_:) - PARSECOMMAND: Split into args: ["move-node-to-workspace", "3"]
[DEBUG] [2:33:44 PM] parseCommand.swift:19 parseCommand(_:) - PARSECOMMAND: Parsing command args: ["move-node-to-workspace", "3"]
[DEBUG] [2:33:44 PM] parseCmdArgs.swift:3 parseCmdArgs(_:) - PARSECMDARGS: Parsing args: ["move-node-to-workspace", "3"], subcommand: 'move-node-to-workspace'
[DEBUG] [2:33:44 PM] parseCmdArgs.swift:8 parseCmdArgs(_:) - PARSECMDARGS: Found parser for subcommand 'move-node-to-workspace'
[DEBUG] [2:33:44 PM] parseCmdArgs.swift:12 parseCmdArgs(_:) - PARSECMDARGS: Successfully parsed to MoveNodeToWorkspaceCmdArgs
[DEBUG] [2:33:44 PM] cmdManifest.swift:5 toCommand() - CMDMANIFEST: Converting CmdArgs to Command - kind: moveNodeToWorkspace
[DEBUG] [2:33:44 PM] cmdManifest.swift:84 toCommand() - CMDMANIFEST: Created command: MoveNodeToWorkspaceCommand
[DEBUG] [2:33:44 PM] parseCommand.swift:23 parseCommand(_:) - PARSECOMMAND: Successfully parsed command: MoveNodeToWorkspaceCommand
[DEBUG] [2:33:44 PM] parseCommand.swift:5 parseCommand(_:) - PARSECOMMAND: Parsing command string: 'move-node-to-workspace 4'
[DEBUG] [2:33:44 PM] parseCommand.swift:11 parseCommand(_:) - PARSECOMMAND: Split into args: ["move-node-to-workspace", "4"]
[DEBUG] [2:33:44 PM] parseCommand.swift:19 parseCommand(_:) - PARSECOMMAND: Parsing command args: ["move-node-to-workspace", "4"]
[DEBUG] [2:33:44 PM] parseCmdArgs.swift:3 parseCmdArgs(_:) - PARSECMDARGS: Parsing args: ["move-node-to-workspace", "4"], subcommand: 'move-node-to-workspace'
[DEBUG] [2:33:44 PM] parseCmdArgs.swift:8 parseCmdArgs(_:) - PARSECMDARGS: Found parser for subcommand 'move-node-to-workspace'
[DEBUG] [2:33:44 PM] parseCmdArgs.swift:12 parseCmdArgs(_:) - PARSECMDARGS: Successfully parsed to MoveNodeToWorkspaceCmdArgs
[DEBUG] [2:33:44 PM] cmdManifest.swift:5 toCommand() - CMDMANIFEST: Converting CmdArgs to Command - kind: moveNodeToWorkspace
[DEBUG] [2:33:44 PM] cmdManifest.swift:84 toCommand() - CMDMANIFEST: Created command: MoveNodeToWorkspaceCommand
[DEBUG] [2:33:44 PM] parseCommand.swift:23 parseCommand(_:) - PARSECOMMAND: Successfully parsed command: MoveNodeToWorkspaceCommand
[DEBUG] [2:33:44 PM] parseCommand.swift:5 parseCommand(_:) - PARSECOMMAND: Parsing command string: 'move-node-to-workspace A'
[DEBUG] [2:33:44 PM] parseCommand.swift:11 parseCommand(_:) - PARSECOMMAND: Split into args: ["move-node-to-workspace", "A"]
[DEBUG] [2:33:44 PM] parseCommand.swift:19 parseCommand(_:) - PARSECOMMAND: Parsing command args: ["move-node-to-workspace", "A"]
[DEBUG] [2:33:44 PM] parseCmdArgs.swift:3 parseCmdArgs(_:) - PARSECMDARGS: Parsing args: ["move-node-to-workspace", "A"], subcommand: 'move-node-to-workspace'
[DEBUG] [2:33:44 PM] parseCmdArgs.swift:8 parseCmdArgs(_:) - PARSECMDARGS: Found parser for subcommand 'move-node-to-workspace'
[DEBUG] [2:33:44 PM] parseCmdArgs.swift:12 parseCmdArgs(_:) - PARSECMDARGS: Successfully parsed to MoveNodeToWorkspaceCmdArgs
[DEBUG] [2:33:44 PM] cmdManifest.swift:5 toCommand() - CMDMANIFEST: Converting CmdArgs to Command - kind: moveNodeToWorkspace
[DEBUG] [2:33:44 PM] cmdManifest.swift:84 toCommand() - CMDMANIFEST: Created command: MoveNodeToWorkspaceCommand
[DEBUG] [2:33:44 PM] parseCommand.swift:23 parseCommand(_:) - PARSECOMMAND: Successfully parsed command: MoveNodeToWorkspaceCommand
[DEBUG] [2:33:44 PM] parseCommand.swift:5 parseCommand(_:) - PARSECOMMAND: Parsing command string: 'move left'
[DEBUG] [2:33:44 PM] parseCommand.swift:11 parseCommand(_:) - PARSECOMMAND: Split into args: ["move", "left"]
[DEBUG] [2:33:44 PM] parseCommand.swift:19 parseCommand(_:) - PARSECOMMAND: Parsing command args: ["move", "left"]
[DEBUG] [2:33:44 PM] parseCmdArgs.swift:3 parseCmdArgs(_:) - PARSECMDARGS: Parsing args: ["move", "left"], subcommand: 'move'
[DEBUG] [2:33:44 PM] parseCmdArgs.swift:8 parseCmdArgs(_:) - PARSECMDARGS: Found parser for subcommand 'move'
[DEBUG] [2:33:44 PM] parseCmdArgs.swift:12 parseCmdArgs(_:) - PARSECMDARGS: Successfully parsed to MoveCmdArgs
[DEBUG] [2:33:44 PM] cmdManifest.swift:5 toCommand() - CMDMANIFEST: Converting CmdArgs to Command - kind: move
[DEBUG] [2:33:44 PM] cmdManifest.swift:84 toCommand() - CMDMANIFEST: Created command: MoveCommand
[DEBUG] [2:33:44 PM] parseCommand.swift:23 parseCommand(_:) - PARSECOMMAND: Successfully parsed command: MoveCommand
[DEBUG] [2:33:44 PM] parseCommand.swift:5 parseCommand(_:) - PARSECOMMAND: Parsing command string: 'move down'
[DEBUG] [2:33:44 PM] parseCommand.swift:11 parseCommand(_:) - PARSECOMMAND: Split into args: ["move", "down"]
[DEBUG] [2:33:44 PM] parseCommand.swift:19 parseCommand(_:) - PARSECOMMAND: Parsing command args: ["move", "down"]
[DEBUG] [2:33:44 PM] parseCmdArgs.swift:3 parseCmdArgs(_:) - PARSECMDARGS: Parsing args: ["move", "down"], subcommand: 'move'
[DEBUG] [2:33:44 PM] parseCmdArgs.swift:8 parseCmdArgs(_:) - PARSECMDARGS: Found parser for subcommand 'move'
[DEBUG] [2:33:44 PM] parseCmdArgs.swift:12 parseCmdArgs(_:) - PARSECMDARGS: Successfully parsed to MoveCmdArgs
[DEBUG] [2:33:44 PM] cmdManifest.swift:5 toCommand() - CMDMANIFEST: Converting CmdArgs to Command - kind: move
[DEBUG] [2:33:44 PM] cmdManifest.swift:84 toCommand() - CMDMANIFEST: Created command: MoveCommand
[DEBUG] [2:33:44 PM] parseCommand.swift:23 parseCommand(_:) - PARSECOMMAND: Successfully parsed command: MoveCommand
[DEBUG] [2:33:44 PM] parseCommand.swift:5 parseCommand(_:) - PARSECOMMAND: Parsing command string: 'move up'
[DEBUG] [2:33:44 PM] parseCommand.swift:11 parseCommand(_:) - PARSECOMMAND: Split into args: ["move", "up"]
[DEBUG] [2:33:44 PM] parseCommand.swift:19 parseCommand(_:) - PARSECOMMAND: Parsing command args: ["move", "up"]
[DEBUG] [2:33:44 PM] parseCmdArgs.swift:3 parseCmdArgs(_:) - PARSECMDARGS: Parsing args: ["move", "up"], subcommand: 'move'
[DEBUG] [2:33:44 PM] parseCmdArgs.swift:8 parseCmdArgs(_:) - PARSECMDARGS: Found parser for subcommand 'move'
[DEBUG] [2:33:44 PM] parseCmdArgs.swift:12 parseCmdArgs(_:) - PARSECMDARGS: Successfully parsed to MoveCmdArgs
[DEBUG] [2:33:44 PM] cmdManifest.swift:5 toCommand() - CMDMANIFEST: Converting CmdArgs to Command - kind: move
[DEBUG] [2:33:44 PM] cmdManifest.swift:84 toCommand() - CMDMANIFEST: Created command: MoveCommand
[DEBUG] [2:33:44 PM] parseCommand.swift:23 parseCommand(_:) - PARSECOMMAND: Successfully parsed command: MoveCommand
[DEBUG] [2:33:44 PM] parseCommand.swift:5 parseCommand(_:) - PARSECOMMAND: Parsing command string: 'move right'
[DEBUG] [2:33:44 PM] parseCommand.swift:11 parseCommand(_:) - PARSECOMMAND: Split into args: ["move", "right"]
[DEBUG] [2:33:44 PM] parseCommand.swift:19 parseCommand(_:) - PARSECOMMAND: Parsing command args: ["move", "right"]
[DEBUG] [2:33:44 PM] parseCmdArgs.swift:3 parseCmdArgs(_:) - PARSECMDARGS: Parsing args: ["move", "right"], subcommand: 'move'
[DEBUG] [2:33:44 PM] parseCmdArgs.swift:8 parseCmdArgs(_:) - PARSECMDARGS: Found parser for subcommand 'move'
[DEBUG] [2:33:44 PM] parseCmdArgs.swift:12 parseCmdArgs(_:) - PARSECMDARGS: Successfully parsed to MoveCmdArgs
[DEBUG] [2:33:44 PM] cmdManifest.swift:5 toCommand() - CMDMANIFEST: Converting CmdArgs to Command - kind: move
[DEBUG] [2:33:44 PM] cmdManifest.swift:84 toCommand() - CMDMANIFEST: Created command: MoveCommand
[DEBUG] [2:33:44 PM] parseCommand.swift:23 parseCommand(_:) - PARSECOMMAND: Successfully parsed command: MoveCommand
[DEBUG] [2:33:44 PM] parseCommand.swift:5 parseCommand(_:) - PARSECOMMAND: Parsing command string: 'mode service'
[DEBUG] [2:33:44 PM] parseCommand.swift:11 parseCommand(_:) - PARSECOMMAND: Split into args: ["mode", "service"]
[DEBUG] [2:33:44 PM] parseCommand.swift:19 parseCommand(_:) - PARSECOMMAND: Parsing command args: ["mode", "service"]
[DEBUG] [2:33:44 PM] parseCmdArgs.swift:3 parseCmdArgs(_:) - PARSECMDARGS: Parsing args: ["mode", "service"], subcommand: 'mode'
[DEBUG] [2:33:44 PM] parseCmdArgs.swift:8 parseCmdArgs(_:) - PARSECMDARGS: Found parser for subcommand 'mode'
[DEBUG] [2:33:44 PM] parseCmdArgs.swift:12 parseCmdArgs(_:) - PARSECMDARGS: Successfully parsed to ModeCmdArgs
[DEBUG] [2:33:44 PM] cmdManifest.swift:5 toCommand() - CMDMANIFEST: Converting CmdArgs to Command - kind: mode
[DEBUG] [2:33:44 PM] cmdManifest.swift:84 toCommand() - CMDMANIFEST: Created command: ModeCommand
[DEBUG] [2:33:44 PM] parseCommand.swift:23 parseCommand(_:) - PARSECOMMAND: Successfully parsed command: ModeCommand
[DEBUG] [2:33:44 PM] parseCommand.swift:5 parseCommand(_:) - PARSECOMMAND: Parsing command string: 'move-workspace-to-monitor --wrap-around next'
[DEBUG] [2:33:44 PM] parseCommand.swift:11 parseCommand(_:) - PARSECOMMAND: Split into args: ["move-workspace-to-monitor", "--wrap-around", "next"]
[DEBUG] [2:33:44 PM] parseCommand.swift:19 parseCommand(_:) - PARSECOMMAND: Parsing command args: ["move-workspace-to-monitor", "--wrap-around", "next"]
[DEBUG] [2:33:44 PM] parseCmdArgs.swift:3 parseCmdArgs(_:) - PARSECMDARGS: Parsing args: ["move-workspace-to-monitor", "--wrap-around", "next"], subcommand: 'move-workspace-to-monitor'
[DEBUG] [2:33:44 PM] parseCmdArgs.swift:8 parseCmdArgs(_:) - PARSECMDARGS: Found parser for subcommand 'move-workspace-to-monitor'
[DEBUG] [2:33:44 PM] parseCmdArgs.swift:12 parseCmdArgs(_:) - PARSECMDARGS: Successfully parsed to MoveWorkspaceToMonitorCmdArgs
[DEBUG] [2:33:44 PM] cmdManifest.swift:5 toCommand() - CMDMANIFEST: Converting CmdArgs to Command - kind: moveWorkspaceToMonitor
[DEBUG] [2:33:44 PM] cmdManifest.swift:84 toCommand() - CMDMANIFEST: Created command: MoveWorkspaceToMonitorCommand
[DEBUG] [2:33:44 PM] parseCommand.swift:23 parseCommand(_:) - PARSECOMMAND: Successfully parsed command: MoveWorkspaceToMonitorCommand
[DEBUG] [2:33:44 PM] parseCommand.swift:5 parseCommand(_:) - PARSECOMMAND: Parsing command string: 'layout tiles horizontal vertical'
[DEBUG] [2:33:44 PM] parseCommand.swift:11 parseCommand(_:) - PARSECOMMAND: Split into args: ["layout", "tiles", "horizontal", "vertical"]
[DEBUG] [2:33:44 PM] parseCommand.swift:19 parseCommand(_:) - PARSECOMMAND: Parsing command args: ["layout", "tiles", "horizontal", "vertical"]
[DEBUG] [2:33:44 PM] parseCmdArgs.swift:3 parseCmdArgs(_:) - PARSECMDARGS: Parsing args: ["layout", "tiles", "horizontal", "vertical"], subcommand: 'layout'
[DEBUG] [2:33:44 PM] parseCmdArgs.swift:8 parseCmdArgs(_:) - PARSECMDARGS: Found parser for subcommand 'layout'
[DEBUG] [2:33:44 PM] parseCmdArgs.swift:12 parseCmdArgs(_:) - PARSECMDARGS: Successfully parsed to LayoutCmdArgs
[DEBUG] [2:33:44 PM] cmdManifest.swift:5 toCommand() - CMDMANIFEST: Converting CmdArgs to Command - kind: layout
[DEBUG] [2:33:44 PM] cmdManifest.swift:36 toCommand() - CMDMANIFEST: Creating LayoutCommand with toggleBetween: [Common.LayoutCmdArgs.LayoutDescription.tiles, Common.LayoutCmdArgs.LayoutDescription.horizontal, Common.LayoutCmdArgs.LayoutDescription.vertical]
[DEBUG] [2:33:44 PM] LayoutCommand.swift:9 init(args:) - COMMAND: LayoutCommand initialized with args: [Common.LayoutCmdArgs.LayoutDescription.tiles, Common.LayoutCmdArgs.LayoutDescription.horizontal, Common.LayoutCmdArgs.LayoutDescription.vertical]
[DEBUG] [2:33:44 PM] cmdManifest.swift:84 toCommand() - CMDMANIFEST: Created command: LayoutCommand
[DEBUG] [2:33:44 PM] parseCommand.swift:23 parseCommand(_:) - PARSECOMMAND: Successfully parsed command: LayoutCommand
[DEBUG] [2:33:44 PM] parseCommand.swift:5 parseCommand(_:) - PARSECOMMAND: Parsing command string: 'workspace-back-and-forth'
[DEBUG] [2:33:44 PM] parseCommand.swift:11 parseCommand(_:) - PARSECOMMAND: Split into args: ["workspace-back-and-forth"]
[DEBUG] [2:33:44 PM] parseCommand.swift:19 parseCommand(_:) - PARSECOMMAND: Parsing command args: ["workspace-back-and-forth"]
[DEBUG] [2:33:44 PM] parseCmdArgs.swift:3 parseCmdArgs(_:) - PARSECMDARGS: Parsing args: ["workspace-back-and-forth"], subcommand: 'workspace-back-and-forth'
[DEBUG] [2:33:44 PM] parseCmdArgs.swift:8 parseCmdArgs(_:) - PARSECMDARGS: Found parser for subcommand 'workspace-back-and-forth'
[DEBUG] [2:33:44 PM] parseCmdArgs.swift:12 parseCmdArgs(_:) - PARSECMDARGS: Successfully parsed to WorkspaceBackAndForthCmdArgs
[DEBUG] [2:33:44 PM] cmdManifest.swift:5 toCommand() - CMDMANIFEST: Converting CmdArgs to Command - kind: workspaceBackAndForth
[DEBUG] [2:33:44 PM] cmdManifest.swift:84 toCommand() - CMDMANIFEST: Created command: WorkspaceBackAndForthCommand
[DEBUG] [2:33:44 PM] parseCommand.swift:23 parseCommand(_:) - PARSECOMMAND: Successfully parsed command: WorkspaceBackAndForthCommand
[DEBUG] [2:33:44 PM] parseCommand.swift:5 parseCommand(_:) - PARSECOMMAND: Parsing command string: 'join-with left'
[DEBUG] [2:33:44 PM] parseCommand.swift:11 parseCommand(_:) - PARSECOMMAND: Split into args: ["join-with", "left"]
[DEBUG] [2:33:44 PM] parseCommand.swift:19 parseCommand(_:) - PARSECOMMAND: Parsing command args: ["join-with", "left"]
[DEBUG] [2:33:44 PM] parseCmdArgs.swift:3 parseCmdArgs(_:) - PARSECMDARGS: Parsing args: ["join-with", "left"], subcommand: 'join-with'
[DEBUG] [2:33:44 PM] parseCmdArgs.swift:8 parseCmdArgs(_:) - PARSECMDARGS: Found parser for subcommand 'join-with'
[DEBUG] [2:33:44 PM] parseCmdArgs.swift:12 parseCmdArgs(_:) - PARSECMDARGS: Successfully parsed to JoinWithCmdArgs
[DEBUG] [2:33:44 PM] cmdManifest.swift:5 toCommand() - CMDMANIFEST: Converting CmdArgs to Command - kind: joinWith
[DEBUG] [2:33:44 PM] cmdManifest.swift:84 toCommand() - CMDMANIFEST: Created command: JoinWithCommand
[DEBUG] [2:33:44 PM] parseCommand.swift:23 parseCommand(_:) - PARSECOMMAND: Successfully parsed command: JoinWithCommand
[DEBUG] [2:33:44 PM] parseCommand.swift:5 parseCommand(_:) - PARSECOMMAND: Parsing command string: 'mode main'
[DEBUG] [2:33:44 PM] parseCommand.swift:11 parseCommand(_:) - PARSECOMMAND: Split into args: ["mode", "main"]
[DEBUG] [2:33:44 PM] parseCommand.swift:19 parseCommand(_:) - PARSECOMMAND: Parsing command args: ["mode", "main"]
[DEBUG] [2:33:44 PM] parseCmdArgs.swift:3 parseCmdArgs(_:) - PARSECMDARGS: Parsing args: ["mode", "main"], subcommand: 'mode'
[DEBUG] [2:33:44 PM] parseCmdArgs.swift:8 parseCmdArgs(_:) - PARSECMDARGS: Found parser for subcommand 'mode'
[DEBUG] [2:33:44 PM] parseCmdArgs.swift:12 parseCmdArgs(_:) - PARSECMDARGS: Successfully parsed to ModeCmdArgs
[DEBUG] [2:33:44 PM] cmdManifest.swift:5 toCommand() - CMDMANIFEST: Converting CmdArgs to Command - kind: mode
[DEBUG] [2:33:44 PM] cmdManifest.swift:84 toCommand() - CMDMANIFEST: Created command: ModeCommand
[DEBUG] [2:33:44 PM] parseCommand.swift:23 parseCommand(_:) - PARSECOMMAND: Successfully parsed command: ModeCommand
[DEBUG] [2:33:44 PM] parseCommand.swift:5 parseCommand(_:) - PARSECOMMAND: Parsing command string: 'join-with down'
[DEBUG] [2:33:44 PM] parseCommand.swift:11 parseCommand(_:) - PARSECOMMAND: Split into args: ["join-with", "down"]
[DEBUG] [2:33:44 PM] parseCommand.swift:19 parseCommand(_:) - PARSECOMMAND: Parsing command args: ["join-with", "down"]
[DEBUG] [2:33:44 PM] parseCmdArgs.swift:3 parseCmdArgs(_:) - PARSECMDARGS: Parsing args: ["join-with", "down"], subcommand: 'join-with'
[DEBUG] [2:33:44 PM] parseCmdArgs.swift:8 parseCmdArgs(_:) - PARSECMDARGS: Found parser for subcommand 'join-with'
[DEBUG] [2:33:44 PM] parseCmdArgs.swift:12 parseCmdArgs(_:) - PARSECMDARGS: Successfully parsed to JoinWithCmdArgs
[DEBUG] [2:33:44 PM] cmdManifest.swift:5 toCommand() - CMDMANIFEST: Converting CmdArgs to Command - kind: joinWith
[DEBUG] [2:33:44 PM] cmdManifest.swift:84 toCommand() - CMDMANIFEST: Created command: JoinWithCommand
[DEBUG] [2:33:44 PM] parseCommand.swift:23 parseCommand(_:) - PARSECOMMAND: Successfully parsed command: JoinWithCommand
[DEBUG] [2:33:44 PM] parseCommand.swift:5 parseCommand(_:) - PARSECOMMAND: Parsing command string: 'mode main'
[DEBUG] [2:33:44 PM] parseCommand.swift:11 parseCommand(_:) - PARSECOMMAND: Split into args: ["mode", "main"]
[DEBUG] [2:33:44 PM] parseCommand.swift:19 parseCommand(_:) - PARSECOMMAND: Parsing command args: ["mode", "main"]
[DEBUG] [2:33:44 PM] parseCmdArgs.swift:3 parseCmdArgs(_:) - PARSECMDARGS: Parsing args: ["mode", "main"], subcommand: 'mode'
[DEBUG] [2:33:44 PM] parseCmdArgs.swift:8 parseCmdArgs(_:) - PARSECMDARGS: Found parser for subcommand 'mode'
[DEBUG] [2:33:44 PM] parseCmdArgs.swift:12 parseCmdArgs(_:) - PARSECMDARGS: Successfully parsed to ModeCmdArgs
[DEBUG] [2:33:44 PM] cmdManifest.swift:5 toCommand() - CMDMANIFEST: Converting CmdArgs to Command - kind: mode
[DEBUG] [2:33:44 PM] cmdManifest.swift:84 toCommand() - CMDMANIFEST: Created command: ModeCommand
[DEBUG] [2:33:44 PM] parseCommand.swift:23 parseCommand(_:) - PARSECOMMAND: Successfully parsed command: ModeCommand
[DEBUG] [2:33:44 PM] parseCommand.swift:5 parseCommand(_:) - PARSECOMMAND: Parsing command string: 'join-with up'
[DEBUG] [2:33:44 PM] parseCommand.swift:11 parseCommand(_:) - PARSECOMMAND: Split into args: ["join-with", "up"]
[DEBUG] [2:33:44 PM] parseCommand.swift:19 parseCommand(_:) - PARSECOMMAND: Parsing command args: ["join-with", "up"]
[DEBUG] [2:33:44 PM] parseCmdArgs.swift:3 parseCmdArgs(_:) - PARSECMDARGS: Parsing args: ["join-with", "up"], subcommand: 'join-with'
[DEBUG] [2:33:44 PM] parseCmdArgs.swift:8 parseCmdArgs(_:) - PARSECMDARGS: Found parser for subcommand 'join-with'
[DEBUG] [2:33:44 PM] parseCmdArgs.swift:12 parseCmdArgs(_:) - PARSECMDARGS: Successfully parsed to JoinWithCmdArgs
[DEBUG] [2:33:44 PM] cmdManifest.swift:5 toCommand() - CMDMANIFEST: Converting CmdArgs to Command - kind: joinWith
[DEBUG] [2:33:44 PM] cmdManifest.swift:84 toCommand() - CMDMANIFEST: Created command: JoinWithCommand
[DEBUG] [2:33:44 PM] parseCommand.swift:23 parseCommand(_:) - PARSECOMMAND: Successfully parsed command: JoinWithCommand
[DEBUG] [2:33:44 PM] parseCommand.swift:5 parseCommand(_:) - PARSECOMMAND: Parsing command string: 'mode main'
[DEBUG] [2:33:44 PM] parseCommand.swift:11 parseCommand(_:) - PARSECOMMAND: Split into args: ["mode", "main"]
[DEBUG] [2:33:44 PM] parseCommand.swift:19 parseCommand(_:) - PARSECOMMAND: Parsing command args: ["mode", "main"]
[DEBUG] [2:33:44 PM] parseCmdArgs.swift:3 parseCmdArgs(_:) - PARSECMDARGS: Parsing args: ["mode", "main"], subcommand: 'mode'
[DEBUG] [2:33:44 PM] parseCmdArgs.swift:8 parseCmdArgs(_:) - PARSECMDARGS: Found parser for subcommand 'mode'
[DEBUG] [2:33:44 PM] parseCmdArgs.swift:12 parseCmdArgs(_:) - PARSECMDARGS: Successfully parsed to ModeCmdArgs
[DEBUG] [2:33:44 PM] cmdManifest.swift:5 toCommand() - CMDMANIFEST: Converting CmdArgs to Command - kind: mode
[DEBUG] [2:33:44 PM] cmdManifest.swift:84 toCommand() - CMDMANIFEST: Created command: ModeCommand
[DEBUG] [2:33:44 PM] parseCommand.swift:23 parseCommand(_:) - PARSECOMMAND: Successfully parsed command: ModeCommand
[DEBUG] [2:33:44 PM] parseCommand.swift:5 parseCommand(_:) - PARSECOMMAND: Parsing command string: 'join-with right'
[DEBUG] [2:33:44 PM] parseCommand.swift:11 parseCommand(_:) - PARSECOMMAND: Split into args: ["join-with", "right"]
[DEBUG] [2:33:44 PM] parseCommand.swift:19 parseCommand(_:) - PARSECOMMAND: Parsing command args: ["join-with", "right"]
[DEBUG] [2:33:44 PM] parseCmdArgs.swift:3 parseCmdArgs(_:) - PARSECMDARGS: Parsing args: ["join-with", "right"], subcommand: 'join-with'
[DEBUG] [2:33:44 PM] parseCmdArgs.swift:8 parseCmdArgs(_:) - PARSECMDARGS: Found parser for subcommand 'join-with'
[DEBUG] [2:33:44 PM] parseCmdArgs.swift:12 parseCmdArgs(_:) - PARSECMDARGS: Successfully parsed to JoinWithCmdArgs
[DEBUG] [2:33:44 PM] cmdManifest.swift:5 toCommand() - CMDMANIFEST: Converting CmdArgs to Command - kind: joinWith
[DEBUG] [2:33:44 PM] cmdManifest.swift:84 toCommand() - CMDMANIFEST: Created command: JoinWithCommand
[DEBUG] [2:33:44 PM] parseCommand.swift:23 parseCommand(_:) - PARSECOMMAND: Successfully parsed command: JoinWithCommand
[DEBUG] [2:33:44 PM] parseCommand.swift:5 parseCommand(_:) - PARSECOMMAND: Parsing command string: 'mode main'
[DEBUG] [2:33:44 PM] parseCommand.swift:11 parseCommand(_:) - PARSECOMMAND: Split into args: ["mode", "main"]
[DEBUG] [2:33:44 PM] parseCommand.swift:19 parseCommand(_:) - PARSECOMMAND: Parsing command args: ["mode", "main"]
[DEBUG] [2:33:44 PM] parseCmdArgs.swift:3 parseCmdArgs(_:) - PARSECMDARGS: Parsing args: ["mode", "main"], subcommand: 'mode'
[DEBUG] [2:33:44 PM] parseCmdArgs.swift:8 parseCmdArgs(_:) - PARSECMDARGS: Found parser for subcommand 'mode'
[DEBUG] [2:33:44 PM] parseCmdArgs.swift:12 parseCmdArgs(_:) - PARSECMDARGS: Successfully parsed to ModeCmdArgs
[DEBUG] [2:33:44 PM] cmdManifest.swift:5 toCommand() - CMDMANIFEST: Converting CmdArgs to Command - kind: mode
[DEBUG] [2:33:44 PM] cmdManifest.swift:84 toCommand() - CMDMANIFEST: Created command: ModeCommand
[DEBUG] [2:33:44 PM] parseCommand.swift:23 parseCommand(_:) - PARSECOMMAND: Successfully parsed command: ModeCommand
[DEBUG] [2:33:44 PM] parseCommand.swift:5 parseCommand(_:) - PARSECOMMAND: Parsing command string: 'close-all-windows-but-current'
[DEBUG] [2:33:44 PM] parseCommand.swift:11 parseCommand(_:) - PARSECOMMAND: Split into args: ["close-all-windows-but-current"]
[DEBUG] [2:33:44 PM] parseCommand.swift:19 parseCommand(_:) - PARSECOMMAND: Parsing command args: ["close-all-windows-but-current"]
[DEBUG] [2:33:44 PM] parseCmdArgs.swift:3 parseCmdArgs(_:) - PARSECMDARGS: Parsing args: ["close-all-windows-but-current"], subcommand: 'close-all-windows-but-current'
[DEBUG] [2:33:44 PM] parseCmdArgs.swift:8 parseCmdArgs(_:) - PARSECMDARGS: Found parser for subcommand 'close-all-windows-but-current'
[DEBUG] [2:33:44 PM] parseCmdArgs.swift:12 parseCmdArgs(_:) - PARSECMDARGS: Successfully parsed to CloseAllWindowsButCurrentCmdArgs
[DEBUG] [2:33:44 PM] cmdManifest.swift:5 toCommand() - CMDMANIFEST: Converting CmdArgs to Command - kind: closeAllWindowsButCurrent
[DEBUG] [2:33:44 PM] cmdManifest.swift:84 toCommand() - CMDMANIFEST: Created command: CloseAllWindowsButCurrentCommand
[DEBUG] [2:33:44 PM] parseCommand.swift:23 parseCommand(_:) - PARSECOMMAND: Successfully parsed command: CloseAllWindowsButCurrentCommand
[DEBUG] [2:33:44 PM] parseCommand.swift:5 parseCommand(_:) - PARSECOMMAND: Parsing command string: 'mode main'
[DEBUG] [2:33:44 PM] parseCommand.swift:11 parseCommand(_:) - PARSECOMMAND: Split into args: ["mode", "main"]
[DEBUG] [2:33:44 PM] parseCommand.swift:19 parseCommand(_:) - PARSECOMMAND: Parsing command args: ["mode", "main"]
[DEBUG] [2:33:44 PM] parseCmdArgs.swift:3 parseCmdArgs(_:) - PARSECMDARGS: Parsing args: ["mode", "main"], subcommand: 'mode'
[DEBUG] [2:33:44 PM] parseCmdArgs.swift:8 parseCmdArgs(_:) - PARSECMDARGS: Found parser for subcommand 'mode'
[DEBUG] [2:33:44 PM] parseCmdArgs.swift:12 parseCmdArgs(_:) - PARSECMDARGS: Successfully parsed to ModeCmdArgs
[DEBUG] [2:33:44 PM] cmdManifest.swift:5 toCommand() - CMDMANIFEST: Converting CmdArgs to Command - kind: mode
[DEBUG] [2:33:44 PM] cmdManifest.swift:84 toCommand() - CMDMANIFEST: Created command: ModeCommand
[DEBUG] [2:33:44 PM] parseCommand.swift:23 parseCommand(_:) - PARSECOMMAND: Successfully parsed command: ModeCommand
[DEBUG] [2:33:44 PM] parseCommand.swift:5 parseCommand(_:) - PARSECOMMAND: Parsing command string: 'volume down'
[DEBUG] [2:33:44 PM] parseCommand.swift:11 parseCommand(_:) - PARSECOMMAND: Split into args: ["volume", "down"]
[DEBUG] [2:33:44 PM] parseCommand.swift:19 parseCommand(_:) - PARSECOMMAND: Parsing command args: ["volume", "down"]
[DEBUG] [2:33:44 PM] parseCmdArgs.swift:3 parseCmdArgs(_:) - PARSECMDARGS: Parsing args: ["volume", "down"], subcommand: 'volume'
[DEBUG] [2:33:44 PM] parseCmdArgs.swift:8 parseCmdArgs(_:) - PARSECMDARGS: Found parser for subcommand 'volume'
[DEBUG] [2:33:44 PM] parseCmdArgs.swift:12 parseCmdArgs(_:) - PARSECMDARGS: Successfully parsed to VolumeCmdArgs
[DEBUG] [2:33:44 PM] cmdManifest.swift:5 toCommand() - CMDMANIFEST: Converting CmdArgs to Command - kind: volume
[DEBUG] [2:33:44 PM] cmdManifest.swift:84 toCommand() - CMDMANIFEST: Created command: VolumeCommand
[DEBUG] [2:33:44 PM] parseCommand.swift:23 parseCommand(_:) - PARSECOMMAND: Successfully parsed command: VolumeCommand
[DEBUG] [2:33:44 PM] parseCommand.swift:5 parseCommand(_:) - PARSECOMMAND: Parsing command string: 'reload-config'
[DEBUG] [2:33:44 PM] parseCommand.swift:11 parseCommand(_:) - PARSECOMMAND: Split into args: ["reload-config"]
[DEBUG] [2:33:44 PM] parseCommand.swift:19 parseCommand(_:) - PARSECOMMAND: Parsing command args: ["reload-config"]
[DEBUG] [2:33:44 PM] parseCmdArgs.swift:3 parseCmdArgs(_:) - PARSECMDARGS: Parsing args: ["reload-config"], subcommand: 'reload-config'
[DEBUG] [2:33:44 PM] parseCmdArgs.swift:8 parseCmdArgs(_:) - PARSECMDARGS: Found parser for subcommand 'reload-config'
[DEBUG] [2:33:44 PM] parseCmdArgs.swift:12 parseCmdArgs(_:) - PARSECMDARGS: Successfully parsed to ReloadConfigCmdArgs
[DEBUG] [2:33:44 PM] cmdManifest.swift:5 toCommand() - CMDMANIFEST: Converting CmdArgs to Command - kind: reloadConfig
[DEBUG] [2:33:44 PM] cmdManifest.swift:84 toCommand() - CMDMANIFEST: Created command: ReloadConfigCommand
[DEBUG] [2:33:44 PM] parseCommand.swift:23 parseCommand(_:) - PARSECOMMAND: Successfully parsed command: ReloadConfigCommand
[DEBUG] [2:33:44 PM] parseCommand.swift:5 parseCommand(_:) - PARSECOMMAND: Parsing command string: 'mode main'
[DEBUG] [2:33:44 PM] parseCommand.swift:11 parseCommand(_:) - PARSECOMMAND: Split into args: ["mode", "main"]
[DEBUG] [2:33:44 PM] parseCommand.swift:19 parseCommand(_:) - PARSECOMMAND: Parsing command args: ["mode", "main"]
[DEBUG] [2:33:44 PM] parseCmdArgs.swift:3 parseCmdArgs(_:) - PARSECMDARGS: Parsing args: ["mode", "main"], subcommand: 'mode'
[DEBUG] [2:33:44 PM] parseCmdArgs.swift:8 parseCmdArgs(_:) - PARSECMDARGS: Found parser for subcommand 'mode'
[DEBUG] [2:33:44 PM] parseCmdArgs.swift:12 parseCmdArgs(_:) - PARSECMDARGS: Successfully parsed to ModeCmdArgs
[DEBUG] [2:33:44 PM] cmdManifest.swift:5 toCommand() - CMDMANIFEST: Converting CmdArgs to Command - kind: mode
[DEBUG] [2:33:44 PM] cmdManifest.swift:84 toCommand() - CMDMANIFEST: Created command: ModeCommand
[DEBUG] [2:33:44 PM] parseCommand.swift:23 parseCommand(_:) - PARSECOMMAND: Successfully parsed command: ModeCommand
[DEBUG] [2:33:44 PM] parseCommand.swift:5 parseCommand(_:) - PARSECOMMAND: Parsing command string: 'layout floating tiling'
[DEBUG] [2:33:44 PM] parseCommand.swift:11 parseCommand(_:) - PARSECOMMAND: Split into args: ["layout", "floating", "tiling"]
[DEBUG] [2:33:44 PM] parseCommand.swift:19 parseCommand(_:) - PARSECOMMAND: Parsing command args: ["layout", "floating", "tiling"]
[DEBUG] [2:33:44 PM] parseCmdArgs.swift:3 parseCmdArgs(_:) - PARSECMDARGS: Parsing args: ["layout", "floating", "tiling"], subcommand: 'layout'
[DEBUG] [2:33:44 PM] parseCmdArgs.swift:8 parseCmdArgs(_:) - PARSECMDARGS: Found parser for subcommand 'layout'
[DEBUG] [2:33:44 PM] parseCmdArgs.swift:12 parseCmdArgs(_:) - PARSECMDARGS: Successfully parsed to LayoutCmdArgs
[DEBUG] [2:33:44 PM] cmdManifest.swift:5 toCommand() - CMDMANIFEST: Converting CmdArgs to Command - kind: layout
[DEBUG] [2:33:44 PM] cmdManifest.swift:36 toCommand() - CMDMANIFEST: Creating LayoutCommand with toggleBetween: [Common.LayoutCmdArgs.LayoutDescription.floating, Common.LayoutCmdArgs.LayoutDescription.tiling]
[DEBUG] [2:33:44 PM] LayoutCommand.swift:9 init(args:) - COMMAND: LayoutCommand initialized with args: [Common.LayoutCmdArgs.LayoutDescription.floating, Common.LayoutCmdArgs.LayoutDescription.tiling]
[DEBUG] [2:33:44 PM] cmdManifest.swift:84 toCommand() - CMDMANIFEST: Created command: LayoutCommand
[DEBUG] [2:33:44 PM] parseCommand.swift:23 parseCommand(_:) - PARSECOMMAND: Successfully parsed command: LayoutCommand
[DEBUG] [2:33:44 PM] parseCommand.swift:5 parseCommand(_:) - PARSECOMMAND: Parsing command string: 'mode main'
[DEBUG] [2:33:44 PM] parseCommand.swift:11 parseCommand(_:) - PARSECOMMAND: Split into args: ["mode", "main"]
[DEBUG] [2:33:44 PM] parseCommand.swift:19 parseCommand(_:) - PARSECOMMAND: Parsing command args: ["mode", "main"]
[DEBUG] [2:33:44 PM] parseCmdArgs.swift:3 parseCmdArgs(_:) - PARSECMDARGS: Parsing args: ["mode", "main"], subcommand: 'mode'
[DEBUG] [2:33:44 PM] parseCmdArgs.swift:8 parseCmdArgs(_:) - PARSECMDARGS: Found parser for subcommand 'mode'
[DEBUG] [2:33:44 PM] parseCmdArgs.swift:12 parseCmdArgs(_:) - PARSECMDARGS: Successfully parsed to ModeCmdArgs
[DEBUG] [2:33:44 PM] cmdManifest.swift:5 toCommand() - CMDMANIFEST: Converting CmdArgs to Command - kind: mode
[DEBUG] [2:33:44 PM] cmdManifest.swift:84 toCommand() - CMDMANIFEST: Created command: ModeCommand
[DEBUG] [2:33:44 PM] parseCommand.swift:23 parseCommand(_:) - PARSECOMMAND: Successfully parsed command: ModeCommand
[DEBUG] [2:33:44 PM] parseCommand.swift:5 parseCommand(_:) - PARSECOMMAND: Parsing command string: 'flatten-workspace-tree'
[DEBUG] [2:33:44 PM] parseCommand.swift:11 parseCommand(_:) - PARSECOMMAND: Split into args: ["flatten-workspace-tree"]
[DEBUG] [2:33:44 PM] parseCommand.swift:19 parseCommand(_:) - PARSECOMMAND: Parsing command args: ["flatten-workspace-tree"]
[DEBUG] [2:33:44 PM] parseCmdArgs.swift:3 parseCmdArgs(_:) - PARSECMDARGS: Parsing args: ["flatten-workspace-tree"], subcommand: 'flatten-workspace-tree'
[DEBUG] [2:33:44 PM] parseCmdArgs.swift:8 parseCmdArgs(_:) - PARSECMDARGS: Found parser for subcommand 'flatten-workspace-tree'
[DEBUG] [2:33:44 PM] parseCmdArgs.swift:12 parseCmdArgs(_:) - PARSECMDARGS: Successfully parsed to FlattenWorkspaceTreeCmdArgs
[DEBUG] [2:33:44 PM] cmdManifest.swift:5 toCommand() - CMDMANIFEST: Converting CmdArgs to Command - kind: flattenWorkspaceTree
[DEBUG] [2:33:44 PM] cmdManifest.swift:84 toCommand() - CMDMANIFEST: Created command: FlattenWorkspaceTreeCommand
[DEBUG] [2:33:44 PM] parseCommand.swift:23 parseCommand(_:) - PARSECOMMAND: Successfully parsed command: FlattenWorkspaceTreeCommand
[DEBUG] [2:33:44 PM] parseCommand.swift:5 parseCommand(_:) - PARSECOMMAND: Parsing command string: 'mode main'
[DEBUG] [2:33:44 PM] parseCommand.swift:11 parseCommand(_:) - PARSECOMMAND: Split into args: ["mode", "main"]
[DEBUG] [2:33:44 PM] parseCommand.swift:19 parseCommand(_:) - PARSECOMMAND: Parsing command args: ["mode", "main"]
[DEBUG] [2:33:44 PM] parseCmdArgs.swift:3 parseCmdArgs(_:) - PARSECMDARGS: Parsing args: ["mode", "main"], subcommand: 'mode'
[DEBUG] [2:33:44 PM] parseCmdArgs.swift:8 parseCmdArgs(_:) - PARSECMDARGS: Found parser for subcommand 'mode'
[DEBUG] [2:33:44 PM] parseCmdArgs.swift:12 parseCmdArgs(_:) - PARSECMDARGS: Successfully parsed to ModeCmdArgs
[DEBUG] [2:33:44 PM] cmdManifest.swift:5 toCommand() - CMDMANIFEST: Converting CmdArgs to Command - kind: mode
[DEBUG] [2:33:44 PM] cmdManifest.swift:84 toCommand() - CMDMANIFEST: Created command: ModeCommand
[DEBUG] [2:33:44 PM] parseCommand.swift:23 parseCommand(_:) - PARSECOMMAND: Successfully parsed command: ModeCommand
[DEBUG] [2:33:44 PM] parseCommand.swift:5 parseCommand(_:) - PARSECOMMAND: Parsing command string: 'volume set 0'
[DEBUG] [2:33:44 PM] parseCommand.swift:11 parseCommand(_:) - PARSECOMMAND: Split into args: ["volume", "set", "0"]
[DEBUG] [2:33:44 PM] parseCommand.swift:19 parseCommand(_:) - PARSECOMMAND: Parsing command args: ["volume", "set", "0"]
[DEBUG] [2:33:44 PM] parseCmdArgs.swift:3 parseCmdArgs(_:) - PARSECMDARGS: Parsing args: ["volume", "set", "0"], subcommand: 'volume'
[DEBUG] [2:33:44 PM] parseCmdArgs.swift:8 parseCmdArgs(_:) - PARSECMDARGS: Found parser for subcommand 'volume'
[DEBUG] [2:33:44 PM] parseCmdArgs.swift:12 parseCmdArgs(_:) - PARSECMDARGS: Successfully parsed to VolumeCmdArgs
[DEBUG] [2:33:44 PM] cmdManifest.swift:5 toCommand() - CMDMANIFEST: Converting CmdArgs to Command - kind: volume
[DEBUG] [2:33:44 PM] cmdManifest.swift:84 toCommand() - CMDMANIFEST: Created command: VolumeCommand
[DEBUG] [2:33:44 PM] parseCommand.swift:23 parseCommand(_:) - PARSECOMMAND: Successfully parsed command: VolumeCommand
[DEBUG] [2:33:44 PM] parseCommand.swift:5 parseCommand(_:) - PARSECOMMAND: Parsing command string: 'mode main'
[DEBUG] [2:33:44 PM] parseCommand.swift:11 parseCommand(_:) - PARSECOMMAND: Split into args: ["mode", "main"]
[DEBUG] [2:33:44 PM] parseCommand.swift:19 parseCommand(_:) - PARSECOMMAND: Parsing command args: ["mode", "main"]
[DEBUG] [2:33:44 PM] parseCmdArgs.swift:3 parseCmdArgs(_:) - PARSECMDARGS: Parsing args: ["mode", "main"], subcommand: 'mode'
[DEBUG] [2:33:44 PM] parseCmdArgs.swift:8 parseCmdArgs(_:) - PARSECMDARGS: Found parser for subcommand 'mode'
[DEBUG] [2:33:44 PM] parseCmdArgs.swift:12 parseCmdArgs(_:) - PARSECMDARGS: Successfully parsed to ModeCmdArgs
[DEBUG] [2:33:44 PM] cmdManifest.swift:5 toCommand() - CMDMANIFEST: Converting CmdArgs to Command - kind: mode
[DEBUG] [2:33:44 PM] cmdManifest.swift:84 toCommand() - CMDMANIFEST: Created command: ModeCommand
[DEBUG] [2:33:44 PM] parseCommand.swift:23 parseCommand(_:) - PARSECOMMAND: Successfully parsed command: ModeCommand
[DEBUG] [2:33:44 PM] parseCommand.swift:5 parseCommand(_:) - PARSECOMMAND: Parsing command string: 'volume up'
[DEBUG] [2:33:44 PM] parseCommand.swift:11 parseCommand(_:) - PARSECOMMAND: Split into args: ["volume", "up"]
[DEBUG] [2:33:44 PM] parseCommand.swift:19 parseCommand(_:) - PARSECOMMAND: Parsing command args: ["volume", "up"]
[DEBUG] [2:33:44 PM] parseCmdArgs.swift:3 parseCmdArgs(_:) - PARSECMDARGS: Parsing args: ["volume", "up"], subcommand: 'volume'
[DEBUG] [2:33:44 PM] parseCmdArgs.swift:8 parseCmdArgs(_:) - PARSECMDARGS: Found parser for subcommand 'volume'
[DEBUG] [2:33:44 PM] parseCmdArgs.swift:12 parseCmdArgs(_:) - PARSECMDARGS: Successfully parsed to VolumeCmdArgs
[DEBUG] [2:33:44 PM] cmdManifest.swift:5 toCommand() - CMDMANIFEST: Converting CmdArgs to Command - kind: volume
[DEBUG] [2:33:44 PM] cmdManifest.swift:84 toCommand() - CMDMANIFEST: Created command: VolumeCommand
[DEBUG] [2:33:44 PM] parseCommand.swift:23 parseCommand(_:) - PARSECOMMAND: Successfully parsed command: VolumeCommand
[DEBUG] [2:33:44 PM] parseCommand.swift:5 parseCommand(_:) - PARSECOMMAND: Parsing command string: 'move-mouse monitor-lazy-center'
[DEBUG] [2:33:44 PM] parseCommand.swift:11 parseCommand(_:) - PARSECOMMAND: Split into args: ["move-mouse", "monitor-lazy-center"]
[DEBUG] [2:33:44 PM] parseCommand.swift:19 parseCommand(_:) - PARSECOMMAND: Parsing command args: ["move-mouse", "monitor-lazy-center"]
[DEBUG] [2:33:44 PM] parseCmdArgs.swift:3 parseCmdArgs(_:) - PARSECMDARGS: Parsing args: ["move-mouse", "monitor-lazy-center"], subcommand: 'move-mouse'
[DEBUG] [2:33:44 PM] parseCmdArgs.swift:8 parseCmdArgs(_:) - PARSECMDARGS: Found parser for subcommand 'move-mouse'
[DEBUG] [2:33:44 PM] parseCmdArgs.swift:12 parseCmdArgs(_:) - PARSECMDARGS: Successfully parsed to MoveMouseCmdArgs
[DEBUG] [2:33:44 PM] cmdManifest.swift:5 toCommand() - CMDMANIFEST: Converting CmdArgs to Command - kind: moveMouse
[DEBUG] [2:33:44 PM] cmdManifest.swift:84 toCommand() - CMDMANIFEST: Created command: MoveMouseCommand
[DEBUG] [2:33:44 PM] parseCommand.swift:23 parseCommand(_:) - PARSECOMMAND: Successfully parsed command: MoveMouseCommand
[DEBUG] [2:33:44 PM] parseCommand.swift:5 parseCommand(_:) - PARSECOMMAND: Parsing command string: 'workspace 1'
[DEBUG] [2:33:44 PM] parseCommand.swift:11 parseCommand(_:) - PARSECOMMAND: Split into args: ["workspace", "1"]
[DEBUG] [2:33:44 PM] parseCommand.swift:19 parseCommand(_:) - PARSECOMMAND: Parsing command args: ["workspace", "1"]
[DEBUG] [2:33:44 PM] parseCmdArgs.swift:3 parseCmdArgs(_:) - PARSECMDARGS: Parsing args: ["workspace", "1"], subcommand: 'workspace'
[DEBUG] [2:33:44 PM] parseCmdArgs.swift:8 parseCmdArgs(_:) - PARSECMDARGS: Found parser for subcommand 'workspace'
[DEBUG] [2:33:44 PM] parseCmdArgs.swift:12 parseCmdArgs(_:) - PARSECMDARGS: Successfully parsed to WorkspaceCmdArgs
[DEBUG] [2:33:44 PM] cmdManifest.swift:5 toCommand() - CMDMANIFEST: Converting CmdArgs to Command - kind: workspace
[DEBUG] [2:33:44 PM] cmdManifest.swift:84 toCommand() - CMDMANIFEST: Created command: WorkspaceCommand
[DEBUG] [2:33:44 PM] parseCommand.swift:23 parseCommand(_:) - PARSECOMMAND: Successfully parsed command: WorkspaceCommand
[DEBUG] [2:33:44 PM] parseCommand.swift:5 parseCommand(_:) - PARSECOMMAND: Parsing command string: 'workspace 2'
[DEBUG] [2:33:44 PM] parseCommand.swift:11 parseCommand(_:) - PARSECOMMAND: Split into args: ["workspace", "2"]
[DEBUG] [2:33:44 PM] parseCommand.swift:19 parseCommand(_:) - PARSECOMMAND: Parsing command args: ["workspace", "2"]
[DEBUG] [2:33:44 PM] parseCmdArgs.swift:3 parseCmdArgs(_:) - PARSECMDARGS: Parsing args: ["workspace", "2"], subcommand: 'workspace'
[DEBUG] [2:33:44 PM] parseCmdArgs.swift:8 parseCmdArgs(_:) - PARSECMDARGS: Found parser for subcommand 'workspace'
[DEBUG] [2:33:44 PM] parseCmdArgs.swift:12 parseCmdArgs(_:) - PARSECMDARGS: Successfully parsed to WorkspaceCmdArgs
[DEBUG] [2:33:44 PM] cmdManifest.swift:5 toCommand() - CMDMANIFEST: Converting CmdArgs to Command - kind: workspace
[DEBUG] [2:33:44 PM] cmdManifest.swift:84 toCommand() - CMDMANIFEST: Created command: WorkspaceCommand
[DEBUG] [2:33:44 PM] parseCommand.swift:23 parseCommand(_:) - PARSECOMMAND: Successfully parsed command: WorkspaceCommand
[DEBUG] [2:33:44 PM] parseCommand.swift:5 parseCommand(_:) - PARSECOMMAND: Parsing command string: 'workspace 3'
[DEBUG] [2:33:44 PM] parseCommand.swift:11 parseCommand(_:) - PARSECOMMAND: Split into args: ["workspace", "3"]
[DEBUG] [2:33:44 PM] parseCommand.swift:19 parseCommand(_:) - PARSECOMMAND: Parsing command args: ["workspace", "3"]
[DEBUG] [2:33:44 PM] parseCmdArgs.swift:3 parseCmdArgs(_:) - PARSECMDARGS: Parsing args: ["workspace", "3"], subcommand: 'workspace'
[DEBUG] [2:33:44 PM] parseCmdArgs.swift:8 parseCmdArgs(_:) - PARSECMDARGS: Found parser for subcommand 'workspace'
[DEBUG] [2:33:44 PM] parseCmdArgs.swift:12 parseCmdArgs(_:) - PARSECMDARGS: Successfully parsed to WorkspaceCmdArgs
[DEBUG] [2:33:44 PM] cmdManifest.swift:5 toCommand() - CMDMANIFEST: Converting CmdArgs to Command - kind: workspace
[DEBUG] [2:33:44 PM] cmdManifest.swift:84 toCommand() - CMDMANIFEST: Created command: WorkspaceCommand
[DEBUG] [2:33:44 PM] parseCommand.swift:23 parseCommand(_:) - PARSECOMMAND: Successfully parsed command: WorkspaceCommand
[DEBUG] [2:33:44 PM] parseCommand.swift:5 parseCommand(_:) - PARSECOMMAND: Parsing command string: 'workspace 4'
[DEBUG] [2:33:44 PM] parseCommand.swift:11 parseCommand(_:) - PARSECOMMAND: Split into args: ["workspace", "4"]
[DEBUG] [2:33:44 PM] parseCommand.swift:19 parseCommand(_:) - PARSECOMMAND: Parsing command args: ["workspace", "4"]
[DEBUG] [2:33:44 PM] parseCmdArgs.swift:3 parseCmdArgs(_:) - PARSECMDARGS: Parsing args: ["workspace", "4"], subcommand: 'workspace'
[DEBUG] [2:33:44 PM] parseCmdArgs.swift:8 parseCmdArgs(_:) - PARSECMDARGS: Found parser for subcommand 'workspace'
[DEBUG] [2:33:44 PM] parseCmdArgs.swift:12 parseCmdArgs(_:) - PARSECMDARGS: Successfully parsed to WorkspaceCmdArgs
[DEBUG] [2:33:44 PM] cmdManifest.swift:5 toCommand() - CMDMANIFEST: Converting CmdArgs to Command - kind: workspace
[DEBUG] [2:33:44 PM] cmdManifest.swift:84 toCommand() - CMDMANIFEST: Created command: WorkspaceCommand
[DEBUG] [2:33:44 PM] parseCommand.swift:23 parseCommand(_:) - PARSECOMMAND: Successfully parsed command: WorkspaceCommand
[DEBUG] [2:33:44 PM] parseCommand.swift:5 parseCommand(_:) - PARSECOMMAND: Parsing command string: 'workspace 5'
[DEBUG] [2:33:44 PM] parseCommand.swift:11 parseCommand(_:) - PARSECOMMAND: Split into args: ["workspace", "5"]
[DEBUG] [2:33:44 PM] parseCommand.swift:19 parseCommand(_:) - PARSECOMMAND: Parsing command args: ["workspace", "5"]
[DEBUG] [2:33:44 PM] parseCmdArgs.swift:3 parseCmdArgs(_:) - PARSECMDARGS: Parsing args: ["workspace", "5"], subcommand: 'workspace'
[DEBUG] [2:33:44 PM] parseCmdArgs.swift:8 parseCmdArgs(_:) - PARSECMDARGS: Found parser for subcommand 'workspace'
[DEBUG] [2:33:44 PM] parseCmdArgs.swift:12 parseCmdArgs(_:) - PARSECMDARGS: Successfully parsed to WorkspaceCmdArgs
[DEBUG] [2:33:44 PM] cmdManifest.swift:5 toCommand() - CMDMANIFEST: Converting CmdArgs to Command - kind: workspace
[DEBUG] [2:33:44 PM] cmdManifest.swift:84 toCommand() - CMDMANIFEST: Created command: WorkspaceCommand
[DEBUG] [2:33:44 PM] parseCommand.swift:23 parseCommand(_:) - PARSECOMMAND: Successfully parsed command: WorkspaceCommand
[DEBUG] [2:33:44 PM] parseCommand.swift:5 parseCommand(_:) - PARSECOMMAND: Parsing command string: 'workspace 6'
[DEBUG] [2:33:44 PM] parseCommand.swift:11 parseCommand(_:) - PARSECOMMAND: Split into args: ["workspace", "6"]
[DEBUG] [2:33:44 PM] parseCommand.swift:19 parseCommand(_:) - PARSECOMMAND: Parsing command args: ["workspace", "6"]
[DEBUG] [2:33:44 PM] parseCmdArgs.swift:3 parseCmdArgs(_:) - PARSECMDARGS: Parsing args: ["workspace", "6"], subcommand: 'workspace'
[DEBUG] [2:33:44 PM] parseCmdArgs.swift:8 parseCmdArgs(_:) - PARSECMDARGS: Found parser for subcommand 'workspace'
[DEBUG] [2:33:44 PM] parseCmdArgs.swift:12 parseCmdArgs(_:) - PARSECMDARGS: Successfully parsed to WorkspaceCmdArgs
[DEBUG] [2:33:44 PM] cmdManifest.swift:5 toCommand() - CMDMANIFEST: Converting CmdArgs to Command - kind: workspace
[DEBUG] [2:33:44 PM] cmdManifest.swift:84 toCommand() - CMDMANIFEST: Created command: WorkspaceCommand
[DEBUG] [2:33:44 PM] parseCommand.swift:23 parseCommand(_:) - PARSECOMMAND: Successfully parsed command: WorkspaceCommand
[DEBUG] [2:33:44 PM] parseCommand.swift:5 parseCommand(_:) - PARSECOMMAND: Parsing command string: 'workspace 7'
[DEBUG] [2:33:44 PM] parseCommand.swift:11 parseCommand(_:) - PARSECOMMAND: Split into args: ["workspace", "7"]
[DEBUG] [2:33:44 PM] parseCommand.swift:19 parseCommand(_:) - PARSECOMMAND: Parsing command args: ["workspace", "7"]
[DEBUG] [2:33:44 PM] parseCmdArgs.swift:3 parseCmdArgs(_:) - PARSECMDARGS: Parsing args: ["workspace", "7"], subcommand: 'workspace'
[DEBUG] [2:33:44 PM] parseCmdArgs.swift:8 parseCmdArgs(_:) - PARSECMDARGS: Found parser for subcommand 'workspace'
[DEBUG] [2:33:44 PM] parseCmdArgs.swift:12 parseCmdArgs(_:) - PARSECMDARGS: Successfully parsed to WorkspaceCmdArgs
[DEBUG] [2:33:44 PM] cmdManifest.swift:5 toCommand() - CMDMANIFEST: Converting CmdArgs to Command - kind: workspace
[DEBUG] [2:33:44 PM] cmdManifest.swift:84 toCommand() - CMDMANIFEST: Created command: WorkspaceCommand
[DEBUG] [2:33:44 PM] parseCommand.swift:23 parseCommand(_:) - PARSECOMMAND: Successfully parsed command: WorkspaceCommand
[DEBUG] [2:33:44 PM] parseCommand.swift:5 parseCommand(_:) - PARSECOMMAND: Parsing command string: 'workspace 8'
[DEBUG] [2:33:44 PM] parseCommand.swift:11 parseCommand(_:) - PARSECOMMAND: Split into args: ["workspace", "8"]
[DEBUG] [2:33:44 PM] parseCommand.swift:19 parseCommand(_:) - PARSECOMMAND: Parsing command args: ["workspace", "8"]
[DEBUG] [2:33:44 PM] parseCmdArgs.swift:3 parseCmdArgs(_:) - PARSECMDARGS: Parsing args: ["workspace", "8"], subcommand: 'workspace'
[DEBUG] [2:33:44 PM] parseCmdArgs.swift:8 parseCmdArgs(_:) - PARSECMDARGS: Found parser for subcommand 'workspace'
[DEBUG] [2:33:44 PM] parseCmdArgs.swift:12 parseCmdArgs(_:) - PARSECMDARGS: Successfully parsed to WorkspaceCmdArgs
[DEBUG] [2:33:44 PM] cmdManifest.swift:5 toCommand() - CMDMANIFEST: Converting CmdArgs to Command - kind: workspace
[DEBUG] [2:33:44 PM] cmdManifest.swift:84 toCommand() - CMDMANIFEST: Created command: WorkspaceCommand
[DEBUG] [2:33:44 PM] parseCommand.swift:23 parseCommand(_:) - PARSECOMMAND: Successfully parsed command: WorkspaceCommand
[DEBUG] [2:33:44 PM] parseCommand.swift:5 parseCommand(_:) - PARSECOMMAND: Parsing command string: 'workspace 9'
[DEBUG] [2:33:44 PM] parseCommand.swift:11 parseCommand(_:) - PARSECOMMAND: Split into args: ["workspace", "9"]
[DEBUG] [2:33:44 PM] parseCommand.swift:19 parseCommand(_:) - PARSECOMMAND: Parsing command args: ["workspace", "9"]
[DEBUG] [2:33:44 PM] parseCmdArgs.swift:3 parseCmdArgs(_:) - PARSECMDARGS: Parsing args: ["workspace", "9"], subcommand: 'workspace'
[DEBUG] [2:33:44 PM] parseCmdArgs.swift:8 parseCmdArgs(_:) - PARSECMDARGS: Found parser for subcommand 'workspace'
[DEBUG] [2:33:44 PM] parseCmdArgs.swift:12 parseCmdArgs(_:) - PARSECMDARGS: Successfully parsed to WorkspaceCmdArgs
[DEBUG] [2:33:44 PM] cmdManifest.swift:5 toCommand() - CMDMANIFEST: Converting CmdArgs to Command - kind: workspace
[DEBUG] [2:33:44 PM] cmdManifest.swift:84 toCommand() - CMDMANIFEST: Created command: WorkspaceCommand
[DEBUG] [2:33:44 PM] parseCommand.swift:23 parseCommand(_:) - PARSECOMMAND: Successfully parsed command: WorkspaceCommand
[DEBUG] [2:33:44 PM] parseCommand.swift:5 parseCommand(_:) - PARSECOMMAND: Parsing command string: 'workspace A'
[DEBUG] [2:33:44 PM] parseCommand.swift:11 parseCommand(_:) - PARSECOMMAND: Split into args: ["workspace", "A"]
[DEBUG] [2:33:44 PM] parseCommand.swift:19 parseCommand(_:) - PARSECOMMAND: Parsing command args: ["workspace", "A"]
[DEBUG] [2:33:44 PM] parseCmdArgs.swift:3 parseCmdArgs(_:) - PARSECMDARGS: Parsing args: ["workspace", "A"], subcommand: 'workspace'
[DEBUG] [2:33:44 PM] parseCmdArgs.swift:8 parseCmdArgs(_:) - PARSECMDARGS: Found parser for subcommand 'workspace'
[DEBUG] [2:33:44 PM] parseCmdArgs.swift:12 parseCmdArgs(_:) - PARSECMDARGS: Successfully parsed to WorkspaceCmdArgs
[DEBUG] [2:33:44 PM] cmdManifest.swift:5 toCommand() - CMDMANIFEST: Converting CmdArgs to Command - kind: workspace
[DEBUG] [2:33:44 PM] cmdManifest.swift:84 toCommand() - CMDMANIFEST: Created command: WorkspaceCommand
[DEBUG] [2:33:44 PM] parseCommand.swift:23 parseCommand(_:) - PARSECOMMAND: Successfully parsed command: WorkspaceCommand
[DEBUG] [2:33:44 PM] parseCommand.swift:5 parseCommand(_:) - PARSECOMMAND: Parsing command string: 'workspace B'
[DEBUG] [2:33:44 PM] parseCommand.swift:11 parseCommand(_:) - PARSECOMMAND: Split into args: ["workspace", "B"]
[DEBUG] [2:33:44 PM] parseCommand.swift:19 parseCommand(_:) - PARSECOMMAND: Parsing command args: ["workspace", "B"]
[DEBUG] [2:33:44 PM] parseCmdArgs.swift:3 parseCmdArgs(_:) - PARSECMDARGS: Parsing args: ["workspace", "B"], subcommand: 'workspace'
[DEBUG] [2:33:44 PM] parseCmdArgs.swift:8 parseCmdArgs(_:) - PARSECMDARGS: Found parser for subcommand 'workspace'
[DEBUG] [2:33:44 PM] parseCmdArgs.swift:12 parseCmdArgs(_:) - PARSECMDARGS: Successfully parsed to WorkspaceCmdArgs
[DEBUG] [2:33:44 PM] cmdManifest.swift:5 toCommand() - CMDMANIFEST: Converting CmdArgs to Command - kind: workspace
[DEBUG] [2:33:44 PM] cmdManifest.swift:84 toCommand() - CMDMANIFEST: Created command: WorkspaceCommand
[DEBUG] [2:33:44 PM] parseCommand.swift:23 parseCommand(_:) - PARSECOMMAND: Successfully parsed command: WorkspaceCommand
[DEBUG] [2:33:44 PM] parseCommand.swift:5 parseCommand(_:) - PARSECOMMAND: Parsing command string: 'workspace C'
[DEBUG] [2:33:44 PM] parseCommand.swift:11 parseCommand(_:) - PARSECOMMAND: Split into args: ["workspace", "C"]
[DEBUG] [2:33:44 PM] parseCommand.swift:19 parseCommand(_:) - PARSECOMMAND: Parsing command args: ["workspace", "C"]
[DEBUG] [2:33:44 PM] parseCmdArgs.swift:3 parseCmdArgs(_:) - PARSECMDARGS: Parsing args: ["workspace", "C"], subcommand: 'workspace'
[DEBUG] [2:33:44 PM] parseCmdArgs.swift:8 parseCmdArgs(_:) - PARSECMDARGS: Found parser for subcommand 'workspace'
[DEBUG] [2:33:44 PM] parseCmdArgs.swift:12 parseCmdArgs(_:) - PARSECMDARGS: Successfully parsed to WorkspaceCmdArgs
[DEBUG] [2:33:44 PM] cmdManifest.swift:5 toCommand() - CMDMANIFEST: Converting CmdArgs to Command - kind: workspace
[DEBUG] [2:33:44 PM] cmdManifest.swift:84 toCommand() - CMDMANIFEST: Created command: WorkspaceCommand
[DEBUG] [2:33:44 PM] parseCommand.swift:23 parseCommand(_:) - PARSECOMMAND: Successfully parsed command: WorkspaceCommand
[DEBUG] [2:33:44 PM] parseCommand.swift:5 parseCommand(_:) - PARSECOMMAND: Parsing command string: 'layout accordion horizontal vertical'
[DEBUG] [2:33:44 PM] parseCommand.swift:11 parseCommand(_:) - PARSECOMMAND: Split into args: ["layout", "accordion", "horizontal", "vertical"]
[DEBUG] [2:33:44 PM] parseCommand.swift:19 parseCommand(_:) - PARSECOMMAND: Parsing command args: ["layout", "accordion", "horizontal", "vertical"]
[DEBUG] [2:33:44 PM] parseCmdArgs.swift:3 parseCmdArgs(_:) - PARSECMDARGS: Parsing args: ["layout", "accordion", "horizontal", "vertical"], subcommand: 'layout'
[DEBUG] [2:33:44 PM] parseCmdArgs.swift:8 parseCmdArgs(_:) - PARSECMDARGS: Found parser for subcommand 'layout'
[DEBUG] [2:33:44 PM] parseCmdArgs.swift:12 parseCmdArgs(_:) - PARSECMDARGS: Successfully parsed to LayoutCmdArgs
[DEBUG] [2:33:44 PM] cmdManifest.swift:5 toCommand() - CMDMANIFEST: Converting CmdArgs to Command - kind: layout
[DEBUG] [2:33:44 PM] cmdManifest.swift:36 toCommand() - CMDMANIFEST: Creating LayoutCommand with toggleBetween: [Common.LayoutCmdArgs.LayoutDescription.accordion, Common.LayoutCmdArgs.LayoutDescription.horizontal, Common.LayoutCmdArgs.LayoutDescription.vertical]
[DEBUG] [2:33:44 PM] LayoutCommand.swift:9 init(args:) - COMMAND: LayoutCommand initialized with args: [Common.LayoutCmdArgs.LayoutDescription.accordion, Common.LayoutCmdArgs.LayoutDescription.horizontal, Common.LayoutCmdArgs.LayoutDescription.vertical]
[DEBUG] [2:33:44 PM] cmdManifest.swift:84 toCommand() - CMDMANIFEST: Created command: LayoutCommand
[DEBUG] [2:33:44 PM] parseCommand.swift:23 parseCommand(_:) - PARSECOMMAND: Successfully parsed command: LayoutCommand
[DEBUG] [2:33:44 PM] parseCommand.swift:5 parseCommand(_:) - PARSECOMMAND: Parsing command string: 'workspace D'
[DEBUG] [2:33:44 PM] parseCommand.swift:11 parseCommand(_:) - PARSECOMMAND: Split into args: ["workspace", "D"]
[DEBUG] [2:33:44 PM] parseCommand.swift:19 parseCommand(_:) - PARSECOMMAND: Parsing command args: ["workspace", "D"]
[DEBUG] [2:33:44 PM] parseCmdArgs.swift:3 parseCmdArgs(_:) - PARSECMDARGS: Parsing args: ["workspace", "D"], subcommand: 'workspace'
[DEBUG] [2:33:44 PM] parseCmdArgs.swift:8 parseCmdArgs(_:) - PARSECMDARGS: Found parser for subcommand 'workspace'
[DEBUG] [2:33:44 PM] parseCmdArgs.swift:12 parseCmdArgs(_:) - PARSECMDARGS: Successfully parsed to WorkspaceCmdArgs
[DEBUG] [2:33:44 PM] cmdManifest.swift:5 toCommand() - CMDMANIFEST: Converting CmdArgs to Command - kind: workspace
[DEBUG] [2:33:44 PM] cmdManifest.swift:84 toCommand() - CMDMANIFEST: Created command: WorkspaceCommand
[DEBUG] [2:33:44 PM] parseCommand.swift:23 parseCommand(_:) - PARSECOMMAND: Successfully parsed command: WorkspaceCommand
[DEBUG] [2:33:44 PM] parseCommand.swift:5 parseCommand(_:) - PARSECOMMAND: Parsing command string: 'workspace E'
[DEBUG] [2:33:44 PM] parseCommand.swift:11 parseCommand(_:) - PARSECOMMAND: Split into args: ["workspace", "E"]
[DEBUG] [2:33:44 PM] parseCommand.swift:19 parseCommand(_:) - PARSECOMMAND: Parsing command args: ["workspace", "E"]
[DEBUG] [2:33:44 PM] parseCmdArgs.swift:3 parseCmdArgs(_:) - PARSECMDARGS: Parsing args: ["workspace", "E"], subcommand: 'workspace'
[DEBUG] [2:33:44 PM] parseCmdArgs.swift:8 parseCmdArgs(_:) - PARSECMDARGS: Found parser for subcommand 'workspace'
[DEBUG] [2:33:44 PM] parseCmdArgs.swift:12 parseCmdArgs(_:) - PARSECMDARGS: Successfully parsed to WorkspaceCmdArgs
[DEBUG] [2:33:44 PM] cmdManifest.swift:5 toCommand() - CMDMANIFEST: Converting CmdArgs to Command - kind: workspace
[DEBUG] [2:33:44 PM] cmdManifest.swift:84 toCommand() - CMDMANIFEST: Created command: WorkspaceCommand
[DEBUG] [2:33:44 PM] parseCommand.swift:23 parseCommand(_:) - PARSECOMMAND: Successfully parsed command: WorkspaceCommand
[DEBUG] [2:33:44 PM] parseCommand.swift:5 parseCommand(_:) - PARSECOMMAND: Parsing command string: 'resize smart +50'
[DEBUG] [2:33:44 PM] parseCommand.swift:11 parseCommand(_:) - PARSECOMMAND: Split into args: ["resize", "smart", "+50"]
[DEBUG] [2:33:44 PM] parseCommand.swift:19 parseCommand(_:) - PARSECOMMAND: Parsing command args: ["resize", "smart", "+50"]
[DEBUG] [2:33:44 PM] parseCmdArgs.swift:3 parseCmdArgs(_:) - PARSECMDARGS: Parsing args: ["resize", "smart", "+50"], subcommand: 'resize'
[DEBUG] [2:33:44 PM] parseCmdArgs.swift:8 parseCmdArgs(_:) - PARSECMDARGS: Found parser for subcommand 'resize'
[DEBUG] [2:33:44 PM] parseCmdArgs.swift:12 parseCmdArgs(_:) - PARSECMDARGS: Successfully parsed to ResizeCmdArgs
[DEBUG] [2:33:44 PM] cmdManifest.swift:5 toCommand() - CMDMANIFEST: Converting CmdArgs to Command - kind: resize
[DEBUG] [2:33:44 PM] cmdManifest.swift:84 toCommand() - CMDMANIFEST: Created command: ResizeCommand
[DEBUG] [2:33:44 PM] parseCommand.swift:23 parseCommand(_:) - PARSECOMMAND: Successfully parsed command: ResizeCommand
[DEBUG] [2:33:44 PM] parseCommand.swift:5 parseCommand(_:) - PARSECOMMAND: Parsing command string: 'workspace F'
[DEBUG] [2:33:44 PM] parseCommand.swift:11 parseCommand(_:) - PARSECOMMAND: Split into args: ["workspace", "F"]
[DEBUG] [2:33:44 PM] parseCommand.swift:19 parseCommand(_:) - PARSECOMMAND: Parsing command args: ["workspace", "F"]
[DEBUG] [2:33:44 PM] parseCmdArgs.swift:3 parseCmdArgs(_:) - PARSECMDARGS: Parsing args: ["workspace", "F"], subcommand: 'workspace'
[DEBUG] [2:33:44 PM] parseCmdArgs.swift:8 parseCmdArgs(_:) - PARSECMDARGS: Found parser for subcommand 'workspace'
[DEBUG] [2:33:44 PM] parseCmdArgs.swift:12 parseCmdArgs(_:) - PARSECMDARGS: Successfully parsed to WorkspaceCmdArgs
[DEBUG] [2:33:44 PM] cmdManifest.swift:5 toCommand() - CMDMANIFEST: Converting CmdArgs to Command - kind: workspace
[DEBUG] [2:33:44 PM] cmdManifest.swift:84 toCommand() - CMDMANIFEST: Created command: WorkspaceCommand
[DEBUG] [2:33:44 PM] parseCommand.swift:23 parseCommand(_:) - PARSECOMMAND: Successfully parsed command: WorkspaceCommand
[DEBUG] [2:33:44 PM] parseCommand.swift:5 parseCommand(_:) - PARSECOMMAND: Parsing command string: 'workspace G'
[DEBUG] [2:33:44 PM] parseCommand.swift:11 parseCommand(_:) - PARSECOMMAND: Split into args: ["workspace", "G"]
[DEBUG] [2:33:44 PM] parseCommand.swift:19 parseCommand(_:) - PARSECOMMAND: Parsing command args: ["workspace", "G"]
[DEBUG] [2:33:44 PM] parseCmdArgs.swift:3 parseCmdArgs(_:) - PARSECMDARGS: Parsing args: ["workspace", "G"], subcommand: 'workspace'
[DEBUG] [2:33:44 PM] parseCmdArgs.swift:8 parseCmdArgs(_:) - PARSECMDARGS: Found parser for subcommand 'workspace'
[DEBUG] [2:33:44 PM] parseCmdArgs.swift:12 parseCmdArgs(_:) - PARSECMDARGS: Successfully parsed to WorkspaceCmdArgs
[DEBUG] [2:33:44 PM] cmdManifest.swift:5 toCommand() - CMDMANIFEST: Converting CmdArgs to Command - kind: workspace
[DEBUG] [2:33:44 PM] cmdManifest.swift:84 toCommand() - CMDMANIFEST: Created command: WorkspaceCommand
[DEBUG] [2:33:44 PM] parseCommand.swift:23 parseCommand(_:) - PARSECOMMAND: Successfully parsed command: WorkspaceCommand
[DEBUG] [2:33:44 PM] parseCommand.swift:5 parseCommand(_:) - PARSECOMMAND: Parsing command string: 'focus left'
[DEBUG] [2:33:44 PM] parseCommand.swift:11 parseCommand(_:) - PARSECOMMAND: Split into args: ["focus", "left"]
[DEBUG] [2:33:44 PM] parseCommand.swift:19 parseCommand(_:) - PARSECOMMAND: Parsing command args: ["focus", "left"]
[DEBUG] [2:33:44 PM] parseCmdArgs.swift:3 parseCmdArgs(_:) - PARSECMDARGS: Parsing args: ["focus", "left"], subcommand: 'focus'
[DEBUG] [2:33:44 PM] parseCmdArgs.swift:8 parseCmdArgs(_:) - PARSECMDARGS: Found parser for subcommand 'focus'
[DEBUG] [2:33:44 PM] parseCmdArgs.swift:12 parseCmdArgs(_:) - PARSECMDARGS: Successfully parsed to FocusCmdArgs
[DEBUG] [2:33:44 PM] cmdManifest.swift:5 toCommand() - CMDMANIFEST: Converting CmdArgs to Command - kind: focus
[DEBUG] [2:33:44 PM] cmdManifest.swift:84 toCommand() - CMDMANIFEST: Created command: FocusCommand
[DEBUG] [2:33:44 PM] parseCommand.swift:23 parseCommand(_:) - PARSECOMMAND: Successfully parsed command: FocusCommand
[DEBUG] [2:33:44 PM] parseCommand.swift:5 parseCommand(_:) - PARSECOMMAND: Parsing command string: 'workspace I'
[DEBUG] [2:33:44 PM] parseCommand.swift:11 parseCommand(_:) - PARSECOMMAND: Split into args: ["workspace", "I"]
[DEBUG] [2:33:44 PM] parseCommand.swift:19 parseCommand(_:) - PARSECOMMAND: Parsing command args: ["workspace", "I"]
[DEBUG] [2:33:44 PM] parseCmdArgs.swift:3 parseCmdArgs(_:) - PARSECMDARGS: Parsing args: ["workspace", "I"], subcommand: 'workspace'
[DEBUG] [2:33:44 PM] parseCmdArgs.swift:8 parseCmdArgs(_:) - PARSECMDARGS: Found parser for subcommand 'workspace'
[DEBUG] [2:33:44 PM] parseCmdArgs.swift:12 parseCmdArgs(_:) - PARSECMDARGS: Successfully parsed to WorkspaceCmdArgs
[DEBUG] [2:33:44 PM] cmdManifest.swift:5 toCommand() - CMDMANIFEST: Converting CmdArgs to Command - kind: workspace
[DEBUG] [2:33:44 PM] cmdManifest.swift:84 toCommand() - CMDMANIFEST: Created command: WorkspaceCommand
[DEBUG] [2:33:44 PM] parseCommand.swift:23 parseCommand(_:) - PARSECOMMAND: Successfully parsed command: WorkspaceCommand
[DEBUG] [2:33:44 PM] parseCommand.swift:5 parseCommand(_:) - PARSECOMMAND: Parsing command string: 'focus down'
[DEBUG] [2:33:44 PM] parseCommand.swift:11 parseCommand(_:) - PARSECOMMAND: Split into args: ["focus", "down"]
[DEBUG] [2:33:44 PM] parseCommand.swift:19 parseCommand(_:) - PARSECOMMAND: Parsing command args: ["focus", "down"]
[DEBUG] [2:33:44 PM] parseCmdArgs.swift:3 parseCmdArgs(_:) - PARSECMDARGS: Parsing args: ["focus", "down"], subcommand: 'focus'
[DEBUG] [2:33:44 PM] parseCmdArgs.swift:8 parseCmdArgs(_:) - PARSECMDARGS: Found parser for subcommand 'focus'
[DEBUG] [2:33:44 PM] parseCmdArgs.swift:12 parseCmdArgs(_:) - PARSECMDARGS: Successfully parsed to FocusCmdArgs
[DEBUG] [2:33:44 PM] cmdManifest.swift:5 toCommand() - CMDMANIFEST: Converting CmdArgs to Command - kind: focus
[DEBUG] [2:33:44 PM] cmdManifest.swift:84 toCommand() - CMDMANIFEST: Created command: FocusCommand
[DEBUG] [2:33:44 PM] parseCommand.swift:23 parseCommand(_:) - PARSECOMMAND: Successfully parsed command: FocusCommand
[DEBUG] [2:33:44 PM] parseCommand.swift:5 parseCommand(_:) - PARSECOMMAND: Parsing command string: 'focus up'
[DEBUG] [2:33:44 PM] parseCommand.swift:11 parseCommand(_:) - PARSECOMMAND: Split into args: ["focus", "up"]
[DEBUG] [2:33:44 PM] parseCommand.swift:19 parseCommand(_:) - PARSECOMMAND: Parsing command args: ["focus", "up"]
[DEBUG] [2:33:44 PM] parseCmdArgs.swift:3 parseCmdArgs(_:) - PARSECMDARGS: Parsing args: ["focus", "up"], subcommand: 'focus'
[DEBUG] [2:33:44 PM] parseCmdArgs.swift:8 parseCmdArgs(_:) - PARSECMDARGS: Found parser for subcommand 'focus'
[DEBUG] [2:33:44 PM] parseCmdArgs.swift:12 parseCmdArgs(_:) - PARSECMDARGS: Successfully parsed to FocusCmdArgs
[DEBUG] [2:33:44 PM] cmdManifest.swift:5 toCommand() - CMDMANIFEST: Converting CmdArgs to Command - kind: focus
[DEBUG] [2:33:44 PM] cmdManifest.swift:84 toCommand() - CMDMANIFEST: Created command: FocusCommand
[DEBUG] [2:33:44 PM] parseCommand.swift:23 parseCommand(_:) - PARSECOMMAND: Successfully parsed command: FocusCommand
[DEBUG] [2:33:44 PM] parseCommand.swift:5 parseCommand(_:) - PARSECOMMAND: Parsing command string: 'focus right'
[DEBUG] [2:33:44 PM] parseCommand.swift:11 parseCommand(_:) - PARSECOMMAND: Split into args: ["focus", "right"]
[DEBUG] [2:33:44 PM] parseCommand.swift:19 parseCommand(_:) - PARSECOMMAND: Parsing command args: ["focus", "right"]
[DEBUG] [2:33:44 PM] parseCmdArgs.swift:3 parseCmdArgs(_:) - PARSECMDARGS: Parsing args: ["focus", "right"], subcommand: 'focus'
[DEBUG] [2:33:44 PM] parseCmdArgs.swift:8 parseCmdArgs(_:) - PARSECMDARGS: Found parser for subcommand 'focus'
[DEBUG] [2:33:44 PM] parseCmdArgs.swift:12 parseCmdArgs(_:) - PARSECMDARGS: Successfully parsed to FocusCmdArgs
[DEBUG] [2:33:44 PM] cmdManifest.swift:5 toCommand() - CMDMANIFEST: Converting CmdArgs to Command - kind: focus
[DEBUG] [2:33:44 PM] cmdManifest.swift:84 toCommand() - CMDMANIFEST: Created command: FocusCommand
[DEBUG] [2:33:44 PM] parseCommand.swift:23 parseCommand(_:) - PARSECOMMAND: Successfully parsed command: FocusCommand
[DEBUG] [2:33:44 PM] parseCommand.swift:5 parseCommand(_:) - PARSECOMMAND: Parsing command string: 'workspace M'
[DEBUG] [2:33:44 PM] parseCommand.swift:11 parseCommand(_:) - PARSECOMMAND: Split into args: ["workspace", "M"]
[DEBUG] [2:33:44 PM] parseCommand.swift:19 parseCommand(_:) - PARSECOMMAND: Parsing command args: ["workspace", "M"]
[DEBUG] [2:33:44 PM] parseCmdArgs.swift:3 parseCmdArgs(_:) - PARSECMDARGS: Parsing args: ["workspace", "M"], subcommand: 'workspace'
[DEBUG] [2:33:44 PM] parseCmdArgs.swift:8 parseCmdArgs(_:) - PARSECMDARGS: Found parser for subcommand 'workspace'
[DEBUG] [2:33:44 PM] parseCmdArgs.swift:12 parseCmdArgs(_:) - PARSECMDARGS: Successfully parsed to WorkspaceCmdArgs
[DEBUG] [2:33:44 PM] cmdManifest.swift:5 toCommand() - CMDMANIFEST: Converting CmdArgs to Command - kind: workspace
[DEBUG] [2:33:44 PM] cmdManifest.swift:84 toCommand() - CMDMANIFEST: Created command: WorkspaceCommand
[DEBUG] [2:33:44 PM] parseCommand.swift:23 parseCommand(_:) - PARSECOMMAND: Successfully parsed command: WorkspaceCommand
[DEBUG] [2:33:44 PM] parseCommand.swift:5 parseCommand(_:) - PARSECOMMAND: Parsing command string: 'resize smart -50'
[DEBUG] [2:33:44 PM] parseCommand.swift:11 parseCommand(_:) - PARSECOMMAND: Split into args: ["resize", "smart", "-50"]
[DEBUG] [2:33:44 PM] parseCommand.swift:19 parseCommand(_:) - PARSECOMMAND: Parsing command args: ["resize", "smart", "-50"]
[DEBUG] [2:33:44 PM] parseCmdArgs.swift:3 parseCmdArgs(_:) - PARSECMDARGS: Parsing args: ["resize", "smart", "-50"], subcommand: 'resize'
[DEBUG] [2:33:44 PM] parseCmdArgs.swift:8 parseCmdArgs(_:) - PARSECMDARGS: Found parser for subcommand 'resize'
[DEBUG] [2:33:44 PM] parseCmdArgs.swift:12 parseCmdArgs(_:) - PARSECMDARGS: Successfully parsed to ResizeCmdArgs
[DEBUG] [2:33:44 PM] cmdManifest.swift:5 toCommand() - CMDMANIFEST: Converting CmdArgs to Command - kind: resize
[DEBUG] [2:33:44 PM] cmdManifest.swift:84 toCommand() - CMDMANIFEST: Created command: ResizeCommand
[DEBUG] [2:33:44 PM] parseCommand.swift:23 parseCommand(_:) - PARSECOMMAND: Successfully parsed command: ResizeCommand
[DEBUG] [2:33:44 PM] parseCommand.swift:5 parseCommand(_:) - PARSECOMMAND: Parsing command string: 'workspace N'
[DEBUG] [2:33:44 PM] parseCommand.swift:11 parseCommand(_:) - PARSECOMMAND: Split into args: ["workspace", "N"]
[DEBUG] [2:33:44 PM] parseCommand.swift:19 parseCommand(_:) - PARSECOMMAND: Parsing command args: ["workspace", "N"]
[DEBUG] [2:33:44 PM] parseCmdArgs.swift:3 parseCmdArgs(_:) - PARSECMDARGS: Parsing args: ["workspace", "N"], subcommand: 'workspace'
[DEBUG] [2:33:44 PM] parseCmdArgs.swift:8 parseCmdArgs(_:) - PARSECMDARGS: Found parser for subcommand 'workspace'
[DEBUG] [2:33:44 PM] parseCmdArgs.swift:12 parseCmdArgs(_:) - PARSECMDARGS: Successfully parsed to WorkspaceCmdArgs
[DEBUG] [2:33:44 PM] cmdManifest.swift:5 toCommand() - CMDMANIFEST: Converting CmdArgs to Command - kind: workspace
[DEBUG] [2:33:44 PM] cmdManifest.swift:84 toCommand() - CMDMANIFEST: Created command: WorkspaceCommand
[DEBUG] [2:33:44 PM] parseCommand.swift:23 parseCommand(_:) - PARSECOMMAND: Successfully parsed command: WorkspaceCommand
[DEBUG] [2:33:44 PM] parseCommand.swift:5 parseCommand(_:) - PARSECOMMAND: Parsing command string: 'workspace O'
[DEBUG] [2:33:44 PM] parseCommand.swift:11 parseCommand(_:) - PARSECOMMAND: Split into args: ["workspace", "O"]
[DEBUG] [2:33:44 PM] parseCommand.swift:19 parseCommand(_:) - PARSECOMMAND: Parsing command args: ["workspace", "O"]
[DEBUG] [2:33:44 PM] parseCmdArgs.swift:3 parseCmdArgs(_:) - PARSECMDARGS: Parsing args: ["workspace", "O"], subcommand: 'workspace'
[DEBUG] [2:33:44 PM] parseCmdArgs.swift:8 parseCmdArgs(_:) - PARSECMDARGS: Found parser for subcommand 'workspace'
[DEBUG] [2:33:44 PM] parseCmdArgs.swift:12 parseCmdArgs(_:) - PARSECMDARGS: Successfully parsed to WorkspaceCmdArgs
[DEBUG] [2:33:44 PM] cmdManifest.swift:5 toCommand() - CMDMANIFEST: Converting CmdArgs to Command - kind: workspace
[DEBUG] [2:33:44 PM] cmdManifest.swift:84 toCommand() - CMDMANIFEST: Created command: WorkspaceCommand
[DEBUG] [2:33:44 PM] parseCommand.swift:23 parseCommand(_:) - PARSECOMMAND: Successfully parsed command: WorkspaceCommand
[DEBUG] [2:33:44 PM] parseCommand.swift:5 parseCommand(_:) - PARSECOMMAND: Parsing command string: 'workspace P'
[DEBUG] [2:33:44 PM] parseCommand.swift:11 parseCommand(_:) - PARSECOMMAND: Split into args: ["workspace", "P"]
[DEBUG] [2:33:44 PM] parseCommand.swift:19 parseCommand(_:) - PARSECOMMAND: Parsing command args: ["workspace", "P"]
[DEBUG] [2:33:44 PM] parseCmdArgs.swift:3 parseCmdArgs(_:) - PARSECMDARGS: Parsing args: ["workspace", "P"], subcommand: 'workspace'
[DEBUG] [2:33:44 PM] parseCmdArgs.swift:8 parseCmdArgs(_:) - PARSECMDARGS: Found parser for subcommand 'workspace'
[DEBUG] [2:33:44 PM] parseCmdArgs.swift:12 parseCmdArgs(_:) - PARSECMDARGS: Successfully parsed to WorkspaceCmdArgs
[DEBUG] [2:33:44 PM] cmdManifest.swift:5 toCommand() - CMDMANIFEST: Converting CmdArgs to Command - kind: workspace
[DEBUG] [2:33:44 PM] cmdManifest.swift:84 toCommand() - CMDMANIFEST: Created command: WorkspaceCommand
[DEBUG] [2:33:44 PM] parseCommand.swift:23 parseCommand(_:) - PARSECOMMAND: Successfully parsed command: WorkspaceCommand
[DEBUG] [2:33:44 PM] parseCommand.swift:5 parseCommand(_:) - PARSECOMMAND: Parsing command string: 'workspace Q'
[DEBUG] [2:33:44 PM] parseCommand.swift:11 parseCommand(_:) - PARSECOMMAND: Split into args: ["workspace", "Q"]
[DEBUG] [2:33:44 PM] parseCommand.swift:19 parseCommand(_:) - PARSECOMMAND: Parsing command args: ["workspace", "Q"]
[DEBUG] [2:33:44 PM] parseCmdArgs.swift:3 parseCmdArgs(_:) - PARSECMDARGS: Parsing args: ["workspace", "Q"], subcommand: 'workspace'
[DEBUG] [2:33:44 PM] parseCmdArgs.swift:8 parseCmdArgs(_:) - PARSECMDARGS: Found parser for subcommand 'workspace'
[DEBUG] [2:33:44 PM] parseCmdArgs.swift:12 parseCmdArgs(_:) - PARSECMDARGS: Successfully parsed to WorkspaceCmdArgs
[DEBUG] [2:33:44 PM] cmdManifest.swift:5 toCommand() - CMDMANIFEST: Converting CmdArgs to Command - kind: workspace
[DEBUG] [2:33:44 PM] cmdManifest.swift:84 toCommand() - CMDMANIFEST: Created command: WorkspaceCommand
[DEBUG] [2:33:44 PM] parseCommand.swift:23 parseCommand(_:) - PARSECOMMAND: Successfully parsed command: WorkspaceCommand
[DEBUG] [2:33:44 PM] parseCommand.swift:5 parseCommand(_:) - PARSECOMMAND: Parsing command string: 'workspace R'
[DEBUG] [2:33:44 PM] parseCommand.swift:11 parseCommand(_:) - PARSECOMMAND: Split into args: ["workspace", "R"]
[DEBUG] [2:33:44 PM] parseCommand.swift:19 parseCommand(_:) - PARSECOMMAND: Parsing command args: ["workspace", "R"]
[DEBUG] [2:33:44 PM] parseCmdArgs.swift:3 parseCmdArgs(_:) - PARSECMDARGS: Parsing args: ["workspace", "R"], subcommand: 'workspace'
[DEBUG] [2:33:44 PM] parseCmdArgs.swift:8 parseCmdArgs(_:) - PARSECMDARGS: Found parser for subcommand 'workspace'
[DEBUG] [2:33:44 PM] parseCmdArgs.swift:12 parseCmdArgs(_:) - PARSECMDARGS: Successfully parsed to WorkspaceCmdArgs
[DEBUG] [2:33:44 PM] cmdManifest.swift:5 toCommand() - CMDMANIFEST: Converting CmdArgs to Command - kind: workspace
[DEBUG] [2:33:44 PM] cmdManifest.swift:84 toCommand() - CMDMANIFEST: Created command: WorkspaceCommand
[DEBUG] [2:33:44 PM] parseCommand.swift:23 parseCommand(_:) - PARSECOMMAND: Successfully parsed command: WorkspaceCommand
[DEBUG] [2:33:44 PM] parseCommand.swift:5 parseCommand(_:) - PARSECOMMAND: Parsing command string: 'workspace S'
[DEBUG] [2:33:44 PM] parseCommand.swift:11 parseCommand(_:) - PARSECOMMAND: Split into args: ["workspace", "S"]
[DEBUG] [2:33:44 PM] parseCommand.swift:19 parseCommand(_:) - PARSECOMMAND: Parsing command args: ["workspace", "S"]
[DEBUG] [2:33:44 PM] parseCmdArgs.swift:3 parseCmdArgs(_:) - PARSECMDARGS: Parsing args: ["workspace", "S"], subcommand: 'workspace'
[DEBUG] [2:33:44 PM] parseCmdArgs.swift:8 parseCmdArgs(_:) - PARSECMDARGS: Found parser for subcommand 'workspace'
[DEBUG] [2:33:44 PM] parseCmdArgs.swift:12 parseCmdArgs(_:) - PARSECMDARGS: Successfully parsed to WorkspaceCmdArgs
[DEBUG] [2:33:44 PM] cmdManifest.swift:5 toCommand() - CMDMANIFEST: Converting CmdArgs to Command - kind: workspace
[DEBUG] [2:33:44 PM] cmdManifest.swift:84 toCommand() - CMDMANIFEST: Created command: WorkspaceCommand
[DEBUG] [2:33:44 PM] parseCommand.swift:23 parseCommand(_:) - PARSECOMMAND: Successfully parsed command: WorkspaceCommand
[DEBUG] [2:33:44 PM] parseCommand.swift:5 parseCommand(_:) - PARSECOMMAND: Parsing command string: 'move-node-to-workspace 1'
[DEBUG] [2:33:44 PM] parseCommand.swift:11 parseCommand(_:) - PARSECOMMAND: Split into args: ["move-node-to-workspace", "1"]
[DEBUG] [2:33:44 PM] parseCommand.swift:19 parseCommand(_:) - PARSECOMMAND: Parsing command args: ["move-node-to-workspace", "1"]
[DEBUG] [2:33:44 PM] parseCmdArgs.swift:3 parseCmdArgs(_:) - PARSECMDARGS: Parsing args: ["move-node-to-workspace", "1"], subcommand: 'move-node-to-workspace'
[DEBUG] [2:33:44 PM] parseCmdArgs.swift:8 parseCmdArgs(_:) - PARSECMDARGS: Found parser for subcommand 'move-node-to-workspace'
[DEBUG] [2:33:44 PM] parseCmdArgs.swift:12 parseCmdArgs(_:) - PARSECMDARGS: Successfully parsed to MoveNodeToWorkspaceCmdArgs
[DEBUG] [2:33:44 PM] cmdManifest.swift:5 toCommand() - CMDMANIFEST: Converting CmdArgs to Command - kind: moveNodeToWorkspace
[DEBUG] [2:33:44 PM] cmdManifest.swift:84 toCommand() - CMDMANIFEST: Created command: MoveNodeToWorkspaceCommand
[DEBUG] [2:33:44 PM] parseCommand.swift:23 parseCommand(_:) - PARSECOMMAND: Successfully parsed command: MoveNodeToWorkspaceCommand
[DEBUG] [2:33:44 PM] parseCommand.swift:5 parseCommand(_:) - PARSECOMMAND: Parsing command string: 'move-node-to-workspace 2'
[DEBUG] [2:33:44 PM] parseCommand.swift:11 parseCommand(_:) - PARSECOMMAND: Split into args: ["move-node-to-workspace", "2"]
[DEBUG] [2:33:44 PM] parseCommand.swift:19 parseCommand(_:) - PARSECOMMAND: Parsing command args: ["move-node-to-workspace", "2"]
[DEBUG] [2:33:44 PM] parseCmdArgs.swift:3 parseCmdArgs(_:) - PARSECMDARGS: Parsing args: ["move-node-to-workspace", "2"], subcommand: 'move-node-to-workspace'
[DEBUG] [2:33:44 PM] parseCmdArgs.swift:8 parseCmdArgs(_:) - PARSECMDARGS: Found parser for subcommand 'move-node-to-workspace'
[DEBUG] [2:33:44 PM] parseCmdArgs.swift:12 parseCmdArgs(_:) - PARSECMDARGS: Successfully parsed to MoveNodeToWorkspaceCmdArgs
[DEBUG] [2:33:44 PM] cmdManifest.swift:5 toCommand() - CMDMANIFEST: Converting CmdArgs to Command - kind: moveNodeToWorkspace
[DEBUG] [2:33:44 PM] cmdManifest.swift:84 toCommand() - CMDMANIFEST: Created command: MoveNodeToWorkspaceCommand
[DEBUG] [2:33:44 PM] parseCommand.swift:23 parseCommand(_:) - PARSECOMMAND: Successfully parsed command: MoveNodeToWorkspaceCommand
[DEBUG] [2:33:44 PM] parseCommand.swift:5 parseCommand(_:) - PARSECOMMAND: Parsing command string: 'move-node-to-workspace 3'
[DEBUG] [2:33:44 PM] parseCommand.swift:11 parseCommand(_:) - PARSECOMMAND: Split into args: ["move-node-to-workspace", "3"]
[DEBUG] [2:33:44 PM] parseCommand.swift:19 parseCommand(_:) - PARSECOMMAND: Parsing command args: ["move-node-to-workspace", "3"]
[DEBUG] [2:33:44 PM] parseCmdArgs.swift:3 parseCmdArgs(_:) - PARSECMDARGS: Parsing args: ["move-node-to-workspace", "3"], subcommand: 'move-node-to-workspace'
[DEBUG] [2:33:44 PM] parseCmdArgs.swift:8 parseCmdArgs(_:) - PARSECMDARGS: Found parser for subcommand 'move-node-to-workspace'
[DEBUG] [2:33:44 PM] parseCmdArgs.swift:12 parseCmdArgs(_:) - PARSECMDARGS: Successfully parsed to MoveNodeToWorkspaceCmdArgs
[DEBUG] [2:33:44 PM] cmdManifest.swift:5 toCommand() - CMDMANIFEST: Converting CmdArgs to Command - kind: moveNodeToWorkspace
[DEBUG] [2:33:44 PM] cmdManifest.swift:84 toCommand() - CMDMANIFEST: Created command: MoveNodeToWorkspaceCommand
[DEBUG] [2:33:44 PM] parseCommand.swift:23 parseCommand(_:) - PARSECOMMAND: Successfully parsed command: MoveNodeToWorkspaceCommand
[DEBUG] [2:33:44 PM] parseCommand.swift:5 parseCommand(_:) - PARSECOMMAND: Parsing command string: 'move-node-to-workspace 4'
[DEBUG] [2:33:44 PM] parseCommand.swift:11 parseCommand(_:) - PARSECOMMAND: Split into args: ["move-node-to-workspace", "4"]
[DEBUG] [2:33:44 PM] parseCommand.swift:19 parseCommand(_:) - PARSECOMMAND: Parsing command args: ["move-node-to-workspace", "4"]
[DEBUG] [2:33:44 PM] parseCmdArgs.swift:3 parseCmdArgs(_:) - PARSECMDARGS: Parsing args: ["move-node-to-workspace", "4"], subcommand: 'move-node-to-workspace'
[DEBUG] [2:33:44 PM] parseCmdArgs.swift:8 parseCmdArgs(_:) - PARSECMDARGS: Found parser for subcommand 'move-node-to-workspace'
[DEBUG] [2:33:44 PM] parseCmdArgs.swift:12 parseCmdArgs(_:) - PARSECMDARGS: Successfully parsed to MoveNodeToWorkspaceCmdArgs
[DEBUG] [2:33:44 PM] cmdManifest.swift:5 toCommand() - CMDMANIFEST: Converting CmdArgs to Command - kind: moveNodeToWorkspace
[DEBUG] [2:33:44 PM] cmdManifest.swift:84 toCommand() - CMDMANIFEST: Created command: MoveNodeToWorkspaceCommand
[DEBUG] [2:33:44 PM] parseCommand.swift:23 parseCommand(_:) - PARSECOMMAND: Successfully parsed command: MoveNodeToWorkspaceCommand
[DEBUG] [2:33:44 PM] parseCommand.swift:5 parseCommand(_:) - PARSECOMMAND: Parsing command string: 'move-node-to-workspace 5'
[DEBUG] [2:33:44 PM] parseCommand.swift:11 parseCommand(_:) - PARSECOMMAND: Split into args: ["move-node-to-workspace", "5"]
[DEBUG] [2:33:44 PM] parseCommand.swift:19 parseCommand(_:) - PARSECOMMAND: Parsing command args: ["move-node-to-workspace", "5"]
[DEBUG] [2:33:44 PM] parseCmdArgs.swift:3 parseCmdArgs(_:) - PARSECMDARGS: Parsing args: ["move-node-to-workspace", "5"], subcommand: 'move-node-to-workspace'
[DEBUG] [2:33:44 PM] parseCmdArgs.swift:8 parseCmdArgs(_:) - PARSECMDARGS: Found parser for subcommand 'move-node-to-workspace'
[DEBUG] [2:33:44 PM] parseCmdArgs.swift:12 parseCmdArgs(_:) - PARSECMDARGS: Successfully parsed to MoveNodeToWorkspaceCmdArgs
[DEBUG] [2:33:44 PM] cmdManifest.swift:5 toCommand() - CMDMANIFEST: Converting CmdArgs to Command - kind: moveNodeToWorkspace
[DEBUG] [2:33:44 PM] cmdManifest.swift:84 toCommand() - CMDMANIFEST: Created command: MoveNodeToWorkspaceCommand
[DEBUG] [2:33:44 PM] parseCommand.swift:23 parseCommand(_:) - PARSECOMMAND: Successfully parsed command: MoveNodeToWorkspaceCommand
[DEBUG] [2:33:44 PM] parseCommand.swift:5 parseCommand(_:) - PARSECOMMAND: Parsing command string: 'move-node-to-workspace 6'
[DEBUG] [2:33:44 PM] parseCommand.swift:11 parseCommand(_:) - PARSECOMMAND: Split into args: ["move-node-to-workspace", "6"]
[DEBUG] [2:33:44 PM] parseCommand.swift:19 parseCommand(_:) - PARSECOMMAND: Parsing command args: ["move-node-to-workspace", "6"]
[DEBUG] [2:33:44 PM] parseCmdArgs.swift:3 parseCmdArgs(_:) - PARSECMDARGS: Parsing args: ["move-node-to-workspace", "6"], subcommand: 'move-node-to-workspace'
[DEBUG] [2:33:44 PM] parseCmdArgs.swift:8 parseCmdArgs(_:) - PARSECMDARGS: Found parser for subcommand 'move-node-to-workspace'
[DEBUG] [2:33:44 PM] parseCmdArgs.swift:12 parseCmdArgs(_:) - PARSECMDARGS: Successfully parsed to MoveNodeToWorkspaceCmdArgs
[DEBUG] [2:33:44 PM] cmdManifest.swift:5 toCommand() - CMDMANIFEST: Converting CmdArgs to Command - kind: moveNodeToWorkspace
[DEBUG] [2:33:44 PM] cmdManifest.swift:84 toCommand() - CMDMANIFEST: Created command: MoveNodeToWorkspaceCommand
[DEBUG] [2:33:44 PM] parseCommand.swift:23 parseCommand(_:) - PARSECOMMAND: Successfully parsed command: MoveNodeToWorkspaceCommand
[DEBUG] [2:33:44 PM] parseCommand.swift:5 parseCommand(_:) - PARSECOMMAND: Parsing command string: 'move-node-to-workspace 7'
[DEBUG] [2:33:44 PM] parseCommand.swift:11 parseCommand(_:) - PARSECOMMAND: Split into args: ["move-node-to-workspace", "7"]
[DEBUG] [2:33:44 PM] parseCommand.swift:19 parseCommand(_:) - PARSECOMMAND: Parsing command args: ["move-node-to-workspace", "7"]
[DEBUG] [2:33:44 PM] parseCmdArgs.swift:3 parseCmdArgs(_:) - PARSECMDARGS: Parsing args: ["move-node-to-workspace", "7"], subcommand: 'move-node-to-workspace'
[DEBUG] [2:33:44 PM] parseCmdArgs.swift:8 parseCmdArgs(_:) - PARSECMDARGS: Found parser for subcommand 'move-node-to-workspace'
[DEBUG] [2:33:44 PM] parseCmdArgs.swift:12 parseCmdArgs(_:) - PARSECMDARGS: Successfully parsed to MoveNodeToWorkspaceCmdArgs
[DEBUG] [2:33:44 PM] cmdManifest.swift:5 toCommand() - CMDMANIFEST: Converting CmdArgs to Command - kind: moveNodeToWorkspace
[DEBUG] [2:33:44 PM] cmdManifest.swift:84 toCommand() - CMDMANIFEST: Created command: MoveNodeToWorkspaceCommand
[DEBUG] [2:33:44 PM] parseCommand.swift:23 parseCommand(_:) - PARSECOMMAND: Successfully parsed command: MoveNodeToWorkspaceCommand
[DEBUG] [2:33:44 PM] parseCommand.swift:5 parseCommand(_:) - PARSECOMMAND: Parsing command string: 'move-node-to-workspace 8'
[DEBUG] [2:33:44 PM] parseCommand.swift:11 parseCommand(_:) - PARSECOMMAND: Split into args: ["move-node-to-workspace", "8"]
[DEBUG] [2:33:44 PM] parseCommand.swift:19 parseCommand(_:) - PARSECOMMAND: Parsing command args: ["move-node-to-workspace", "8"]
[DEBUG] [2:33:44 PM] parseCmdArgs.swift:3 parseCmdArgs(_:) - PARSECMDARGS: Parsing args: ["move-node-to-workspace", "8"], subcommand: 'move-node-to-workspace'
[DEBUG] [2:33:44 PM] parseCmdArgs.swift:8 parseCmdArgs(_:) - PARSECMDARGS: Found parser for subcommand 'move-node-to-workspace'
[DEBUG] [2:33:44 PM] parseCmdArgs.swift:12 parseCmdArgs(_:) - PARSECMDARGS: Successfully parsed to MoveNodeToWorkspaceCmdArgs
[DEBUG] [2:33:44 PM] cmdManifest.swift:5 toCommand() - CMDMANIFEST: Converting CmdArgs to Command - kind: moveNodeToWorkspace
[DEBUG] [2:33:44 PM] cmdManifest.swift:84 toCommand() - CMDMANIFEST: Created command: MoveNodeToWorkspaceCommand
[DEBUG] [2:33:44 PM] parseCommand.swift:23 parseCommand(_:) - PARSECOMMAND: Successfully parsed command: MoveNodeToWorkspaceCommand
[DEBUG] [2:33:44 PM] parseCommand.swift:5 parseCommand(_:) - PARSECOMMAND: Parsing command string: 'move-node-to-workspace 9'
[DEBUG] [2:33:44 PM] parseCommand.swift:11 parseCommand(_:) - PARSECOMMAND: Split into args: ["move-node-to-workspace", "9"]
[DEBUG] [2:33:44 PM] parseCommand.swift:19 parseCommand(_:) - PARSECOMMAND: Parsing command args: ["move-node-to-workspace", "9"]
[DEBUG] [2:33:44 PM] parseCmdArgs.swift:3 parseCmdArgs(_:) - PARSECMDARGS: Parsing args: ["move-node-to-workspace", "9"], subcommand: 'move-node-to-workspace'
[DEBUG] [2:33:44 PM] parseCmdArgs.swift:8 parseCmdArgs(_:) - PARSECMDARGS: Found parser for subcommand 'move-node-to-workspace'
[DEBUG] [2:33:44 PM] parseCmdArgs.swift:12 parseCmdArgs(_:) - PARSECMDARGS: Successfully parsed to MoveNodeToWorkspaceCmdArgs
[DEBUG] [2:33:44 PM] cmdManifest.swift:5 toCommand() - CMDMANIFEST: Converting CmdArgs to Command - kind: moveNodeToWorkspace
[DEBUG] [2:33:44 PM] cmdManifest.swift:84 toCommand() - CMDMANIFEST: Created command: MoveNodeToWorkspaceCommand
[DEBUG] [2:33:44 PM] parseCommand.swift:23 parseCommand(_:) - PARSECOMMAND: Successfully parsed command: MoveNodeToWorkspaceCommand
[DEBUG] [2:33:44 PM] parseCommand.swift:5 parseCommand(_:) - PARSECOMMAND: Parsing command string: 'move-node-to-workspace A'
[DEBUG] [2:33:44 PM] parseCommand.swift:11 parseCommand(_:) - PARSECOMMAND: Split into args: ["move-node-to-workspace", "A"]
[DEBUG] [2:33:44 PM] parseCommand.swift:19 parseCommand(_:) - PARSECOMMAND: Parsing command args: ["move-node-to-workspace", "A"]
[DEBUG] [2:33:44 PM] parseCmdArgs.swift:3 parseCmdArgs(_:) - PARSECMDARGS: Parsing args: ["move-node-to-workspace", "A"], subcommand: 'move-node-to-workspace'
[DEBUG] [2:33:44 PM] parseCmdArgs.swift:8 parseCmdArgs(_:) - PARSECMDARGS: Found parser for subcommand 'move-node-to-workspace'
[DEBUG] [2:33:44 PM] parseCmdArgs.swift:12 parseCmdArgs(_:) - PARSECMDARGS: Successfully parsed to MoveNodeToWorkspaceCmdArgs
[DEBUG] [2:33:44 PM] cmdManifest.swift:5 toCommand() - CMDMANIFEST: Converting CmdArgs to Command - kind: moveNodeToWorkspace
[DEBUG] [2:33:44 PM] cmdManifest.swift:84 toCommand() - CMDMANIFEST: Created command: MoveNodeToWorkspaceCommand
[DEBUG] [2:33:44 PM] parseCommand.swift:23 parseCommand(_:) - PARSECOMMAND: Successfully parsed command: MoveNodeToWorkspaceCommand
[DEBUG] [2:33:44 PM] parseCommand.swift:5 parseCommand(_:) - PARSECOMMAND: Parsing command string: 'move-node-to-workspace B'
[DEBUG] [2:33:44 PM] parseCommand.swift:11 parseCommand(_:) - PARSECOMMAND: Split into args: ["move-node-to-workspace", "B"]
[DEBUG] [2:33:44 PM] parseCommand.swift:19 parseCommand(_:) - PARSECOMMAND: Parsing command args: ["move-node-to-workspace", "B"]
[DEBUG] [2:33:44 PM] parseCmdArgs.swift:3 parseCmdArgs(_:) - PARSECMDARGS: Parsing args: ["move-node-to-workspace", "B"], subcommand: 'move-node-to-workspace'
[DEBUG] [2:33:44 PM] parseCmdArgs.swift:8 parseCmdArgs(_:) - PARSECMDARGS: Found parser for subcommand 'move-node-to-workspace'
[DEBUG] [2:33:44 PM] parseCmdArgs.swift:12 parseCmdArgs(_:) - PARSECMDARGS: Successfully parsed to MoveNodeToWorkspaceCmdArgs
[DEBUG] [2:33:44 PM] cmdManifest.swift:5 toCommand() - CMDMANIFEST: Converting CmdArgs to Command - kind: moveNodeToWorkspace
[DEBUG] [2:33:44 PM] cmdManifest.swift:84 toCommand() - CMDMANIFEST: Created command: MoveNodeToWorkspaceCommand
[DEBUG] [2:33:44 PM] parseCommand.swift:23 parseCommand(_:) - PARSECOMMAND: Successfully parsed command: MoveNodeToWorkspaceCommand
[DEBUG] [2:33:44 PM] parseCommand.swift:5 parseCommand(_:) - PARSECOMMAND: Parsing command string: 'move-node-to-workspace C'
[DEBUG] [2:33:44 PM] parseCommand.swift:11 parseCommand(_:) - PARSECOMMAND: Split into args: ["move-node-to-workspace", "C"]
[DEBUG] [2:33:44 PM] parseCommand.swift:19 parseCommand(_:) - PARSECOMMAND: Parsing command args: ["move-node-to-workspace", "C"]
[DEBUG] [2:33:44 PM] parseCmdArgs.swift:3 parseCmdArgs(_:) - PARSECMDARGS: Parsing args: ["move-node-to-workspace", "C"], subcommand: 'move-node-to-workspace'
[DEBUG] [2:33:44 PM] parseCmdArgs.swift:8 parseCmdArgs(_:) - PARSECMDARGS: Found parser for subcommand 'move-node-to-workspace'
[DEBUG] [2:33:44 PM] parseCmdArgs.swift:12 parseCmdArgs(_:) - PARSECMDARGS: Successfully parsed to MoveNodeToWorkspaceCmdArgs
[DEBUG] [2:33:44 PM] cmdManifest.swift:5 toCommand() - CMDMANIFEST: Converting CmdArgs to Command - kind: moveNodeToWorkspace
[DEBUG] [2:33:44 PM] cmdManifest.swift:84 toCommand() - CMDMANIFEST: Created command: MoveNodeToWorkspaceCommand
[DEBUG] [2:33:44 PM] parseCommand.swift:23 parseCommand(_:) - PARSECOMMAND: Successfully parsed command: MoveNodeToWorkspaceCommand
[DEBUG] [2:33:44 PM] parseCommand.swift:5 parseCommand(_:) - PARSECOMMAND: Parsing command string: 'move-node-to-workspace D'
[DEBUG] [2:33:44 PM] parseCommand.swift:11 parseCommand(_:) - PARSECOMMAND: Split into args: ["move-node-to-workspace", "D"]
[DEBUG] [2:33:44 PM] parseCommand.swift:19 parseCommand(_:) - PARSECOMMAND: Parsing command args: ["move-node-to-workspace", "D"]
[DEBUG] [2:33:44 PM] parseCmdArgs.swift:3 parseCmdArgs(_:) - PARSECMDARGS: Parsing args: ["move-node-to-workspace", "D"], subcommand: 'move-node-to-workspace'
[DEBUG] [2:33:44 PM] parseCmdArgs.swift:8 parseCmdArgs(_:) - PARSECMDARGS: Found parser for subcommand 'move-node-to-workspace'
[DEBUG] [2:33:44 PM] parseCmdArgs.swift:12 parseCmdArgs(_:) - PARSECMDARGS: Successfully parsed to MoveNodeToWorkspaceCmdArgs
[DEBUG] [2:33:44 PM] cmdManifest.swift:5 toCommand() - CMDMANIFEST: Converting CmdArgs to Command - kind: moveNodeToWorkspace
[DEBUG] [2:33:44 PM] cmdManifest.swift:84 toCommand() - CMDMANIFEST: Created command: MoveNodeToWorkspaceCommand
[DEBUG] [2:33:44 PM] parseCommand.swift:23 parseCommand(_:) - PARSECOMMAND: Successfully parsed command: MoveNodeToWorkspaceCommand
[DEBUG] [2:33:44 PM] parseCommand.swift:5 parseCommand(_:) - PARSECOMMAND: Parsing command string: 'move-node-to-workspace E'
[DEBUG] [2:33:44 PM] parseCommand.swift:11 parseCommand(_:) - PARSECOMMAND: Split into args: ["move-node-to-workspace", "E"]
[DEBUG] [2:33:44 PM] parseCommand.swift:19 parseCommand(_:) - PARSECOMMAND: Parsing command args: ["move-node-to-workspace", "E"]
[DEBUG] [2:33:44 PM] parseCmdArgs.swift:3 parseCmdArgs(_:) - PARSECMDARGS: Parsing args: ["move-node-to-workspace", "E"], subcommand: 'move-node-to-workspace'
[DEBUG] [2:33:44 PM] parseCmdArgs.swift:8 parseCmdArgs(_:) - PARSECMDARGS: Found parser for subcommand 'move-node-to-workspace'
[DEBUG] [2:33:44 PM] parseCmdArgs.swift:12 parseCmdArgs(_:) - PARSECMDARGS: Successfully parsed to MoveNodeToWorkspaceCmdArgs
[DEBUG] [2:33:44 PM] cmdManifest.swift:5 toCommand() - CMDMANIFEST: Converting CmdArgs to Command - kind: moveNodeToWorkspace
[DEBUG] [2:33:44 PM] cmdManifest.swift:84 toCommand() - CMDMANIFEST: Created command: MoveNodeToWorkspaceCommand
[DEBUG] [2:33:44 PM] parseCommand.swift:23 parseCommand(_:) - PARSECOMMAND: Successfully parsed command: MoveNodeToWorkspaceCommand
[DEBUG] [2:33:44 PM] parseCommand.swift:5 parseCommand(_:) - PARSECOMMAND: Parsing command string: 'move-node-to-workspace F'
[DEBUG] [2:33:44 PM] parseCommand.swift:11 parseCommand(_:) - PARSECOMMAND: Split into args: ["move-node-to-workspace", "F"]
[DEBUG] [2:33:44 PM] parseCommand.swift:19 parseCommand(_:) - PARSECOMMAND: Parsing command args: ["move-node-to-workspace", "F"]
[DEBUG] [2:33:44 PM] parseCmdArgs.swift:3 parseCmdArgs(_:) - PARSECMDARGS: Parsing args: ["move-node-to-workspace", "F"], subcommand: 'move-node-to-workspace'
[DEBUG] [2:33:44 PM] parseCmdArgs.swift:8 parseCmdArgs(_:) - PARSECMDARGS: Found parser for subcommand 'move-node-to-workspace'
[DEBUG] [2:33:44 PM] parseCmdArgs.swift:12 parseCmdArgs(_:) - PARSECMDARGS: Successfully parsed to MoveNodeToWorkspaceCmdArgs
[DEBUG] [2:33:44 PM] cmdManifest.swift:5 toCommand() - CMDMANIFEST: Converting CmdArgs to Command - kind: moveNodeToWorkspace
[DEBUG] [2:33:44 PM] cmdManifest.swift:84 toCommand() - CMDMANIFEST: Created command: MoveNodeToWorkspaceCommand
[DEBUG] [2:33:44 PM] parseCommand.swift:23 parseCommand(_:) - PARSECOMMAND: Successfully parsed command: MoveNodeToWorkspaceCommand
[DEBUG] [2:33:44 PM] parseCommand.swift:5 parseCommand(_:) - PARSECOMMAND: Parsing command string: 'move-node-to-workspace G'
[DEBUG] [2:33:44 PM] parseCommand.swift:11 parseCommand(_:) - PARSECOMMAND: Split into args: ["move-node-to-workspace", "G"]
[DEBUG] [2:33:44 PM] parseCommand.swift:19 parseCommand(_:) - PARSECOMMAND: Parsing command args: ["move-node-to-workspace", "G"]
[DEBUG] [2:33:44 PM] parseCmdArgs.swift:3 parseCmdArgs(_:) - PARSECMDARGS: Parsing args: ["move-node-to-workspace", "G"], subcommand: 'move-node-to-workspace'
[DEBUG] [2:33:44 PM] parseCmdArgs.swift:8 parseCmdArgs(_:) - PARSECMDARGS: Found parser for subcommand 'move-node-to-workspace'
[DEBUG] [2:33:44 PM] parseCmdArgs.swift:12 parseCmdArgs(_:) - PARSECMDARGS: Successfully parsed to MoveNodeToWorkspaceCmdArgs
[DEBUG] [2:33:44 PM] cmdManifest.swift:5 toCommand() - CMDMANIFEST: Converting CmdArgs to Command - kind: moveNodeToWorkspace
[DEBUG] [2:33:44 PM] cmdManifest.swift:84 toCommand() - CMDMANIFEST: Created command: MoveNodeToWorkspaceCommand
[DEBUG] [2:33:44 PM] parseCommand.swift:23 parseCommand(_:) - PARSECOMMAND: Successfully parsed command: MoveNodeToWorkspaceCommand
[DEBUG] [2:33:44 PM] parseCommand.swift:5 parseCommand(_:) - PARSECOMMAND: Parsing command string: 'move left'
[DEBUG] [2:33:44 PM] parseCommand.swift:11 parseCommand(_:) - PARSECOMMAND: Split into args: ["move", "left"]
[DEBUG] [2:33:44 PM] parseCommand.swift:19 parseCommand(_:) - PARSECOMMAND: Parsing command args: ["move", "left"]
[DEBUG] [2:33:44 PM] parseCmdArgs.swift:3 parseCmdArgs(_:) - PARSECMDARGS: Parsing args: ["move", "left"], subcommand: 'move'
[DEBUG] [2:33:44 PM] parseCmdArgs.swift:8 parseCmdArgs(_:) - PARSECMDARGS: Found parser for subcommand 'move'
[DEBUG] [2:33:44 PM] parseCmdArgs.swift:12 parseCmdArgs(_:) - PARSECMDARGS: Successfully parsed to MoveCmdArgs
[DEBUG] [2:33:44 PM] cmdManifest.swift:5 toCommand() - CMDMANIFEST: Converting CmdArgs to Command - kind: move
[DEBUG] [2:33:44 PM] cmdManifest.swift:84 toCommand() - CMDMANIFEST: Created command: MoveCommand
[DEBUG] [2:33:44 PM] parseCommand.swift:23 parseCommand(_:) - PARSECOMMAND: Successfully parsed command: MoveCommand
[DEBUG] [2:33:44 PM] parseCommand.swift:5 parseCommand(_:) - PARSECOMMAND: Parsing command string: 'move-node-to-workspace I'
[DEBUG] [2:33:44 PM] parseCommand.swift:11 parseCommand(_:) - PARSECOMMAND: Split into args: ["move-node-to-workspace", "I"]
[DEBUG] [2:33:44 PM] parseCommand.swift:19 parseCommand(_:) - PARSECOMMAND: Parsing command args: ["move-node-to-workspace", "I"]
[DEBUG] [2:33:44 PM] parseCmdArgs.swift:3 parseCmdArgs(_:) - PARSECMDARGS: Parsing args: ["move-node-to-workspace", "I"], subcommand: 'move-node-to-workspace'
[DEBUG] [2:33:44 PM] parseCmdArgs.swift:8 parseCmdArgs(_:) - PARSECMDARGS: Found parser for subcommand 'move-node-to-workspace'
[DEBUG] [2:33:44 PM] parseCmdArgs.swift:12 parseCmdArgs(_:) - PARSECMDARGS: Successfully parsed to MoveNodeToWorkspaceCmdArgs
[DEBUG] [2:33:44 PM] cmdManifest.swift:5 toCommand() - CMDMANIFEST: Converting CmdArgs to Command - kind: moveNodeToWorkspace
[DEBUG] [2:33:44 PM] cmdManifest.swift:84 toCommand() - CMDMANIFEST: Created command: MoveNodeToWorkspaceCommand
[DEBUG] [2:33:44 PM] parseCommand.swift:23 parseCommand(_:) - PARSECOMMAND: Successfully parsed command: MoveNodeToWorkspaceCommand
[DEBUG] [2:33:44 PM] parseCommand.swift:5 parseCommand(_:) - PARSECOMMAND: Parsing command string: 'move down'
[DEBUG] [2:33:44 PM] parseCommand.swift:11 parseCommand(_:) - PARSECOMMAND: Split into args: ["move", "down"]
[DEBUG] [2:33:44 PM] parseCommand.swift:19 parseCommand(_:) - PARSECOMMAND: Parsing command args: ["move", "down"]
[DEBUG] [2:33:44 PM] parseCmdArgs.swift:3 parseCmdArgs(_:) - PARSECMDARGS: Parsing args: ["move", "down"], subcommand: 'move'
[DEBUG] [2:33:44 PM] parseCmdArgs.swift:8 parseCmdArgs(_:) - PARSECMDARGS: Found parser for subcommand 'move'
[DEBUG] [2:33:44 PM] parseCmdArgs.swift:12 parseCmdArgs(_:) - PARSECMDARGS: Successfully parsed to MoveCmdArgs
[DEBUG] [2:33:44 PM] cmdManifest.swift:5 toCommand() - CMDMANIFEST: Converting CmdArgs to Command - kind: move
[DEBUG] [2:33:44 PM] cmdManifest.swift:84 toCommand() - CMDMANIFEST: Created command: MoveCommand
[DEBUG] [2:33:44 PM] parseCommand.swift:23 parseCommand(_:) - PARSECOMMAND: Successfully parsed command: MoveCommand
[DEBUG] [2:33:44 PM] parseCommand.swift:5 parseCommand(_:) - PARSECOMMAND: Parsing command string: 'move up'
[DEBUG] [2:33:44 PM] parseCommand.swift:11 parseCommand(_:) - PARSECOMMAND: Split into args: ["move", "up"]
[DEBUG] [2:33:44 PM] parseCommand.swift:19 parseCommand(_:) - PARSECOMMAND: Parsing command args: ["move", "up"]
[DEBUG] [2:33:44 PM] parseCmdArgs.swift:3 parseCmdArgs(_:) - PARSECMDARGS: Parsing args: ["move", "up"], subcommand: 'move'
[DEBUG] [2:33:44 PM] parseCmdArgs.swift:8 parseCmdArgs(_:) - PARSECMDARGS: Found parser for subcommand 'move'
[DEBUG] [2:33:44 PM] parseCmdArgs.swift:12 parseCmdArgs(_:) - PARSECMDARGS: Successfully parsed to MoveCmdArgs
[DEBUG] [2:33:44 PM] cmdManifest.swift:5 toCommand() - CMDMANIFEST: Converting CmdArgs to Command - kind: move
[DEBUG] [2:33:44 PM] cmdManifest.swift:84 toCommand() - CMDMANIFEST: Created command: MoveCommand
[DEBUG] [2:33:44 PM] parseCommand.swift:23 parseCommand(_:) - PARSECOMMAND: Successfully parsed command: MoveCommand
[DEBUG] [2:33:44 PM] parseCommand.swift:5 parseCommand(_:) - PARSECOMMAND: Parsing command string: 'move right'
[DEBUG] [2:33:44 PM] parseCommand.swift:11 parseCommand(_:) - PARSECOMMAND: Split into args: ["move", "right"]
[DEBUG] [2:33:44 PM] parseCommand.swift:19 parseCommand(_:) - PARSECOMMAND: Parsing command args: ["move", "right"]
[DEBUG] [2:33:44 PM] parseCmdArgs.swift:3 parseCmdArgs(_:) - PARSECMDARGS: Parsing args: ["move", "right"], subcommand: 'move'
[DEBUG] [2:33:44 PM] parseCmdArgs.swift:8 parseCmdArgs(_:) - PARSECMDARGS: Found parser for subcommand 'move'
[DEBUG] [2:33:44 PM] parseCmdArgs.swift:12 parseCmdArgs(_:) - PARSECMDARGS: Successfully parsed to MoveCmdArgs
[DEBUG] [2:33:44 PM] cmdManifest.swift:5 toCommand() - CMDMANIFEST: Converting CmdArgs to Command - kind: move
[DEBUG] [2:33:44 PM] cmdManifest.swift:84 toCommand() - CMDMANIFEST: Created command: MoveCommand
[DEBUG] [2:33:44 PM] parseCommand.swift:23 parseCommand(_:) - PARSECOMMAND: Successfully parsed command: MoveCommand
[DEBUG] [2:33:44 PM] parseCommand.swift:5 parseCommand(_:) - PARSECOMMAND: Parsing command string: 'move-node-to-workspace M'
[DEBUG] [2:33:44 PM] parseCommand.swift:11 parseCommand(_:) - PARSECOMMAND: Split into args: ["move-node-to-workspace", "M"]
[DEBUG] [2:33:44 PM] parseCommand.swift:19 parseCommand(_:) - PARSECOMMAND: Parsing command args: ["move-node-to-workspace", "M"]
[DEBUG] [2:33:44 PM] parseCmdArgs.swift:3 parseCmdArgs(_:) - PARSECMDARGS: Parsing args: ["move-node-to-workspace", "M"], subcommand: 'move-node-to-workspace'
[DEBUG] [2:33:44 PM] parseCmdArgs.swift:8 parseCmdArgs(_:) - PARSECMDARGS: Found parser for subcommand 'move-node-to-workspace'
[DEBUG] [2:33:44 PM] parseCmdArgs.swift:12 parseCmdArgs(_:) - PARSECMDARGS: Successfully parsed to MoveNodeToWorkspaceCmdArgs
[DEBUG] [2:33:44 PM] cmdManifest.swift:5 toCommand() - CMDMANIFEST: Converting CmdArgs to Command - kind: moveNodeToWorkspace
[DEBUG] [2:33:44 PM] cmdManifest.swift:84 toCommand() - CMDMANIFEST: Created command: MoveNodeToWorkspaceCommand
[DEBUG] [2:33:44 PM] parseCommand.swift:23 parseCommand(_:) - PARSECOMMAND: Successfully parsed command: MoveNodeToWorkspaceCommand
[DEBUG] [2:33:44 PM] parseCommand.swift:5 parseCommand(_:) - PARSECOMMAND: Parsing command string: 'move-node-to-workspace N'
[DEBUG] [2:33:44 PM] parseCommand.swift:11 parseCommand(_:) - PARSECOMMAND: Split into args: ["move-node-to-workspace", "N"]
[DEBUG] [2:33:44 PM] parseCommand.swift:19 parseCommand(_:) - PARSECOMMAND: Parsing command args: ["move-node-to-workspace", "N"]
[DEBUG] [2:33:44 PM] parseCmdArgs.swift:3 parseCmdArgs(_:) - PARSECMDARGS: Parsing args: ["move-node-to-workspace", "N"], subcommand: 'move-node-to-workspace'
[DEBUG] [2:33:44 PM] parseCmdArgs.swift:8 parseCmdArgs(_:) - PARSECMDARGS: Found parser for subcommand 'move-node-to-workspace'
[DEBUG] [2:33:44 PM] parseCmdArgs.swift:12 parseCmdArgs(_:) - PARSECMDARGS: Successfully parsed to MoveNodeToWorkspaceCmdArgs
[DEBUG] [2:33:44 PM] cmdManifest.swift:5 toCommand() - CMDMANIFEST: Converting CmdArgs to Command - kind: moveNodeToWorkspace
[DEBUG] [2:33:44 PM] cmdManifest.swift:84 toCommand() - CMDMANIFEST: Created command: MoveNodeToWorkspaceCommand
[DEBUG] [2:33:44 PM] parseCommand.swift:23 parseCommand(_:) - PARSECOMMAND: Successfully parsed command: MoveNodeToWorkspaceCommand
[DEBUG] [2:33:44 PM] parseCommand.swift:5 parseCommand(_:) - PARSECOMMAND: Parsing command string: 'move-node-to-workspace O'
[DEBUG] [2:33:44 PM] parseCommand.swift:11 parseCommand(_:) - PARSECOMMAND: Split into args: ["move-node-to-workspace", "O"]
[DEBUG] [2:33:44 PM] parseCommand.swift:19 parseCommand(_:) - PARSECOMMAND: Parsing command args: ["move-node-to-workspace", "O"]
[DEBUG] [2:33:44 PM] parseCmdArgs.swift:3 parseCmdArgs(_:) - PARSECMDARGS: Parsing args: ["move-node-to-workspace", "O"], subcommand: 'move-node-to-workspace'
[DEBUG] [2:33:44 PM] parseCmdArgs.swift:8 parseCmdArgs(_:) - PARSECMDARGS: Found parser for subcommand 'move-node-to-workspace'
[DEBUG] [2:33:44 PM] parseCmdArgs.swift:12 parseCmdArgs(_:) - PARSECMDARGS: Successfully parsed to MoveNodeToWorkspaceCmdArgs
[DEBUG] [2:33:44 PM] cmdManifest.swift:5 toCommand() - CMDMANIFEST: Converting CmdArgs to Command - kind: moveNodeToWorkspace
[DEBUG] [2:33:44 PM] cmdManifest.swift:84 toCommand() - CMDMANIFEST: Created command: MoveNodeToWorkspaceCommand
[DEBUG] [2:33:44 PM] parseCommand.swift:23 parseCommand(_:) - PARSECOMMAND: Successfully parsed command: MoveNodeToWorkspaceCommand
[DEBUG] [2:33:44 PM] parseCommand.swift:5 parseCommand(_:) - PARSECOMMAND: Parsing command string: 'move-node-to-workspace P'
[DEBUG] [2:33:44 PM] parseCommand.swift:11 parseCommand(_:) - PARSECOMMAND: Split into args: ["move-node-to-workspace", "P"]
[DEBUG] [2:33:44 PM] parseCommand.swift:19 parseCommand(_:) - PARSECOMMAND: Parsing command args: ["move-node-to-workspace", "P"]
[DEBUG] [2:33:44 PM] parseCmdArgs.swift:3 parseCmdArgs(_:) - PARSECMDARGS: Parsing args: ["move-node-to-workspace", "P"], subcommand: 'move-node-to-workspace'
[DEBUG] [2:33:44 PM] parseCmdArgs.swift:8 parseCmdArgs(_:) - PARSECMDARGS: Found parser for subcommand 'move-node-to-workspace'
[DEBUG] [2:33:44 PM] parseCmdArgs.swift:12 parseCmdArgs(_:) - PARSECMDARGS: Successfully parsed to MoveNodeToWorkspaceCmdArgs
[DEBUG] [2:33:44 PM] cmdManifest.swift:5 toCommand() - CMDMANIFEST: Converting CmdArgs to Command - kind: moveNodeToWorkspace
[DEBUG] [2:33:44 PM] cmdManifest.swift:84 toCommand() - CMDMANIFEST: Created command: MoveNodeToWorkspaceCommand
[DEBUG] [2:33:44 PM] parseCommand.swift:23 parseCommand(_:) - PARSECOMMAND: Successfully parsed command: MoveNodeToWorkspaceCommand
[DEBUG] [2:33:44 PM] parseCommand.swift:5 parseCommand(_:) - PARSECOMMAND: Parsing command string: 'move-node-to-workspace Q'
[DEBUG] [2:33:44 PM] parseCommand.swift:11 parseCommand(_:) - PARSECOMMAND: Split into args: ["move-node-to-workspace", "Q"]
[DEBUG] [2:33:44 PM] parseCommand.swift:19 parseCommand(_:) - PARSECOMMAND: Parsing command args: ["move-node-to-workspace", "Q"]
[DEBUG] [2:33:44 PM] parseCmdArgs.swift:3 parseCmdArgs(_:) - PARSECMDARGS: Parsing args: ["move-node-to-workspace", "Q"], subcommand: 'move-node-to-workspace'
[DEBUG] [2:33:44 PM] parseCmdArgs.swift:8 parseCmdArgs(_:) - PARSECMDARGS: Found parser for subcommand 'move-node-to-workspace'
[DEBUG] [2:33:44 PM] parseCmdArgs.swift:12 parseCmdArgs(_:) - PARSECMDARGS: Successfully parsed to MoveNodeToWorkspaceCmdArgs
[DEBUG] [2:33:44 PM] cmdManifest.swift:5 toCommand() - CMDMANIFEST: Converting CmdArgs to Command - kind: moveNodeToWorkspace
[DEBUG] [2:33:44 PM] cmdManifest.swift:84 toCommand() - CMDMANIFEST: Created command: MoveNodeToWorkspaceCommand
[DEBUG] [2:33:44 PM] parseCommand.swift:23 parseCommand(_:) - PARSECOMMAND: Successfully parsed command: MoveNodeToWorkspaceCommand
[DEBUG] [2:33:44 PM] parseCommand.swift:5 parseCommand(_:) - PARSECOMMAND: Parsing command string: 'move-node-to-workspace R'
[DEBUG] [2:33:44 PM] parseCommand.swift:11 parseCommand(_:) - PARSECOMMAND: Split into args: ["move-node-to-workspace", "R"]
[DEBUG] [2:33:44 PM] parseCommand.swift:19 parseCommand(_:) - PARSECOMMAND: Parsing command args: ["move-node-to-workspace", "R"]
[DEBUG] [2:33:44 PM] parseCmdArgs.swift:3 parseCmdArgs(_:) - PARSECMDARGS: Parsing args: ["move-node-to-workspace", "R"], subcommand: 'move-node-to-workspace'
[DEBUG] [2:33:44 PM] parseCmdArgs.swift:8 parseCmdArgs(_:) - PARSECMDARGS: Found parser for subcommand 'move-node-to-workspace'
[DEBUG] [2:33:44 PM] parseCmdArgs.swift:12 parseCmdArgs(_:) - PARSECMDARGS: Successfully parsed to MoveNodeToWorkspaceCmdArgs
[DEBUG] [2:33:44 PM] cmdManifest.swift:5 toCommand() - CMDMANIFEST: Converting CmdArgs to Command - kind: moveNodeToWorkspace
[DEBUG] [2:33:44 PM] cmdManifest.swift:84 toCommand() - CMDMANIFEST: Created command: MoveNodeToWorkspaceCommand
[DEBUG] [2:33:44 PM] parseCommand.swift:23 parseCommand(_:) - PARSECOMMAND: Successfully parsed command: MoveNodeToWorkspaceCommand
[DEBUG] [2:33:44 PM] parseCommand.swift:5 parseCommand(_:) - PARSECOMMAND: Parsing command string: 'move-node-to-workspace S'
[DEBUG] [2:33:44 PM] parseCommand.swift:11 parseCommand(_:) - PARSECOMMAND: Split into args: ["move-node-to-workspace", "S"]
[DEBUG] [2:33:44 PM] parseCommand.swift:19 parseCommand(_:) - PARSECOMMAND: Parsing command args: ["move-node-to-workspace", "S"]
[DEBUG] [2:33:44 PM] parseCmdArgs.swift:3 parseCmdArgs(_:) - PARSECMDARGS: Parsing args: ["move-node-to-workspace", "S"], subcommand: 'move-node-to-workspace'
[DEBUG] [2:33:44 PM] parseCmdArgs.swift:8 parseCmdArgs(_:) - PARSECMDARGS: Found parser for subcommand 'move-node-to-workspace'
[DEBUG] [2:33:44 PM] parseCmdArgs.swift:12 parseCmdArgs(_:) - PARSECMDARGS: Successfully parsed to MoveNodeToWorkspaceCmdArgs
[DEBUG] [2:33:44 PM] cmdManifest.swift:5 toCommand() - CMDMANIFEST: Converting CmdArgs to Command - kind: moveNodeToWorkspace
[DEBUG] [2:33:44 PM] cmdManifest.swift:84 toCommand() - CMDMANIFEST: Created command: MoveNodeToWorkspaceCommand
[DEBUG] [2:33:44 PM] parseCommand.swift:23 parseCommand(_:) - PARSECOMMAND: Successfully parsed command: MoveNodeToWorkspaceCommand
[DEBUG] [2:33:44 PM] parseCommand.swift:5 parseCommand(_:) - PARSECOMMAND: Parsing command string: 'mode service'
[DEBUG] [2:33:44 PM] parseCommand.swift:11 parseCommand(_:) - PARSECOMMAND: Split into args: ["mode", "service"]
[DEBUG] [2:33:44 PM] parseCommand.swift:19 parseCommand(_:) - PARSECOMMAND: Parsing command args: ["mode", "service"]
[DEBUG] [2:33:44 PM] parseCmdArgs.swift:3 parseCmdArgs(_:) - PARSECMDARGS: Parsing args: ["mode", "service"], subcommand: 'mode'
[DEBUG] [2:33:44 PM] parseCmdArgs.swift:8 parseCmdArgs(_:) - PARSECMDARGS: Found parser for subcommand 'mode'
[DEBUG] [2:33:44 PM] parseCmdArgs.swift:12 parseCmdArgs(_:) - PARSECMDARGS: Successfully parsed to ModeCmdArgs
[DEBUG] [2:33:44 PM] cmdManifest.swift:5 toCommand() - CMDMANIFEST: Converting CmdArgs to Command - kind: mode
[DEBUG] [2:33:44 PM] cmdManifest.swift:84 toCommand() - CMDMANIFEST: Created command: ModeCommand
[DEBUG] [2:33:44 PM] parseCommand.swift:23 parseCommand(_:) - PARSECOMMAND: Successfully parsed command: ModeCommand
[DEBUG] [2:33:44 PM] parseCommand.swift:5 parseCommand(_:) - PARSECOMMAND: Parsing command string: 'move-node-to-workspace T'
[DEBUG] [2:33:44 PM] parseCommand.swift:11 parseCommand(_:) - PARSECOMMAND: Split into args: ["move-node-to-workspace", "T"]
[DEBUG] [2:33:44 PM] parseCommand.swift:19 parseCommand(_:) - PARSECOMMAND: Parsing command args: ["move-node-to-workspace", "T"]
[DEBUG] [2:33:44 PM] parseCmdArgs.swift:3 parseCmdArgs(_:) - PARSECMDARGS: Parsing args: ["move-node-to-workspace", "T"], subcommand: 'move-node-to-workspace'
[DEBUG] [2:33:44 PM] parseCmdArgs.swift:8 parseCmdArgs(_:) - PARSECMDARGS: Found parser for subcommand 'move-node-to-workspace'
[DEBUG] [2:33:44 PM] parseCmdArgs.swift:12 parseCmdArgs(_:) - PARSECMDARGS: Successfully parsed to MoveNodeToWorkspaceCmdArgs
[DEBUG] [2:33:44 PM] cmdManifest.swift:5 toCommand() - CMDMANIFEST: Converting CmdArgs to Command - kind: moveNodeToWorkspace
[DEBUG] [2:33:44 PM] cmdManifest.swift:84 toCommand() - CMDMANIFEST: Created command: MoveNodeToWorkspaceCommand
[DEBUG] [2:33:44 PM] parseCommand.swift:23 parseCommand(_:) - PARSECOMMAND: Successfully parsed command: MoveNodeToWorkspaceCommand
[DEBUG] [2:33:44 PM] parseCommand.swift:5 parseCommand(_:) - PARSECOMMAND: Parsing command string: 'move-workspace-to-monitor --wrap-around next'
[DEBUG] [2:33:44 PM] parseCommand.swift:11 parseCommand(_:) - PARSECOMMAND: Split into args: ["move-workspace-to-monitor", "--wrap-around", "next"]
[DEBUG] [2:33:44 PM] parseCommand.swift:19 parseCommand(_:) - PARSECOMMAND: Parsing command args: ["move-workspace-to-monitor", "--wrap-around", "next"]
[DEBUG] [2:33:44 PM] parseCmdArgs.swift:3 parseCmdArgs(_:) - PARSECMDARGS: Parsing args: ["move-workspace-to-monitor", "--wrap-around", "next"], subcommand: 'move-workspace-to-monitor'
[DEBUG] [2:33:44 PM] parseCmdArgs.swift:8 parseCmdArgs(_:) - PARSECMDARGS: Found parser for subcommand 'move-workspace-to-monitor'
[DEBUG] [2:33:44 PM] parseCmdArgs.swift:12 parseCmdArgs(_:) - PARSECMDARGS: Successfully parsed to MoveWorkspaceToMonitorCmdArgs
[DEBUG] [2:33:44 PM] cmdManifest.swift:5 toCommand() - CMDMANIFEST: Converting CmdArgs to Command - kind: moveWorkspaceToMonitor
[DEBUG] [2:33:44 PM] cmdManifest.swift:84 toCommand() - CMDMANIFEST: Created command: MoveWorkspaceToMonitorCommand
[DEBUG] [2:33:44 PM] parseCommand.swift:23 parseCommand(_:) - PARSECOMMAND: Successfully parsed command: MoveWorkspaceToMonitorCommand
[DEBUG] [2:33:44 PM] parseCommand.swift:5 parseCommand(_:) - PARSECOMMAND: Parsing command string: 'move-node-to-workspace U'
[DEBUG] [2:33:44 PM] parseCommand.swift:11 parseCommand(_:) - PARSECOMMAND: Split into args: ["move-node-to-workspace", "U"]
[DEBUG] [2:33:44 PM] parseCommand.swift:19 parseCommand(_:) - PARSECOMMAND: Parsing command args: ["move-node-to-workspace", "U"]
[DEBUG] [2:33:44 PM] parseCmdArgs.swift:3 parseCmdArgs(_:) - PARSECMDARGS: Parsing args: ["move-node-to-workspace", "U"], subcommand: 'move-node-to-workspace'
[DEBUG] [2:33:44 PM] parseCmdArgs.swift:8 parseCmdArgs(_:) - PARSECMDARGS: Found parser for subcommand 'move-node-to-workspace'
[DEBUG] [2:33:44 PM] parseCmdArgs.swift:12 parseCmdArgs(_:) - PARSECMDARGS: Successfully parsed to MoveNodeToWorkspaceCmdArgs
[DEBUG] [2:33:44 PM] cmdManifest.swift:5 toCommand() - CMDMANIFEST: Converting CmdArgs to Command - kind: moveNodeToWorkspace
[DEBUG] [2:33:44 PM] cmdManifest.swift:84 toCommand() - CMDMANIFEST: Created command: MoveNodeToWorkspaceCommand
[DEBUG] [2:33:44 PM] parseCommand.swift:23 parseCommand(_:) - PARSECOMMAND: Successfully parsed command: MoveNodeToWorkspaceCommand
[DEBUG] [2:33:44 PM] parseCommand.swift:5 parseCommand(_:) - PARSECOMMAND: Parsing command string: 'move-node-to-workspace V'
[DEBUG] [2:33:44 PM] parseCommand.swift:11 parseCommand(_:) - PARSECOMMAND: Split into args: ["move-node-to-workspace", "V"]
[DEBUG] [2:33:44 PM] parseCommand.swift:19 parseCommand(_:) - PARSECOMMAND: Parsing command args: ["move-node-to-workspace", "V"]
[DEBUG] [2:33:44 PM] parseCmdArgs.swift:3 parseCmdArgs(_:) - PARSECMDARGS: Parsing args: ["move-node-to-workspace", "V"], subcommand: 'move-node-to-workspace'
[DEBUG] [2:33:44 PM] parseCmdArgs.swift:8 parseCmdArgs(_:) - PARSECMDARGS: Found parser for subcommand 'move-node-to-workspace'
[DEBUG] [2:33:44 PM] parseCmdArgs.swift:12 parseCmdArgs(_:) - PARSECMDARGS: Successfully parsed to MoveNodeToWorkspaceCmdArgs
[DEBUG] [2:33:44 PM] cmdManifest.swift:5 toCommand() - CMDMANIFEST: Converting CmdArgs to Command - kind: moveNodeToWorkspace
[DEBUG] [2:33:44 PM] cmdManifest.swift:84 toCommand() - CMDMANIFEST: Created command: MoveNodeToWorkspaceCommand
[DEBUG] [2:33:44 PM] parseCommand.swift:23 parseCommand(_:) - PARSECOMMAND: Successfully parsed command: MoveNodeToWorkspaceCommand
[DEBUG] [2:33:44 PM] parseCommand.swift:5 parseCommand(_:) - PARSECOMMAND: Parsing command string: 'move-node-to-workspace W'
[DEBUG] [2:33:44 PM] parseCommand.swift:11 parseCommand(_:) - PARSECOMMAND: Split into args: ["move-node-to-workspace", "W"]
[DEBUG] [2:33:44 PM] parseCommand.swift:19 parseCommand(_:) - PARSECOMMAND: Parsing command args: ["move-node-to-workspace", "W"]
[DEBUG] [2:33:44 PM] parseCmdArgs.swift:3 parseCmdArgs(_:) - PARSECMDARGS: Parsing args: ["move-node-to-workspace", "W"], subcommand: 'move-node-to-workspace'
[DEBUG] [2:33:44 PM] parseCmdArgs.swift:8 parseCmdArgs(_:) - PARSECMDARGS: Found parser for subcommand 'move-node-to-workspace'
[DEBUG] [2:33:44 PM] parseCmdArgs.swift:12 parseCmdArgs(_:) - PARSECMDARGS: Successfully parsed to MoveNodeToWorkspaceCmdArgs
[DEBUG] [2:33:44 PM] cmdManifest.swift:5 toCommand() - CMDMANIFEST: Converting CmdArgs to Command - kind: moveNodeToWorkspace
[DEBUG] [2:33:44 PM] cmdManifest.swift:84 toCommand() - CMDMANIFEST: Created command: MoveNodeToWorkspaceCommand
[DEBUG] [2:33:44 PM] parseCommand.swift:23 parseCommand(_:) - PARSECOMMAND: Successfully parsed command: MoveNodeToWorkspaceCommand
[DEBUG] [2:33:44 PM] parseCommand.swift:5 parseCommand(_:) - PARSECOMMAND: Parsing command string: 'move-node-to-workspace X'
[DEBUG] [2:33:44 PM] parseCommand.swift:11 parseCommand(_:) - PARSECOMMAND: Split into args: ["move-node-to-workspace", "X"]
[DEBUG] [2:33:44 PM] parseCommand.swift:19 parseCommand(_:) - PARSECOMMAND: Parsing command args: ["move-node-to-workspace", "X"]
[DEBUG] [2:33:44 PM] parseCmdArgs.swift:3 parseCmdArgs(_:) - PARSECMDARGS: Parsing args: ["move-node-to-workspace", "X"], subcommand: 'move-node-to-workspace'
[DEBUG] [2:33:44 PM] parseCmdArgs.swift:8 parseCmdArgs(_:) - PARSECMDARGS: Found parser for subcommand 'move-node-to-workspace'
[DEBUG] [2:33:44 PM] parseCmdArgs.swift:12 parseCmdArgs(_:) - PARSECMDARGS: Successfully parsed to MoveNodeToWorkspaceCmdArgs
[DEBUG] [2:33:44 PM] cmdManifest.swift:5 toCommand() - CMDMANIFEST: Converting CmdArgs to Command - kind: moveNodeToWorkspace
[DEBUG] [2:33:44 PM] cmdManifest.swift:84 toCommand() - CMDMANIFEST: Created command: MoveNodeToWorkspaceCommand
[DEBUG] [2:33:44 PM] parseCommand.swift:23 parseCommand(_:) - PARSECOMMAND: Successfully parsed command: MoveNodeToWorkspaceCommand
[DEBUG] [2:33:44 PM] parseCommand.swift:5 parseCommand(_:) - PARSECOMMAND: Parsing command string: 'move-node-to-workspace Y'
[DEBUG] [2:33:44 PM] parseCommand.swift:11 parseCommand(_:) - PARSECOMMAND: Split into args: ["move-node-to-workspace", "Y"]
[DEBUG] [2:33:44 PM] parseCommand.swift:19 parseCommand(_:) - PARSECOMMAND: Parsing command args: ["move-node-to-workspace", "Y"]
[DEBUG] [2:33:44 PM] parseCmdArgs.swift:3 parseCmdArgs(_:) - PARSECMDARGS: Parsing args: ["move-node-to-workspace", "Y"], subcommand: 'move-node-to-workspace'
[DEBUG] [2:33:44 PM] parseCmdArgs.swift:8 parseCmdArgs(_:) - PARSECMDARGS: Found parser for subcommand 'move-node-to-workspace'
[DEBUG] [2:33:44 PM] parseCmdArgs.swift:12 parseCmdArgs(_:) - PARSECMDARGS: Successfully parsed to MoveNodeToWorkspaceCmdArgs
[DEBUG] [2:33:44 PM] cmdManifest.swift:5 toCommand() - CMDMANIFEST: Converting CmdArgs to Command - kind: moveNodeToWorkspace
[DEBUG] [2:33:44 PM] cmdManifest.swift:84 toCommand() - CMDMANIFEST: Created command: MoveNodeToWorkspaceCommand
[DEBUG] [2:33:44 PM] parseCommand.swift:23 parseCommand(_:) - PARSECOMMAND: Successfully parsed command: MoveNodeToWorkspaceCommand
[DEBUG] [2:33:44 PM] parseCommand.swift:5 parseCommand(_:) - PARSECOMMAND: Parsing command string: 'move-node-to-workspace Z'
[DEBUG] [2:33:44 PM] parseCommand.swift:11 parseCommand(_:) - PARSECOMMAND: Split into args: ["move-node-to-workspace", "Z"]
[DEBUG] [2:33:44 PM] parseCommand.swift:19 parseCommand(_:) - PARSECOMMAND: Parsing command args: ["move-node-to-workspace", "Z"]
[DEBUG] [2:33:44 PM] parseCmdArgs.swift:3 parseCmdArgs(_:) - PARSECMDARGS: Parsing args: ["move-node-to-workspace", "Z"], subcommand: 'move-node-to-workspace'
[DEBUG] [2:33:44 PM] parseCmdArgs.swift:8 parseCmdArgs(_:) - PARSECMDARGS: Found parser for subcommand 'move-node-to-workspace'
[DEBUG] [2:33:44 PM] parseCmdArgs.swift:12 parseCmdArgs(_:) - PARSECMDARGS: Successfully parsed to MoveNodeToWorkspaceCmdArgs
[DEBUG] [2:33:44 PM] cmdManifest.swift:5 toCommand() - CMDMANIFEST: Converting CmdArgs to Command - kind: moveNodeToWorkspace
[DEBUG] [2:33:44 PM] cmdManifest.swift:84 toCommand() - CMDMANIFEST: Created command: MoveNodeToWorkspaceCommand
[DEBUG] [2:33:44 PM] parseCommand.swift:23 parseCommand(_:) - PARSECOMMAND: Successfully parsed command: MoveNodeToWorkspaceCommand
[DEBUG] [2:33:44 PM] parseCommand.swift:5 parseCommand(_:) - PARSECOMMAND: Parsing command string: 'layout tiles horizontal vertical'
[DEBUG] [2:33:44 PM] parseCommand.swift:11 parseCommand(_:) - PARSECOMMAND: Split into args: ["layout", "tiles", "horizontal", "vertical"]
[DEBUG] [2:33:44 PM] parseCommand.swift:19 parseCommand(_:) - PARSECOMMAND: Parsing command args: ["layout", "tiles", "horizontal", "vertical"]
[DEBUG] [2:33:44 PM] parseCmdArgs.swift:3 parseCmdArgs(_:) - PARSECMDARGS: Parsing args: ["layout", "tiles", "horizontal", "vertical"], subcommand: 'layout'
[DEBUG] [2:33:44 PM] parseCmdArgs.swift:8 parseCmdArgs(_:) - PARSECMDARGS: Found parser for subcommand 'layout'
[DEBUG] [2:33:44 PM] parseCmdArgs.swift:12 parseCmdArgs(_:) - PARSECMDARGS: Successfully parsed to LayoutCmdArgs
[DEBUG] [2:33:44 PM] cmdManifest.swift:5 toCommand() - CMDMANIFEST: Converting CmdArgs to Command - kind: layout
[DEBUG] [2:33:44 PM] cmdManifest.swift:36 toCommand() - CMDMANIFEST: Creating LayoutCommand with toggleBetween: [Common.LayoutCmdArgs.LayoutDescription.tiles, Common.LayoutCmdArgs.LayoutDescription.horizontal, Common.LayoutCmdArgs.LayoutDescription.vertical]
[DEBUG] [2:33:44 PM] LayoutCommand.swift:9 init(args:) - COMMAND: LayoutCommand initialized with args: [Common.LayoutCmdArgs.LayoutDescription.tiles, Common.LayoutCmdArgs.LayoutDescription.horizontal, Common.LayoutCmdArgs.LayoutDescription.vertical]
[DEBUG] [2:33:44 PM] cmdManifest.swift:84 toCommand() - CMDMANIFEST: Created command: LayoutCommand
[DEBUG] [2:33:44 PM] parseCommand.swift:23 parseCommand(_:) - PARSECOMMAND: Successfully parsed command: LayoutCommand
[DEBUG] [2:33:44 PM] parseCommand.swift:5 parseCommand(_:) - PARSECOMMAND: Parsing command string: 'workspace T'
[DEBUG] [2:33:44 PM] parseCommand.swift:11 parseCommand(_:) - PARSECOMMAND: Split into args: ["workspace", "T"]
[DEBUG] [2:33:44 PM] parseCommand.swift:19 parseCommand(_:) - PARSECOMMAND: Parsing command args: ["workspace", "T"]
[DEBUG] [2:33:44 PM] parseCmdArgs.swift:3 parseCmdArgs(_:) - PARSECMDARGS: Parsing args: ["workspace", "T"], subcommand: 'workspace'
[DEBUG] [2:33:44 PM] parseCmdArgs.swift:8 parseCmdArgs(_:) - PARSECMDARGS: Found parser for subcommand 'workspace'
[DEBUG] [2:33:44 PM] parseCmdArgs.swift:12 parseCmdArgs(_:) - PARSECMDARGS: Successfully parsed to WorkspaceCmdArgs
[DEBUG] [2:33:44 PM] cmdManifest.swift:5 toCommand() - CMDMANIFEST: Converting CmdArgs to Command - kind: workspace
[DEBUG] [2:33:44 PM] cmdManifest.swift:84 toCommand() - CMDMANIFEST: Created command: WorkspaceCommand
[DEBUG] [2:33:44 PM] parseCommand.swift:23 parseCommand(_:) - PARSECOMMAND: Successfully parsed command: WorkspaceCommand
[DEBUG] [2:33:44 PM] parseCommand.swift:5 parseCommand(_:) - PARSECOMMAND: Parsing command string: 'workspace-back-and-forth'
[DEBUG] [2:33:44 PM] parseCommand.swift:11 parseCommand(_:) - PARSECOMMAND: Split into args: ["workspace-back-and-forth"]
[DEBUG] [2:33:44 PM] parseCommand.swift:19 parseCommand(_:) - PARSECOMMAND: Parsing command args: ["workspace-back-and-forth"]
[DEBUG] [2:33:44 PM] parseCmdArgs.swift:3 parseCmdArgs(_:) - PARSECMDARGS: Parsing args: ["workspace-back-and-forth"], subcommand: 'workspace-back-and-forth'
[DEBUG] [2:33:44 PM] parseCmdArgs.swift:8 parseCmdArgs(_:) - PARSECMDARGS: Found parser for subcommand 'workspace-back-and-forth'
[DEBUG] [2:33:44 PM] parseCmdArgs.swift:12 parseCmdArgs(_:) - PARSECMDARGS: Successfully parsed to WorkspaceBackAndForthCmdArgs
[DEBUG] [2:33:44 PM] cmdManifest.swift:5 toCommand() - CMDMANIFEST: Converting CmdArgs to Command - kind: workspaceBackAndForth
[DEBUG] [2:33:44 PM] cmdManifest.swift:84 toCommand() - CMDMANIFEST: Created command: WorkspaceBackAndForthCommand
[DEBUG] [2:33:44 PM] parseCommand.swift:23 parseCommand(_:) - PARSECOMMAND: Successfully parsed command: WorkspaceBackAndForthCommand
[DEBUG] [2:33:44 PM] parseCommand.swift:5 parseCommand(_:) - PARSECOMMAND: Parsing command string: 'workspace U'
[DEBUG] [2:33:44 PM] parseCommand.swift:11 parseCommand(_:) - PARSECOMMAND: Split into args: ["workspace", "U"]
[DEBUG] [2:33:44 PM] parseCommand.swift:19 parseCommand(_:) - PARSECOMMAND: Parsing command args: ["workspace", "U"]
[DEBUG] [2:33:44 PM] parseCmdArgs.swift:3 parseCmdArgs(_:) - PARSECMDARGS: Parsing args: ["workspace", "U"], subcommand: 'workspace'
[DEBUG] [2:33:44 PM] parseCmdArgs.swift:8 parseCmdArgs(_:) - PARSECMDARGS: Found parser for subcommand 'workspace'
[DEBUG] [2:33:44 PM] parseCmdArgs.swift:12 parseCmdArgs(_:) - PARSECMDARGS: Successfully parsed to WorkspaceCmdArgs
[DEBUG] [2:33:44 PM] cmdManifest.swift:5 toCommand() - CMDMANIFEST: Converting CmdArgs to Command - kind: workspace
[DEBUG] [2:33:44 PM] cmdManifest.swift:84 toCommand() - CMDMANIFEST: Created command: WorkspaceCommand
[DEBUG] [2:33:44 PM] parseCommand.swift:23 parseCommand(_:) - PARSECOMMAND: Successfully parsed command: WorkspaceCommand
[DEBUG] [2:33:44 PM] parseCommand.swift:5 parseCommand(_:) - PARSECOMMAND: Parsing command string: 'workspace V'
[DEBUG] [2:33:44 PM] parseCommand.swift:11 parseCommand(_:) - PARSECOMMAND: Split into args: ["workspace", "V"]
[DEBUG] [2:33:44 PM] parseCommand.swift:19 parseCommand(_:) - PARSECOMMAND: Parsing command args: ["workspace", "V"]
[DEBUG] [2:33:44 PM] parseCmdArgs.swift:3 parseCmdArgs(_:) - PARSECMDARGS: Parsing args: ["workspace", "V"], subcommand: 'workspace'
[DEBUG] [2:33:44 PM] parseCmdArgs.swift:8 parseCmdArgs(_:) - PARSECMDARGS: Found parser for subcommand 'workspace'
[DEBUG] [2:33:44 PM] parseCmdArgs.swift:12 parseCmdArgs(_:) - PARSECMDARGS: Successfully parsed to WorkspaceCmdArgs
[DEBUG] [2:33:44 PM] cmdManifest.swift:5 toCommand() - CMDMANIFEST: Converting CmdArgs to Command - kind: workspace
[DEBUG] [2:33:44 PM] cmdManifest.swift:84 toCommand() - CMDMANIFEST: Created command: WorkspaceCommand
[DEBUG] [2:33:44 PM] parseCommand.swift:23 parseCommand(_:) - PARSECOMMAND: Successfully parsed command: WorkspaceCommand
[DEBUG] [2:33:44 PM] parseCommand.swift:5 parseCommand(_:) - PARSECOMMAND: Parsing command string: 'workspace W'
[DEBUG] [2:33:44 PM] parseCommand.swift:11 parseCommand(_:) - PARSECOMMAND: Split into args: ["workspace", "W"]
[DEBUG] [2:33:44 PM] parseCommand.swift:19 parseCommand(_:) - PARSECOMMAND: Parsing command args: ["workspace", "W"]
[DEBUG] [2:33:44 PM] parseCmdArgs.swift:3 parseCmdArgs(_:) - PARSECMDARGS: Parsing args: ["workspace", "W"], subcommand: 'workspace'
[DEBUG] [2:33:44 PM] parseCmdArgs.swift:8 parseCmdArgs(_:) - PARSECMDARGS: Found parser for subcommand 'workspace'
[DEBUG] [2:33:44 PM] parseCmdArgs.swift:12 parseCmdArgs(_:) - PARSECMDARGS: Successfully parsed to WorkspaceCmdArgs
[DEBUG] [2:33:44 PM] cmdManifest.swift:5 toCommand() - CMDMANIFEST: Converting CmdArgs to Command - kind: workspace
[DEBUG] [2:33:44 PM] cmdManifest.swift:84 toCommand() - CMDMANIFEST: Created command: WorkspaceCommand
[DEBUG] [2:33:44 PM] parseCommand.swift:23 parseCommand(_:) - PARSECOMMAND: Successfully parsed command: WorkspaceCommand
[DEBUG] [2:33:44 PM] parseCommand.swift:5 parseCommand(_:) - PARSECOMMAND: Parsing command string: 'workspace X'
[DEBUG] [2:33:44 PM] parseCommand.swift:11 parseCommand(_:) - PARSECOMMAND: Split into args: ["workspace", "X"]
[DEBUG] [2:33:44 PM] parseCommand.swift:19 parseCommand(_:) - PARSECOMMAND: Parsing command args: ["workspace", "X"]
[DEBUG] [2:33:44 PM] parseCmdArgs.swift:3 parseCmdArgs(_:) - PARSECMDARGS: Parsing args: ["workspace", "X"], subcommand: 'workspace'
[DEBUG] [2:33:44 PM] parseCmdArgs.swift:8 parseCmdArgs(_:) - PARSECMDARGS: Found parser for subcommand 'workspace'
[DEBUG] [2:33:44 PM] parseCmdArgs.swift:12 parseCmdArgs(_:) - PARSECMDARGS: Successfully parsed to WorkspaceCmdArgs
[DEBUG] [2:33:44 PM] cmdManifest.swift:5 toCommand() - CMDMANIFEST: Converting CmdArgs to Command - kind: workspace
[DEBUG] [2:33:44 PM] cmdManifest.swift:84 toCommand() - CMDMANIFEST: Created command: WorkspaceCommand
[DEBUG] [2:33:44 PM] parseCommand.swift:23 parseCommand(_:) - PARSECOMMAND: Successfully parsed command: WorkspaceCommand
[DEBUG] [2:33:44 PM] parseCommand.swift:5 parseCommand(_:) - PARSECOMMAND: Parsing command string: 'workspace Y'
[DEBUG] [2:33:44 PM] parseCommand.swift:11 parseCommand(_:) - PARSECOMMAND: Split into args: ["workspace", "Y"]
[DEBUG] [2:33:44 PM] parseCommand.swift:19 parseCommand(_:) - PARSECOMMAND: Parsing command args: ["workspace", "Y"]
[DEBUG] [2:33:44 PM] parseCmdArgs.swift:3 parseCmdArgs(_:) - PARSECMDARGS: Parsing args: ["workspace", "Y"], subcommand: 'workspace'
[DEBUG] [2:33:44 PM] parseCmdArgs.swift:8 parseCmdArgs(_:) - PARSECMDARGS: Found parser for subcommand 'workspace'
[DEBUG] [2:33:44 PM] parseCmdArgs.swift:12 parseCmdArgs(_:) - PARSECMDARGS: Successfully parsed to WorkspaceCmdArgs
[DEBUG] [2:33:44 PM] cmdManifest.swift:5 toCommand() - CMDMANIFEST: Converting CmdArgs to Command - kind: workspace
[DEBUG] [2:33:44 PM] cmdManifest.swift:84 toCommand() - CMDMANIFEST: Created command: WorkspaceCommand
[DEBUG] [2:33:44 PM] parseCommand.swift:23 parseCommand(_:) - PARSECOMMAND: Successfully parsed command: WorkspaceCommand
[DEBUG] [2:33:44 PM] parseCommand.swift:5 parseCommand(_:) - PARSECOMMAND: Parsing command string: 'workspace Z'
[DEBUG] [2:33:44 PM] parseCommand.swift:11 parseCommand(_:) - PARSECOMMAND: Split into args: ["workspace", "Z"]
[DEBUG] [2:33:44 PM] parseCommand.swift:19 parseCommand(_:) - PARSECOMMAND: Parsing command args: ["workspace", "Z"]
[DEBUG] [2:33:44 PM] parseCmdArgs.swift:3 parseCmdArgs(_:) - PARSECMDARGS: Parsing args: ["workspace", "Z"], subcommand: 'workspace'
[DEBUG] [2:33:44 PM] parseCmdArgs.swift:8 parseCmdArgs(_:) - PARSECMDARGS: Found parser for subcommand 'workspace'
[DEBUG] [2:33:44 PM] parseCmdArgs.swift:12 parseCmdArgs(_:) - PARSECMDARGS: Successfully parsed to WorkspaceCmdArgs
[DEBUG] [2:33:44 PM] cmdManifest.swift:5 toCommand() - CMDMANIFEST: Converting CmdArgs to Command - kind: workspace
[DEBUG] [2:33:44 PM] cmdManifest.swift:84 toCommand() - CMDMANIFEST: Created command: WorkspaceCommand
[DEBUG] [2:33:44 PM] parseCommand.swift:23 parseCommand(_:) - PARSECOMMAND: Successfully parsed command: WorkspaceCommand
[DEBUG] [2:33:44 PM] parseCommand.swift:5 parseCommand(_:) - PARSECOMMAND: Parsing command string: 'join-with left'
[DEBUG] [2:33:44 PM] parseCommand.swift:11 parseCommand(_:) - PARSECOMMAND: Split into args: ["join-with", "left"]
[DEBUG] [2:33:44 PM] parseCommand.swift:19 parseCommand(_:) - PARSECOMMAND: Parsing command args: ["join-with", "left"]
[DEBUG] [2:33:44 PM] parseCmdArgs.swift:3 parseCmdArgs(_:) - PARSECMDARGS: Parsing args: ["join-with", "left"], subcommand: 'join-with'
[DEBUG] [2:33:44 PM] parseCmdArgs.swift:8 parseCmdArgs(_:) - PARSECMDARGS: Found parser for subcommand 'join-with'
[DEBUG] [2:33:44 PM] parseCmdArgs.swift:12 parseCmdArgs(_:) - PARSECMDARGS: Successfully parsed to JoinWithCmdArgs
[DEBUG] [2:33:44 PM] cmdManifest.swift:5 toCommand() - CMDMANIFEST: Converting CmdArgs to Command - kind: joinWith
[DEBUG] [2:33:44 PM] cmdManifest.swift:84 toCommand() - CMDMANIFEST: Created command: JoinWithCommand
[DEBUG] [2:33:44 PM] parseCommand.swift:23 parseCommand(_:) - PARSECOMMAND: Successfully parsed command: JoinWithCommand
[DEBUG] [2:33:44 PM] parseCommand.swift:5 parseCommand(_:) - PARSECOMMAND: Parsing command string: 'mode main'
[DEBUG] [2:33:44 PM] parseCommand.swift:11 parseCommand(_:) - PARSECOMMAND: Split into args: ["mode", "main"]
[DEBUG] [2:33:44 PM] parseCommand.swift:19 parseCommand(_:) - PARSECOMMAND: Parsing command args: ["mode", "main"]
[DEBUG] [2:33:44 PM] parseCmdArgs.swift:3 parseCmdArgs(_:) - PARSECMDARGS: Parsing args: ["mode", "main"], subcommand: 'mode'
[DEBUG] [2:33:44 PM] parseCmdArgs.swift:8 parseCmdArgs(_:) - PARSECMDARGS: Found parser for subcommand 'mode'
[DEBUG] [2:33:44 PM] parseCmdArgs.swift:12 parseCmdArgs(_:) - PARSECMDARGS: Successfully parsed to ModeCmdArgs
[DEBUG] [2:33:44 PM] cmdManifest.swift:5 toCommand() - CMDMANIFEST: Converting CmdArgs to Command - kind: mode
[DEBUG] [2:33:44 PM] cmdManifest.swift:84 toCommand() - CMDMANIFEST: Created command: ModeCommand
[DEBUG] [2:33:44 PM] parseCommand.swift:23 parseCommand(_:) - PARSECOMMAND: Successfully parsed command: ModeCommand
[DEBUG] [2:33:44 PM] parseCommand.swift:5 parseCommand(_:) - PARSECOMMAND: Parsing command string: 'join-with down'
[DEBUG] [2:33:44 PM] parseCommand.swift:11 parseCommand(_:) - PARSECOMMAND: Split into args: ["join-with", "down"]
[DEBUG] [2:33:44 PM] parseCommand.swift:19 parseCommand(_:) - PARSECOMMAND: Parsing command args: ["join-with", "down"]
[DEBUG] [2:33:44 PM] parseCmdArgs.swift:3 parseCmdArgs(_:) - PARSECMDARGS: Parsing args: ["join-with", "down"], subcommand: 'join-with'
[DEBUG] [2:33:44 PM] parseCmdArgs.swift:8 parseCmdArgs(_:) - PARSECMDARGS: Found parser for subcommand 'join-with'
[DEBUG] [2:33:44 PM] parseCmdArgs.swift:12 parseCmdArgs(_:) - PARSECMDARGS: Successfully parsed to JoinWithCmdArgs
[DEBUG] [2:33:44 PM] cmdManifest.swift:5 toCommand() - CMDMANIFEST: Converting CmdArgs to Command - kind: joinWith
[DEBUG] [2:33:44 PM] cmdManifest.swift:84 toCommand() - CMDMANIFEST: Created command: JoinWithCommand
[DEBUG] [2:33:44 PM] parseCommand.swift:23 parseCommand(_:) - PARSECOMMAND: Successfully parsed command: JoinWithCommand
[DEBUG] [2:33:44 PM] parseCommand.swift:5 parseCommand(_:) - PARSECOMMAND: Parsing command string: 'mode main'
[DEBUG] [2:33:44 PM] parseCommand.swift:11 parseCommand(_:) - PARSECOMMAND: Split into args: ["mode", "main"]
[DEBUG] [2:33:44 PM] parseCommand.swift:19 parseCommand(_:) - PARSECOMMAND: Parsing command args: ["mode", "main"]
[DEBUG] [2:33:44 PM] parseCmdArgs.swift:3 parseCmdArgs(_:) - PARSECMDARGS: Parsing args: ["mode", "main"], subcommand: 'mode'
[DEBUG] [2:33:44 PM] parseCmdArgs.swift:8 parseCmdArgs(_:) - PARSECMDARGS: Found parser for subcommand 'mode'
[DEBUG] [2:33:44 PM] parseCmdArgs.swift:12 parseCmdArgs(_:) - PARSECMDARGS: Successfully parsed to ModeCmdArgs
[DEBUG] [2:33:44 PM] cmdManifest.swift:5 toCommand() - CMDMANIFEST: Converting CmdArgs to Command - kind: mode
[DEBUG] [2:33:44 PM] cmdManifest.swift:84 toCommand() - CMDMANIFEST: Created command: ModeCommand
[DEBUG] [2:33:44 PM] parseCommand.swift:23 parseCommand(_:) - PARSECOMMAND: Successfully parsed command: ModeCommand
[DEBUG] [2:33:44 PM] parseCommand.swift:5 parseCommand(_:) - PARSECOMMAND: Parsing command string: 'join-with up'
[DEBUG] [2:33:44 PM] parseCommand.swift:11 parseCommand(_:) - PARSECOMMAND: Split into args: ["join-with", "up"]
[DEBUG] [2:33:44 PM] parseCommand.swift:19 parseCommand(_:) - PARSECOMMAND: Parsing command args: ["join-with", "up"]
[DEBUG] [2:33:44 PM] parseCmdArgs.swift:3 parseCmdArgs(_:) - PARSECMDARGS: Parsing args: ["join-with", "up"], subcommand: 'join-with'
[DEBUG] [2:33:44 PM] parseCmdArgs.swift:8 parseCmdArgs(_:) - PARSECMDARGS: Found parser for subcommand 'join-with'
[DEBUG] [2:33:44 PM] parseCmdArgs.swift:12 parseCmdArgs(_:) - PARSECMDARGS: Successfully parsed to JoinWithCmdArgs
[DEBUG] [2:33:44 PM] cmdManifest.swift:5 toCommand() - CMDMANIFEST: Converting CmdArgs to Command - kind: joinWith
[DEBUG] [2:33:44 PM] cmdManifest.swift:84 toCommand() - CMDMANIFEST: Created command: JoinWithCommand
[DEBUG] [2:33:44 PM] parseCommand.swift:23 parseCommand(_:) - PARSECOMMAND: Successfully parsed command: JoinWithCommand
[DEBUG] [2:33:44 PM] parseCommand.swift:5 parseCommand(_:) - PARSECOMMAND: Parsing command string: 'mode main'
[DEBUG] [2:33:44 PM] parseCommand.swift:11 parseCommand(_:) - PARSECOMMAND: Split into args: ["mode", "main"]
[DEBUG] [2:33:44 PM] parseCommand.swift:19 parseCommand(_:) - PARSECOMMAND: Parsing command args: ["mode", "main"]
[DEBUG] [2:33:44 PM] parseCmdArgs.swift:3 parseCmdArgs(_:) - PARSECMDARGS: Parsing args: ["mode", "main"], subcommand: 'mode'
[DEBUG] [2:33:44 PM] parseCmdArgs.swift:8 parseCmdArgs(_:) - PARSECMDARGS: Found parser for subcommand 'mode'
[DEBUG] [2:33:44 PM] parseCmdArgs.swift:12 parseCmdArgs(_:) - PARSECMDARGS: Successfully parsed to ModeCmdArgs
[DEBUG] [2:33:44 PM] cmdManifest.swift:5 toCommand() - CMDMANIFEST: Converting CmdArgs to Command - kind: mode
[DEBUG] [2:33:44 PM] cmdManifest.swift:84 toCommand() - CMDMANIFEST: Created command: ModeCommand
[DEBUG] [2:33:44 PM] parseCommand.swift:23 parseCommand(_:) - PARSECOMMAND: Successfully parsed command: ModeCommand
[DEBUG] [2:33:44 PM] parseCommand.swift:5 parseCommand(_:) - PARSECOMMAND: Parsing command string: 'join-with right'
[DEBUG] [2:33:44 PM] parseCommand.swift:11 parseCommand(_:) - PARSECOMMAND: Split into args: ["join-with", "right"]
[DEBUG] [2:33:44 PM] parseCommand.swift:19 parseCommand(_:) - PARSECOMMAND: Parsing command args: ["join-with", "right"]
[DEBUG] [2:33:44 PM] parseCmdArgs.swift:3 parseCmdArgs(_:) - PARSECMDARGS: Parsing args: ["join-with", "right"], subcommand: 'join-with'
[DEBUG] [2:33:44 PM] parseCmdArgs.swift:8 parseCmdArgs(_:) - PARSECMDARGS: Found parser for subcommand 'join-with'
[DEBUG] [2:33:44 PM] parseCmdArgs.swift:12 parseCmdArgs(_:) - PARSECMDARGS: Successfully parsed to JoinWithCmdArgs
[DEBUG] [2:33:44 PM] cmdManifest.swift:5 toCommand() - CMDMANIFEST: Converting CmdArgs to Command - kind: joinWith
[DEBUG] [2:33:44 PM] cmdManifest.swift:84 toCommand() - CMDMANIFEST: Created command: JoinWithCommand
[DEBUG] [2:33:44 PM] parseCommand.swift:23 parseCommand(_:) - PARSECOMMAND: Successfully parsed command: JoinWithCommand
[DEBUG] [2:33:44 PM] parseCommand.swift:5 parseCommand(_:) - PARSECOMMAND: Parsing command string: 'mode main'
[DEBUG] [2:33:44 PM] parseCommand.swift:11 parseCommand(_:) - PARSECOMMAND: Split into args: ["mode", "main"]
[DEBUG] [2:33:44 PM] parseCommand.swift:19 parseCommand(_:) - PARSECOMMAND: Parsing command args: ["mode", "main"]
[DEBUG] [2:33:44 PM] parseCmdArgs.swift:3 parseCmdArgs(_:) - PARSECMDARGS: Parsing args: ["mode", "main"], subcommand: 'mode'
[DEBUG] [2:33:44 PM] parseCmdArgs.swift:8 parseCmdArgs(_:) - PARSECMDARGS: Found parser for subcommand 'mode'
[DEBUG] [2:33:44 PM] parseCmdArgs.swift:12 parseCmdArgs(_:) - PARSECMDARGS: Successfully parsed to ModeCmdArgs
[DEBUG] [2:33:44 PM] cmdManifest.swift:5 toCommand() - CMDMANIFEST: Converting CmdArgs to Command - kind: mode
[DEBUG] [2:33:44 PM] cmdManifest.swift:84 toCommand() - CMDMANIFEST: Created command: ModeCommand
[DEBUG] [2:33:44 PM] parseCommand.swift:23 parseCommand(_:) - PARSECOMMAND: Successfully parsed command: ModeCommand
[DEBUG] [2:33:44 PM] parseCommand.swift:5 parseCommand(_:) - PARSECOMMAND: Parsing command string: 'close-all-windows-but-current'
[DEBUG] [2:33:44 PM] parseCommand.swift:11 parseCommand(_:) - PARSECOMMAND: Split into args: ["close-all-windows-but-current"]
[DEBUG] [2:33:44 PM] parseCommand.swift:19 parseCommand(_:) - PARSECOMMAND: Parsing command args: ["close-all-windows-but-current"]
[DEBUG] [2:33:44 PM] parseCmdArgs.swift:3 parseCmdArgs(_:) - PARSECMDARGS: Parsing args: ["close-all-windows-but-current"], subcommand: 'close-all-windows-but-current'
[DEBUG] [2:33:44 PM] parseCmdArgs.swift:8 parseCmdArgs(_:) - PARSECMDARGS: Found parser for subcommand 'close-all-windows-but-current'
[DEBUG] [2:33:44 PM] parseCmdArgs.swift:12 parseCmdArgs(_:) - PARSECMDARGS: Successfully parsed to CloseAllWindowsButCurrentCmdArgs
[DEBUG] [2:33:44 PM] cmdManifest.swift:5 toCommand() - CMDMANIFEST: Converting CmdArgs to Command - kind: closeAllWindowsButCurrent
[DEBUG] [2:33:44 PM] cmdManifest.swift:84 toCommand() - CMDMANIFEST: Created command: CloseAllWindowsButCurrentCommand
[DEBUG] [2:33:44 PM] parseCommand.swift:23 parseCommand(_:) - PARSECOMMAND: Successfully parsed command: CloseAllWindowsButCurrentCommand
[DEBUG] [2:33:44 PM] parseCommand.swift:5 parseCommand(_:) - PARSECOMMAND: Parsing command string: 'mode main'
[DEBUG] [2:33:44 PM] parseCommand.swift:11 parseCommand(_:) - PARSECOMMAND: Split into args: ["mode", "main"]
[DEBUG] [2:33:44 PM] parseCommand.swift:19 parseCommand(_:) - PARSECOMMAND: Parsing command args: ["mode", "main"]
[DEBUG] [2:33:44 PM] parseCmdArgs.swift:3 parseCmdArgs(_:) - PARSECMDARGS: Parsing args: ["mode", "main"], subcommand: 'mode'
[DEBUG] [2:33:44 PM] parseCmdArgs.swift:8 parseCmdArgs(_:) - PARSECMDARGS: Found parser for subcommand 'mode'
[DEBUG] [2:33:44 PM] parseCmdArgs.swift:12 parseCmdArgs(_:) - PARSECMDARGS: Successfully parsed to ModeCmdArgs
[DEBUG] [2:33:44 PM] cmdManifest.swift:5 toCommand() - CMDMANIFEST: Converting CmdArgs to Command - kind: mode
[DEBUG] [2:33:44 PM] cmdManifest.swift:84 toCommand() - CMDMANIFEST: Created command: ModeCommand
[DEBUG] [2:33:44 PM] parseCommand.swift:23 parseCommand(_:) - PARSECOMMAND: Successfully parsed command: ModeCommand
[DEBUG] [2:33:44 PM] parseCommand.swift:5 parseCommand(_:) - PARSECOMMAND: Parsing command string: 'volume down'
[DEBUG] [2:33:44 PM] parseCommand.swift:11 parseCommand(_:) - PARSECOMMAND: Split into args: ["volume", "down"]
[DEBUG] [2:33:44 PM] parseCommand.swift:19 parseCommand(_:) - PARSECOMMAND: Parsing command args: ["volume", "down"]
[DEBUG] [2:33:44 PM] parseCmdArgs.swift:3 parseCmdArgs(_:) - PARSECMDARGS: Parsing args: ["volume", "down"], subcommand: 'volume'
[DEBUG] [2:33:44 PM] parseCmdArgs.swift:8 parseCmdArgs(_:) - PARSECMDARGS: Found parser for subcommand 'volume'
[DEBUG] [2:33:44 PM] parseCmdArgs.swift:12 parseCmdArgs(_:) - PARSECMDARGS: Successfully parsed to VolumeCmdArgs
[DEBUG] [2:33:44 PM] cmdManifest.swift:5 toCommand() - CMDMANIFEST: Converting CmdArgs to Command - kind: volume
[DEBUG] [2:33:44 PM] cmdManifest.swift:84 toCommand() - CMDMANIFEST: Created command: VolumeCommand
[DEBUG] [2:33:44 PM] parseCommand.swift:23 parseCommand(_:) - PARSECOMMAND: Successfully parsed command: VolumeCommand
[DEBUG] [2:33:44 PM] parseCommand.swift:5 parseCommand(_:) - PARSECOMMAND: Parsing command string: 'reload-config'
[DEBUG] [2:33:44 PM] parseCommand.swift:11 parseCommand(_:) - PARSECOMMAND: Split into args: ["reload-config"]
[DEBUG] [2:33:44 PM] parseCommand.swift:19 parseCommand(_:) - PARSECOMMAND: Parsing command args: ["reload-config"]
[DEBUG] [2:33:44 PM] parseCmdArgs.swift:3 parseCmdArgs(_:) - PARSECMDARGS: Parsing args: ["reload-config"], subcommand: 'reload-config'
[DEBUG] [2:33:44 PM] parseCmdArgs.swift:8 parseCmdArgs(_:) - PARSECMDARGS: Found parser for subcommand 'reload-config'
[DEBUG] [2:33:44 PM] parseCmdArgs.swift:12 parseCmdArgs(_:) - PARSECMDARGS: Successfully parsed to ReloadConfigCmdArgs
[DEBUG] [2:33:44 PM] cmdManifest.swift:5 toCommand() - CMDMANIFEST: Converting CmdArgs to Command - kind: reloadConfig
[DEBUG] [2:33:44 PM] cmdManifest.swift:84 toCommand() - CMDMANIFEST: Created command: ReloadConfigCommand
[DEBUG] [2:33:44 PM] parseCommand.swift:23 parseCommand(_:) - PARSECOMMAND: Successfully parsed command: ReloadConfigCommand
[DEBUG] [2:33:44 PM] parseCommand.swift:5 parseCommand(_:) - PARSECOMMAND: Parsing command string: 'mode main'
[DEBUG] [2:33:44 PM] parseCommand.swift:11 parseCommand(_:) - PARSECOMMAND: Split into args: ["mode", "main"]
[DEBUG] [2:33:44 PM] parseCommand.swift:19 parseCommand(_:) - PARSECOMMAND: Parsing command args: ["mode", "main"]
[DEBUG] [2:33:44 PM] parseCmdArgs.swift:3 parseCmdArgs(_:) - PARSECMDARGS: Parsing args: ["mode", "main"], subcommand: 'mode'
[DEBUG] [2:33:44 PM] parseCmdArgs.swift:8 parseCmdArgs(_:) - PARSECMDARGS: Found parser for subcommand 'mode'
[DEBUG] [2:33:44 PM] parseCmdArgs.swift:12 parseCmdArgs(_:) - PARSECMDARGS: Successfully parsed to ModeCmdArgs
[DEBUG] [2:33:44 PM] cmdManifest.swift:5 toCommand() - CMDMANIFEST: Converting CmdArgs to Command - kind: mode
[DEBUG] [2:33:44 PM] cmdManifest.swift:84 toCommand() - CMDMANIFEST: Created command: ModeCommand
[DEBUG] [2:33:44 PM] parseCommand.swift:23 parseCommand(_:) - PARSECOMMAND: Successfully parsed command: ModeCommand
[DEBUG] [2:33:44 PM] parseCommand.swift:5 parseCommand(_:) - PARSECOMMAND: Parsing command string: 'layout floating tiling'
[DEBUG] [2:33:44 PM] parseCommand.swift:11 parseCommand(_:) - PARSECOMMAND: Split into args: ["layout", "floating", "tiling"]
[DEBUG] [2:33:44 PM] parseCommand.swift:19 parseCommand(_:) - PARSECOMMAND: Parsing command args: ["layout", "floating", "tiling"]
[DEBUG] [2:33:44 PM] parseCmdArgs.swift:3 parseCmdArgs(_:) - PARSECMDARGS: Parsing args: ["layout", "floating", "tiling"], subcommand: 'layout'
[DEBUG] [2:33:44 PM] parseCmdArgs.swift:8 parseCmdArgs(_:) - PARSECMDARGS: Found parser for subcommand 'layout'
[DEBUG] [2:33:44 PM] parseCmdArgs.swift:12 parseCmdArgs(_:) - PARSECMDARGS: Successfully parsed to LayoutCmdArgs
[DEBUG] [2:33:44 PM] cmdManifest.swift:5 toCommand() - CMDMANIFEST: Converting CmdArgs to Command - kind: layout
[DEBUG] [2:33:44 PM] cmdManifest.swift:36 toCommand() - CMDMANIFEST: Creating LayoutCommand with toggleBetween: [Common.LayoutCmdArgs.LayoutDescription.floating, Common.LayoutCmdArgs.LayoutDescription.tiling]
[DEBUG] [2:33:44 PM] LayoutCommand.swift:9 init(args:) - COMMAND: LayoutCommand initialized with args: [Common.LayoutCmdArgs.LayoutDescription.floating, Common.LayoutCmdArgs.LayoutDescription.tiling]
[DEBUG] [2:33:44 PM] cmdManifest.swift:84 toCommand() - CMDMANIFEST: Created command: LayoutCommand
[DEBUG] [2:33:44 PM] parseCommand.swift:23 parseCommand(_:) - PARSECOMMAND: Successfully parsed command: LayoutCommand
[DEBUG] [2:33:44 PM] parseCommand.swift:5 parseCommand(_:) - PARSECOMMAND: Parsing command string: 'mode main'
[DEBUG] [2:33:44 PM] parseCommand.swift:11 parseCommand(_:) - PARSECOMMAND: Split into args: ["mode", "main"]
[DEBUG] [2:33:44 PM] parseCommand.swift:19 parseCommand(_:) - PARSECOMMAND: Parsing command args: ["mode", "main"]
[DEBUG] [2:33:44 PM] parseCmdArgs.swift:3 parseCmdArgs(_:) - PARSECMDARGS: Parsing args: ["mode", "main"], subcommand: 'mode'
[DEBUG] [2:33:44 PM] parseCmdArgs.swift:8 parseCmdArgs(_:) - PARSECMDARGS: Found parser for subcommand 'mode'
[DEBUG] [2:33:44 PM] parseCmdArgs.swift:12 parseCmdArgs(_:) - PARSECMDARGS: Successfully parsed to ModeCmdArgs
[DEBUG] [2:33:44 PM] cmdManifest.swift:5 toCommand() - CMDMANIFEST: Converting CmdArgs to Command - kind: mode
[DEBUG] [2:33:44 PM] cmdManifest.swift:84 toCommand() - CMDMANIFEST: Created command: ModeCommand
[DEBUG] [2:33:44 PM] parseCommand.swift:23 parseCommand(_:) - PARSECOMMAND: Successfully parsed command: ModeCommand
[DEBUG] [2:33:44 PM] parseCommand.swift:5 parseCommand(_:) - PARSECOMMAND: Parsing command string: 'flatten-workspace-tree'
[DEBUG] [2:33:44 PM] parseCommand.swift:11 parseCommand(_:) - PARSECOMMAND: Split into args: ["flatten-workspace-tree"]
[DEBUG] [2:33:44 PM] parseCommand.swift:19 parseCommand(_:) - PARSECOMMAND: Parsing command args: ["flatten-workspace-tree"]
[DEBUG] [2:33:44 PM] parseCmdArgs.swift:3 parseCmdArgs(_:) - PARSECMDARGS: Parsing args: ["flatten-workspace-tree"], subcommand: 'flatten-workspace-tree'
[DEBUG] [2:33:44 PM] parseCmdArgs.swift:8 parseCmdArgs(_:) - PARSECMDARGS: Found parser for subcommand 'flatten-workspace-tree'
[DEBUG] [2:33:44 PM] parseCmdArgs.swift:12 parseCmdArgs(_:) - PARSECMDARGS: Successfully parsed to FlattenWorkspaceTreeCmdArgs
[DEBUG] [2:33:44 PM] cmdManifest.swift:5 toCommand() - CMDMANIFEST: Converting CmdArgs to Command - kind: flattenWorkspaceTree
[DEBUG] [2:33:44 PM] cmdManifest.swift:84 toCommand() - CMDMANIFEST: Created command: FlattenWorkspaceTreeCommand
[DEBUG] [2:33:44 PM] parseCommand.swift:23 parseCommand(_:) - PARSECOMMAND: Successfully parsed command: FlattenWorkspaceTreeCommand
[DEBUG] [2:33:44 PM] parseCommand.swift:5 parseCommand(_:) - PARSECOMMAND: Parsing command string: 'mode main'
[DEBUG] [2:33:44 PM] parseCommand.swift:11 parseCommand(_:) - PARSECOMMAND: Split into args: ["mode", "main"]
[DEBUG] [2:33:44 PM] parseCommand.swift:19 parseCommand(_:) - PARSECOMMAND: Parsing command args: ["mode", "main"]
[DEBUG] [2:33:44 PM] parseCmdArgs.swift:3 parseCmdArgs(_:) - PARSECMDARGS: Parsing args: ["mode", "main"], subcommand: 'mode'
[DEBUG] [2:33:44 PM] parseCmdArgs.swift:8 parseCmdArgs(_:) - PARSECMDARGS: Found parser for subcommand 'mode'
[DEBUG] [2:33:44 PM] parseCmdArgs.swift:12 parseCmdArgs(_:) - PARSECMDARGS: Successfully parsed to ModeCmdArgs
[DEBUG] [2:33:44 PM] cmdManifest.swift:5 toCommand() - CMDMANIFEST: Converting CmdArgs to Command - kind: mode
[DEBUG] [2:33:44 PM] cmdManifest.swift:84 toCommand() - CMDMANIFEST: Created command: ModeCommand
[DEBUG] [2:33:44 PM] parseCommand.swift:23 parseCommand(_:) - PARSECOMMAND: Successfully parsed command: ModeCommand
[DEBUG] [2:33:44 PM] parseCommand.swift:5 parseCommand(_:) - PARSECOMMAND: Parsing command string: 'volume set 0'
[DEBUG] [2:33:44 PM] parseCommand.swift:11 parseCommand(_:) - PARSECOMMAND: Split into args: ["volume", "set", "0"]
[DEBUG] [2:33:44 PM] parseCommand.swift:19 parseCommand(_:) - PARSECOMMAND: Parsing command args: ["volume", "set", "0"]
[DEBUG] [2:33:44 PM] parseCmdArgs.swift:3 parseCmdArgs(_:) - PARSECMDARGS: Parsing args: ["volume", "set", "0"], subcommand: 'volume'
[DEBUG] [2:33:44 PM] parseCmdArgs.swift:8 parseCmdArgs(_:) - PARSECMDARGS: Found parser for subcommand 'volume'
[DEBUG] [2:33:44 PM] parseCmdArgs.swift:12 parseCmdArgs(_:) - PARSECMDARGS: Successfully parsed to VolumeCmdArgs
[DEBUG] [2:33:44 PM] cmdManifest.swift:5 toCommand() - CMDMANIFEST: Converting CmdArgs to Command - kind: volume
[DEBUG] [2:33:44 PM] cmdManifest.swift:84 toCommand() - CMDMANIFEST: Created command: VolumeCommand
[DEBUG] [2:33:44 PM] parseCommand.swift:23 parseCommand(_:) - PARSECOMMAND: Successfully parsed command: VolumeCommand
[DEBUG] [2:33:44 PM] parseCommand.swift:5 parseCommand(_:) - PARSECOMMAND: Parsing command string: 'mode main'
[DEBUG] [2:33:44 PM] parseCommand.swift:11 parseCommand(_:) - PARSECOMMAND: Split into args: ["mode", "main"]
[DEBUG] [2:33:44 PM] parseCommand.swift:19 parseCommand(_:) - PARSECOMMAND: Parsing command args: ["mode", "main"]
[DEBUG] [2:33:44 PM] parseCmdArgs.swift:3 parseCmdArgs(_:) - PARSECMDARGS: Parsing args: ["mode", "main"], subcommand: 'mode'
[DEBUG] [2:33:44 PM] parseCmdArgs.swift:8 parseCmdArgs(_:) - PARSECMDARGS: Found parser for subcommand 'mode'
[DEBUG] [2:33:44 PM] parseCmdArgs.swift:12 parseCmdArgs(_:) - PARSECMDARGS: Successfully parsed to ModeCmdArgs
[DEBUG] [2:33:44 PM] cmdManifest.swift:5 toCommand() - CMDMANIFEST: Converting CmdArgs to Command - kind: mode
[DEBUG] [2:33:44 PM] cmdManifest.swift:84 toCommand() - CMDMANIFEST: Created command: ModeCommand
[DEBUG] [2:33:44 PM] parseCommand.swift:23 parseCommand(_:) - PARSECOMMAND: Successfully parsed command: ModeCommand
[DEBUG] [2:33:44 PM] parseCommand.swift:5 parseCommand(_:) - PARSECOMMAND: Parsing command string: 'volume up'
[DEBUG] [2:33:44 PM] parseCommand.swift:11 parseCommand(_:) - PARSECOMMAND: Split into args: ["volume", "up"]
[DEBUG] [2:33:44 PM] parseCommand.swift:19 parseCommand(_:) - PARSECOMMAND: Parsing command args: ["volume", "up"]
[DEBUG] [2:33:44 PM] parseCmdArgs.swift:3 parseCmdArgs(_:) - PARSECMDARGS: Parsing args: ["volume", "up"], subcommand: 'volume'
[DEBUG] [2:33:44 PM] parseCmdArgs.swift:8 parseCmdArgs(_:) - PARSECMDARGS: Found parser for subcommand 'volume'
[DEBUG] [2:33:44 PM] parseCmdArgs.swift:12 parseCmdArgs(_:) - PARSECMDARGS: Successfully parsed to VolumeCmdArgs
[DEBUG] [2:33:44 PM] cmdManifest.swift:5 toCommand() - CMDMANIFEST: Converting CmdArgs to Command - kind: volume
[DEBUG] [2:33:44 PM] cmdManifest.swift:84 toCommand() - CMDMANIFEST: Created command: VolumeCommand
[DEBUG] [2:33:44 PM] parseCommand.swift:23 parseCommand(_:) - PARSECOMMAND: Successfully parsed command: VolumeCommand
[DEBUG] [2:33:45 PM] refresh.swift:51 runRefreshSessionBlocking(_:layoutWorkspaces:optimisticallyPreLayoutWorkspaces:) - REFRESH: Starting blocking refresh for event: startup
[DEBUG] [2:33:45 PM] Command.swift:43 runCmdSeq(_:_:) - CMDSEQ: Running 1 command(s)
[DEBUG] [2:33:45 PM] Command.swift:47 runCmdSeq(_:_:) - CMDSEQ: Executing command 1/1: LayoutCommand
[DEBUG] [2:33:45 PM] LayoutCommand.swift:13 run(_:_:) - COMMAND: LayoutCommand starting - toggling between [Common.LayoutCmdArgs.LayoutDescription.floating]
[DEBUG] [2:33:45 PM] LayoutCommand.swift:24 run(_:_:) - COMMAND: Current window: 52642, parent: Optional(AppBundle.TilingContainer)
[DEBUG] [2:33:45 PM] LayoutCommand.swift:28 run(_:_:) - COMMAND: Target layout description: floating
[DEBUG] [2:33:45 PM] LayoutCommand.swift:34 run(_:_:) - COMMAND: Switching to layout: floating
[DEBUG] [2:33:45 PM] Command.swift:50 runCmdSeq(_:_:) - CMDSEQ: Command LayoutCommand returned: true
[DEBUG] [2:33:45 PM] Command.swift:53 runCmdSeq(_:_:) - CMDSEQ: Sequence completed with overall success: true
[DEBUG] [2:33:45 PM] Command.swift:43 runCmdSeq(_:_:) - CMDSEQ: Running 1 command(s)
[DEBUG] [2:33:45 PM] Command.swift:47 runCmdSeq(_:_:) - CMDSEQ: Executing command 1/1: LayoutCommand
[DEBUG] [2:33:45 PM] LayoutCommand.swift:13 run(_:_:) - COMMAND: LayoutCommand starting - toggling between [Common.LayoutCmdArgs.LayoutDescription.floating]
[DEBUG] [2:33:45 PM] LayoutCommand.swift:24 run(_:_:) - COMMAND: Current window: 53256, parent: Optional(AppBundle.TilingContainer)
[DEBUG] [2:33:45 PM] LayoutCommand.swift:28 run(_:_:) - COMMAND: Target layout description: floating
[DEBUG] [2:33:45 PM] LayoutCommand.swift:34 run(_:_:) - COMMAND: Switching to layout: floating
[DEBUG] [2:33:45 PM] Command.swift:50 runCmdSeq(_:_:) - CMDSEQ: Command LayoutCommand returned: true
[DEBUG] [2:33:45 PM] Command.swift:53 runCmdSeq(_:_:) - CMDSEQ: Sequence completed with overall success: true
[DEBUG] [2:33:45 PM] Command.swift:43 runCmdSeq(_:_:) - CMDSEQ: Running 1 command(s)
[DEBUG] [2:33:45 PM] Command.swift:47 runCmdSeq(_:_:) - CMDSEQ: Executing command 1/1: LayoutCommand
[DEBUG] [2:33:45 PM] LayoutCommand.swift:13 run(_:_:) - COMMAND: LayoutCommand starting - toggling between [Common.LayoutCmdArgs.LayoutDescription.floating]
[DEBUG] [2:33:45 PM] LayoutCommand.swift:24 run(_:_:) - COMMAND: Current window: 49234, parent: Optional(AppBundle.TilingContainer)
[DEBUG] [2:33:45 PM] LayoutCommand.swift:28 run(_:_:) - COMMAND: Target layout description: floating
[DEBUG] [2:33:45 PM] LayoutCommand.swift:34 run(_:_:) - COMMAND: Switching to layout: floating
[DEBUG] [2:33:45 PM] Command.swift:50 runCmdSeq(_:_:) - CMDSEQ: Command LayoutCommand returned: true
[DEBUG] [2:33:45 PM] Command.swift:53 runCmdSeq(_:_:) - CMDSEQ: Sequence completed with overall success: true
[DEBUG] [2:33:45 PM] refresh.swift:57 runRefreshSessionBlocking(_:layoutWorkspaces:optimisticallyPreLayoutWorkspaces:) - REFRESH: Completed blocking refresh in 266.3ms
[DEBUG] [2:33:45 PM] refresh.swift:86 runSession(_:_:body:) - SESSION: Starting session for event: startup
[DEBUG] [2:33:45 PM] refresh.swift:106 runSession(_:_:body:) - SESSION: Executing body
[DEBUG] [2:33:45 PM] Command.swift:43 runCmdSeq(_:_:) - CMDSEQ: Running 0 command(s)
[DEBUG] [2:33:45 PM] Command.swift:53 runCmdSeq(_:_:) - CMDSEQ: Sequence completed with overall success: true
[DEBUG] [2:33:45 PM] refresh.swift:92 runSession(_:_:body:) - SESSION: Completed in 7.2ms
[DEBUG] [2:33:45 PM] refresh.swift:51 runRefreshSessionBlocking(_:layoutWorkspaces:optimisticallyPreLayoutWorkspaces:) - REFRESH: Starting blocking refresh for event: startup
[DEBUG] [2:33:45 PM] RefreshDebouncer.swift:25 debounce(event:screenIsDefinitelyUnlocked:optimisticallyPreLayoutWorkspaces:) - DEBOUNCE: Using fixed delay 50.0ms for event: ax(AXResized)
[DEBUG] [2:33:45 PM] RefreshDebouncer.swift:25 debounce(event:screenIsDefinitelyUnlocked:optimisticallyPreLayoutWorkspaces:) - DEBOUNCE: Using fixed delay 50.0ms for event: ax(AXMoved)
[DEBUG] [2:33:45 PM] RefreshDebouncer.swift:25 debounce(event:screenIsDefinitelyUnlocked:optimisticallyPreLayoutWorkspaces:) - DEBOUNCE: Using fixed delay 50.0ms for event: ax(AXMoved)
[DEBUG] [2:33:45 PM] RefreshDebouncer.swift:25 debounce(event:screenIsDefinitelyUnlocked:optimisticallyPreLayoutWorkspaces:) - DEBOUNCE: Using fixed delay 50.0ms for event: ax(AXMoved)
[DEBUG] [2:33:45 PM] RefreshDebouncer.swift:25 debounce(event:screenIsDefinitelyUnlocked:optimisticallyPreLayoutWorkspaces:) - DEBOUNCE: Using fixed delay 50.0ms for event: ax(AXResized)
[DEBUG] [2:33:45 PM] RefreshDebouncer.swift:47 debounceWithFixedDelay(event:screenIsDefinitelyUnlocked:optimisticallyPreLayoutWorkspaces:) - DEBOUNCE: Task scheduled, will wait 50.0ms
[DEBUG] [2:33:45 PM] RefreshDebouncer.swift:47 debounceWithFixedDelay(event:screenIsDefinitelyUnlocked:optimisticallyPreLayoutWorkspaces:) - DEBOUNCE: Task scheduled, will wait 50.0ms
[DEBUG] [2:33:45 PM] RefreshDebouncer.swift:47 debounceWithFixedDelay(event:screenIsDefinitelyUnlocked:optimisticallyPreLayoutWorkspaces:) - DEBOUNCE: Task scheduled, will wait 50.0ms
[DEBUG] [2:33:45 PM] RefreshDebouncer.swift:47 debounceWithFixedDelay(event:screenIsDefinitelyUnlocked:optimisticallyPreLayoutWorkspaces:) - DEBOUNCE: Task scheduled, will wait 50.0ms
[DEBUG] [2:33:45 PM] RefreshDebouncer.swift:47 debounceWithFixedDelay(event:screenIsDefinitelyUnlocked:optimisticallyPreLayoutWorkspaces:) - DEBOUNCE: Task scheduled, will wait 50.0ms
[DEBUG] [2:33:45 PM] RefreshDebouncer.swift:54 debounceWithFixedDelay(event:screenIsDefinitelyUnlocked:optimisticallyPreLayoutWorkspaces:) - DEBOUNCE: Task cancelled after 0.5040168762207031ms
[DEBUG] [2:33:45 PM] RefreshDebouncer.swift:54 debounceWithFixedDelay(event:screenIsDefinitelyUnlocked:optimisticallyPreLayoutWorkspaces:) - DEBOUNCE: Task cancelled after 0.3590583801269531ms
[DEBUG] [2:33:45 PM] RefreshDebouncer.swift:54 debounceWithFixedDelay(event:screenIsDefinitelyUnlocked:optimisticallyPreLayoutWorkspaces:) - DEBOUNCE: Task cancelled after 0.28395652770996094ms
[DEBUG] [2:33:45 PM] RefreshDebouncer.swift:54 debounceWithFixedDelay(event:screenIsDefinitelyUnlocked:optimisticallyPreLayoutWorkspaces:) - DEBOUNCE: Task cancelled after 0.25594234466552734ms
[DEBUG] [2:33:45 PM] RefreshDebouncer.swift:58 debounceWithFixedDelay(event:screenIsDefinitelyUnlocked:optimisticallyPreLayoutWorkspaces:) - DEBOUNCE: Executing refresh after 54.602980613708496ms
[DEBUG] [2:33:45 PM] refresh.swift:51 runRefreshSessionBlocking(_:layoutWorkspaces:optimisticallyPreLayoutWorkspaces:) - REFRESH: Starting blocking refresh for event: ax(AXResized)
[DEBUG] [2:33:45 PM] refresh.swift:57 runRefreshSessionBlocking(_:layoutWorkspaces:optimisticallyPreLayoutWorkspaces:) - REFRESH: Completed blocking refresh in 205.3ms
[DEBUG] [2:33:45 PM] RefreshDebouncer.swift:25 debounce(event:screenIsDefinitelyUnlocked:optimisticallyPreLayoutWorkspaces:) - DEBOUNCE: Using fixed delay 50.0ms for event: ax(AXResized)
[DEBUG] [2:33:45 PM] RefreshDebouncer.swift:25 debounce(event:screenIsDefinitelyUnlocked:optimisticallyPreLayoutWorkspaces:) - DEBOUNCE: Using fixed delay 50.0ms for event: ax(AXMoved)
[DEBUG] [2:33:45 PM] RefreshDebouncer.swift:25 debounce(event:screenIsDefinitelyUnlocked:optimisticallyPreLayoutWorkspaces:) - DEBOUNCE: Using fixed delay 50.0ms for event: ax(AXResized)
[DEBUG] [2:33:45 PM] RefreshDebouncer.swift:25 debounce(event:screenIsDefinitelyUnlocked:optimisticallyPreLayoutWorkspaces:) - DEBOUNCE: Using fixed delay 50.0ms for event: ax(AXMoved)
[DEBUG] [2:33:45 PM] RefreshDebouncer.swift:47 debounceWithFixedDelay(event:screenIsDefinitelyUnlocked:optimisticallyPreLayoutWorkspaces:) - DEBOUNCE: Task scheduled, will wait 50.0ms
[DEBUG] [2:33:45 PM] RefreshDebouncer.swift:25 debounce(event:screenIsDefinitelyUnlocked:optimisticallyPreLayoutWorkspaces:) - DEBOUNCE: Using fixed delay 50.0ms for event: ax(AXResized)
[DEBUG] [2:33:45 PM] RefreshDebouncer.swift:25 debounce(event:screenIsDefinitelyUnlocked:optimisticallyPreLayoutWorkspaces:) - DEBOUNCE: Using fixed delay 50.0ms for event: ax(AXMoved)
[DEBUG] [2:33:45 PM] RefreshDebouncer.swift:47 debounceWithFixedDelay(event:screenIsDefinitelyUnlocked:optimisticallyPreLayoutWorkspaces:) - DEBOUNCE: Task scheduled, will wait 50.0ms
[DEBUG] [2:33:45 PM] RefreshDebouncer.swift:25 debounce(event:screenIsDefinitelyUnlocked:optimisticallyPreLayoutWorkspaces:) - DEBOUNCE: Using fixed delay 50.0ms for event: ax(AXResized)
[DEBUG] [2:33:45 PM] RefreshDebouncer.swift:25 debounce(event:screenIsDefinitelyUnlocked:optimisticallyPreLayoutWorkspaces:) - DEBOUNCE: Using fixed delay 50.0ms for event: ax(AXResized)
[DEBUG] [2:33:45 PM] RefreshDebouncer.swift:47 debounceWithFixedDelay(event:screenIsDefinitelyUnlocked:optimisticallyPreLayoutWorkspaces:) - DEBOUNCE: Task scheduled, will wait 50.0ms
[DEBUG] [2:33:45 PM] RefreshDebouncer.swift:47 debounceWithFixedDelay(event:screenIsDefinitelyUnlocked:optimisticallyPreLayoutWorkspaces:) - DEBOUNCE: Task scheduled, will wait 50.0ms
[DEBUG] [2:33:45 PM] RefreshDebouncer.swift:54 debounceWithFixedDelay(event:screenIsDefinitelyUnlocked:optimisticallyPreLayoutWorkspaces:) - DEBOUNCE: Task cancelled after 3.7980079650878906ms
[DEBUG] [2:33:45 PM] RefreshDebouncer.swift:47 debounceWithFixedDelay(event:screenIsDefinitelyUnlocked:optimisticallyPreLayoutWorkspaces:) - DEBOUNCE: Task scheduled, will wait 50.0ms
[DEBUG] [2:33:45 PM] RefreshDebouncer.swift:47 debounceWithFixedDelay(event:screenIsDefinitelyUnlocked:optimisticallyPreLayoutWorkspaces:) - DEBOUNCE: Task scheduled, will wait 50.0ms
[DEBUG] [2:33:45 PM] RefreshDebouncer.swift:54 debounceWithFixedDelay(event:screenIsDefinitelyUnlocked:optimisticallyPreLayoutWorkspaces:) - DEBOUNCE: Task cancelled after 3.0230283737182617ms
[DEBUG] [2:33:45 PM] RefreshDebouncer.swift:47 debounceWithFixedDelay(event:screenIsDefinitelyUnlocked:optimisticallyPreLayoutWorkspaces:) - DEBOUNCE: Task scheduled, will wait 50.0ms
[DEBUG] [2:33:45 PM] RefreshDebouncer.swift:47 debounceWithFixedDelay(event:screenIsDefinitelyUnlocked:optimisticallyPreLayoutWorkspaces:) - DEBOUNCE: Task scheduled, will wait 50.0ms
[DEBUG] [2:33:45 PM] RefreshDebouncer.swift:54 debounceWithFixedDelay(event:screenIsDefinitelyUnlocked:optimisticallyPreLayoutWorkspaces:) - DEBOUNCE: Task cancelled after 3.0100345611572266ms
[DEBUG] [2:33:45 PM] RefreshDebouncer.swift:54 debounceWithFixedDelay(event:screenIsDefinitelyUnlocked:optimisticallyPreLayoutWorkspaces:) - DEBOUNCE: Task cancelled after 3.0080080032348633ms
[DEBUG] [2:33:45 PM] RefreshDebouncer.swift:54 debounceWithFixedDelay(event:screenIsDefinitelyUnlocked:optimisticallyPreLayoutWorkspaces:) - DEBOUNCE: Task cancelled after 2.195000648498535ms
[DEBUG] [2:33:45 PM] RefreshDebouncer.swift:54 debounceWithFixedDelay(event:screenIsDefinitelyUnlocked:optimisticallyPreLayoutWorkspaces:) - DEBOUNCE: Task cancelled after 2.3020505905151367ms
[DEBUG] [2:33:45 PM] RefreshDebouncer.swift:54 debounceWithFixedDelay(event:screenIsDefinitelyUnlocked:optimisticallyPreLayoutWorkspaces:) - DEBOUNCE: Task cancelled after 2.2869110107421875ms
[DEBUG] [2:33:45 PM] refresh.swift:57 runRefreshSessionBlocking(_:layoutWorkspaces:optimisticallyPreLayoutWorkspaces:) - REFRESH: Completed blocking refresh in 37.4ms
[DEBUG] [2:33:45 PM] RefreshDebouncer.swift:58 debounceWithFixedDelay(event:screenIsDefinitelyUnlocked:optimisticallyPreLayoutWorkspaces:) - DEBOUNCE: Executing refresh after 52.45399475097656ms
[DEBUG] [2:33:45 PM] refresh.swift:51 runRefreshSessionBlocking(_:layoutWorkspaces:optimisticallyPreLayoutWorkspaces:) - REFRESH: Starting blocking refresh for event: ax(AXResized)
[DEBUG] [2:33:45 PM] refresh.swift:57 runRefreshSessionBlocking(_:layoutWorkspaces:optimisticallyPreLayoutWorkspaces:) - REFRESH: Completed blocking refresh in 24.0ms
[DEBUG] [2:33:47 PM] HotkeyBinding.swift:37 activateMode(_:) - HOTKEY: alt-2 pressed
[DEBUG] [2:33:47 PM] HotkeyBinding.swift:41 activateMode(_:) - HOTKEY: Will execute 1 command(s)
[DEBUG] [2:33:47 PM] refresh.swift:86 runSession(_:_:body:) - SESSION: Starting session for event: hotkeyBinding
[DEBUG] [2:33:47 PM] refresh.swift:106 runSession(_:_:body:) - SESSION: Executing body
[DEBUG] [2:33:47 PM] Command.swift:43 runCmdSeq(_:_:) - CMDSEQ: Running 1 command(s)
[DEBUG] [2:33:47 PM] Command.swift:47 runCmdSeq(_:_:) - CMDSEQ: Executing command 1/1: WorkspaceCommand
[DEBUG] [2:33:47 PM] Command.swift:50 runCmdSeq(_:_:) - CMDSEQ: Command WorkspaceCommand returned: true
[DEBUG] [2:33:47 PM] Command.swift:53 runCmdSeq(_:_:) - CMDSEQ: Sequence completed with overall success: true
[DEBUG] [2:33:47 PM] RefreshDebouncer.swift:25 debounce(event:screenIsDefinitelyUnlocked:optimisticallyPreLayoutWorkspaces:) - DEBOUNCE: Using fixed delay 50.0ms for event: ax(AXMoved)
[DEBUG] [2:33:47 PM] RefreshDebouncer.swift:47 debounceWithFixedDelay(event:screenIsDefinitelyUnlocked:optimisticallyPreLayoutWorkspaces:) - DEBOUNCE: Task scheduled, will wait 50.0ms
[DEBUG] [2:33:47 PM] RefreshDebouncer.swift:25 debounce(event:screenIsDefinitelyUnlocked:optimisticallyPreLayoutWorkspaces:) - DEBOUNCE: Using fixed delay 50.0ms for event: ax(AXMoved)
[DEBUG] [2:33:47 PM] RefreshDebouncer.swift:47 debounceWithFixedDelay(event:screenIsDefinitelyUnlocked:optimisticallyPreLayoutWorkspaces:) - DEBOUNCE: Task scheduled, will wait 50.0ms
[DEBUG] [2:33:47 PM] RefreshDebouncer.swift:54 debounceWithFixedDelay(event:screenIsDefinitelyUnlocked:optimisticallyPreLayoutWorkspaces:) - DEBOUNCE: Task cancelled after 26.04806423187256ms
[DEBUG] [2:33:47 PM] RefreshDebouncer.swift:25 debounce(event:screenIsDefinitelyUnlocked:optimisticallyPreLayoutWorkspaces:) - DEBOUNCE: Using fixed delay 50.0ms for event: ax(AXMoved)
[DEBUG] [2:33:47 PM] RefreshDebouncer.swift:47 debounceWithFixedDelay(event:screenIsDefinitelyUnlocked:optimisticallyPreLayoutWorkspaces:) - DEBOUNCE: Task scheduled, will wait 50.0ms
[DEBUG] [2:33:47 PM] RefreshDebouncer.swift:54 debounceWithFixedDelay(event:screenIsDefinitelyUnlocked:optimisticallyPreLayoutWorkspaces:) - DEBOUNCE: Task cancelled after 35.17508506774902ms
[DEBUG] [2:33:47 PM] refresh.swift:115 runSession(_:_:body:) - SESSION: Focus changed from 49660 to 0
[DEBUG] [2:33:47 PM] refresh.swift:92 runSession(_:_:body:) - SESSION: Completed in 118.6ms
[DEBUG] [2:33:47 PM] HotkeyBinding.swift:50 activateMode(_:) - HOTKEY: Completed in 120.1ms
[DEBUG] [2:33:47 PM] refresh.swift:51 runRefreshSessionBlocking(_:layoutWorkspaces:optimisticallyPreLayoutWorkspaces:) - REFRESH: Starting blocking refresh for event: hotkeyBinding
[DEBUG] [2:33:47 PM] RefreshDebouncer.swift:25 debounce(event:screenIsDefinitelyUnlocked:optimisticallyPreLayoutWorkspaces:) - DEBOUNCE: Using fixed delay 50.0ms for event: ax(AXMoved)
[DEBUG] [2:33:47 PM] RefreshDebouncer.swift:47 debounceWithFixedDelay(event:screenIsDefinitelyUnlocked:optimisticallyPreLayoutWorkspaces:) - DEBOUNCE: Task scheduled, will wait 50.0ms
[DEBUG] [2:33:47 PM] RefreshDebouncer.swift:54 debounceWithFixedDelay(event:screenIsDefinitelyUnlocked:optimisticallyPreLayoutWorkspaces:) - DEBOUNCE: Task cancelled after 40.161967277526855ms
[DEBUG] [2:33:47 PM] RefreshDebouncer.swift:25 debounce(event:screenIsDefinitelyUnlocked:optimisticallyPreLayoutWorkspaces:) - DEBOUNCE: Using fixed delay 50.0ms for event: ax(AXMoved)
[DEBUG] [2:33:47 PM] RefreshDebouncer.swift:47 debounceWithFixedDelay(event:screenIsDefinitelyUnlocked:optimisticallyPreLayoutWorkspaces:) - DEBOUNCE: Task scheduled, will wait 50.0ms
[DEBUG] [2:33:47 PM] RefreshDebouncer.swift:54 debounceWithFixedDelay(event:screenIsDefinitelyUnlocked:optimisticallyPreLayoutWorkspaces:) - DEBOUNCE: Task cancelled after 39.72208499908447ms
[DEBUG] [2:33:48 PM] RefreshDebouncer.swift:58 debounceWithFixedDelay(event:screenIsDefinitelyUnlocked:optimisticallyPreLayoutWorkspaces:) - DEBOUNCE: Executing refresh after 53.076982498168945ms
[DEBUG] [2:33:48 PM] refresh.swift:51 runRefreshSessionBlocking(_:layoutWorkspaces:optimisticallyPreLayoutWorkspaces:) - REFRESH: Starting blocking refresh for event: ax(AXMoved)
[DEBUG] [2:33:48 PM] HotkeyBinding.swift:37 activateMode(_:) - HOTKEY: alt-1 pressed
[DEBUG] [2:33:48 PM] HotkeyBinding.swift:41 activateMode(_:) - HOTKEY: Will execute 1 command(s)
[DEBUG] [2:33:48 PM] refresh.swift:86 runSession(_:_:body:) - SESSION: Starting session for event: hotkeyBinding
[DEBUG] [2:33:48 PM] refresh.swift:106 runSession(_:_:body:) - SESSION: Executing body
[DEBUG] [2:33:48 PM] Command.swift:43 runCmdSeq(_:_:) - CMDSEQ: Running 1 command(s)
[DEBUG] [2:33:48 PM] Command.swift:47 runCmdSeq(_:_:) - CMDSEQ: Executing command 1/1: WorkspaceCommand
[DEBUG] [2:33:48 PM] Command.swift:50 runCmdSeq(_:_:) - CMDSEQ: Command WorkspaceCommand returned: true
[DEBUG] [2:33:48 PM] Command.swift:53 runCmdSeq(_:_:) - CMDSEQ: Sequence completed with overall success: true
[DEBUG] [2:33:48 PM] RefreshDebouncer.swift:25 debounce(event:screenIsDefinitelyUnlocked:optimisticallyPreLayoutWorkspaces:) - DEBOUNCE: Using fixed delay 50.0ms for event: ax(AXMoved)
[DEBUG] [2:33:48 PM] RefreshDebouncer.swift:47 debounceWithFixedDelay(event:screenIsDefinitelyUnlocked:optimisticallyPreLayoutWorkspaces:) - DEBOUNCE: Task scheduled, will wait 50.0ms
[DEBUG] [2:33:48 PM] RefreshDebouncer.swift:25 debounce(event:screenIsDefinitelyUnlocked:optimisticallyPreLayoutWorkspaces:) - DEBOUNCE: Using fixed delay 50.0ms for event: ax(AXMoved)
[DEBUG] [2:33:48 PM] RefreshDebouncer.swift:47 debounceWithFixedDelay(event:screenIsDefinitelyUnlocked:optimisticallyPreLayoutWorkspaces:) - DEBOUNCE: Task scheduled, will wait 50.0ms
[DEBUG] [2:33:48 PM] RefreshDebouncer.swift:54 debounceWithFixedDelay(event:screenIsDefinitelyUnlocked:optimisticallyPreLayoutWorkspaces:) - DEBOUNCE: Task cancelled after 0.23603439331054688ms
[DEBUG] [2:33:48 PM] RefreshDebouncer.swift:25 debounce(event:screenIsDefinitelyUnlocked:optimisticallyPreLayoutWorkspaces:) - DEBOUNCE: Using fixed delay 50.0ms for event: ax(AXMoved)
[DEBUG] [2:33:48 PM] RefreshDebouncer.swift:47 debounceWithFixedDelay(event:screenIsDefinitelyUnlocked:optimisticallyPreLayoutWorkspaces:) - DEBOUNCE: Task scheduled, will wait 50.0ms
[DEBUG] [2:33:48 PM] RefreshDebouncer.swift:54 debounceWithFixedDelay(event:screenIsDefinitelyUnlocked:optimisticallyPreLayoutWorkspaces:) - DEBOUNCE: Task cancelled after 5.22303581237793ms
[DEBUG] [2:33:48 PM] refresh.swift:57 runRefreshSessionBlocking(_:layoutWorkspaces:optimisticallyPreLayoutWorkspaces:) - REFRESH: Completed blocking refresh in 254.5ms
[DEBUG] [2:33:48 PM] refresh.swift:57 runRefreshSessionBlocking(_:layoutWorkspaces:optimisticallyPreLayoutWorkspaces:) - REFRESH: Completed blocking refresh in 122.7ms
[DEBUG] [2:33:48 PM] RefreshDebouncer.swift:25 debounce(event:screenIsDefinitelyUnlocked:optimisticallyPreLayoutWorkspaces:) - DEBOUNCE: Using fixed delay 50.0ms for event: ax(AXMoved)
[DEBUG] [2:33:48 PM] RefreshDebouncer.swift:25 debounce(event:screenIsDefinitelyUnlocked:optimisticallyPreLayoutWorkspaces:) - DEBOUNCE: Using fixed delay 50.0ms for event: ax(AXMoved)
[DEBUG] [2:33:48 PM] RefreshDebouncer.swift:25 debounce(event:screenIsDefinitelyUnlocked:optimisticallyPreLayoutWorkspaces:) - DEBOUNCE: Using fixed delay 50.0ms for event: ax(AXMoved)
[DEBUG] [2:33:48 PM] RefreshDebouncer.swift:47 debounceWithFixedDelay(event:screenIsDefinitelyUnlocked:optimisticallyPreLayoutWorkspaces:) - DEBOUNCE: Task scheduled, will wait 50.0ms
[DEBUG] [2:33:48 PM] RefreshDebouncer.swift:54 debounceWithFixedDelay(event:screenIsDefinitelyUnlocked:optimisticallyPreLayoutWorkspaces:) - DEBOUNCE: Task cancelled after 51.16105079650879ms
[DEBUG] [2:33:48 PM] RefreshDebouncer.swift:47 debounceWithFixedDelay(event:screenIsDefinitelyUnlocked:optimisticallyPreLayoutWorkspaces:) - DEBOUNCE: Task scheduled, will wait 50.0ms
[DEBUG] [2:33:48 PM] RefreshDebouncer.swift:47 debounceWithFixedDelay(event:screenIsDefinitelyUnlocked:optimisticallyPreLayoutWorkspaces:) - DEBOUNCE: Task scheduled, will wait 50.0ms
[DEBUG] [2:33:48 PM] RefreshDebouncer.swift:54 debounceWithFixedDelay(event:screenIsDefinitelyUnlocked:optimisticallyPreLayoutWorkspaces:) - DEBOUNCE: Task cancelled after 0.45490264892578125ms
[DEBUG] [2:33:48 PM] RefreshDebouncer.swift:54 debounceWithFixedDelay(event:screenIsDefinitelyUnlocked:optimisticallyPreLayoutWorkspaces:) - DEBOUNCE: Task cancelled after 0.36406517028808594ms
[DEBUG] [2:33:48 PM] refresh.swift:115 runSession(_:_:body:) - SESSION: Focus changed from 0 to 49660
[DEBUG] [2:33:48 PM] refresh.swift:92 runSession(_:_:body:) - SESSION: Completed in 110.2ms
[DEBUG] [2:33:48 PM] HotkeyBinding.swift:50 activateMode(_:) - HOTKEY: Completed in 110.7ms
[DEBUG] [2:33:48 PM] refresh.swift:51 runRefreshSessionBlocking(_:layoutWorkspaces:optimisticallyPreLayoutWorkspaces:) - REFRESH: Starting blocking refresh for event: hotkeyBinding
[DEBUG] [2:33:48 PM] RefreshDebouncer.swift:25 debounce(event:screenIsDefinitelyUnlocked:optimisticallyPreLayoutWorkspaces:) - DEBOUNCE: Using fixed delay 50.0ms for event: ax(AXMoved)
[DEBUG] [2:33:48 PM] RefreshDebouncer.swift:47 debounceWithFixedDelay(event:screenIsDefinitelyUnlocked:optimisticallyPreLayoutWorkspaces:) - DEBOUNCE: Task scheduled, will wait 50.0ms
[DEBUG] [2:33:48 PM] RefreshDebouncer.swift:54 debounceWithFixedDelay(event:screenIsDefinitelyUnlocked:optimisticallyPreLayoutWorkspaces:) - DEBOUNCE: Task cancelled after 21.05093002319336ms
[DEBUG] [2:33:48 PM] RefreshDebouncer.swift:25 debounce(event:screenIsDefinitelyUnlocked:optimisticallyPreLayoutWorkspaces:) - DEBOUNCE: Using fixed delay 50.0ms for event: ax(AXMoved)
[DEBUG] [2:33:48 PM] RefreshDebouncer.swift:47 debounceWithFixedDelay(event:screenIsDefinitelyUnlocked:optimisticallyPreLayoutWorkspaces:) - DEBOUNCE: Task scheduled, will wait 50.0ms
[DEBUG] [2:33:48 PM] RefreshDebouncer.swift:54 debounceWithFixedDelay(event:screenIsDefinitelyUnlocked:optimisticallyPreLayoutWorkspaces:) - DEBOUNCE: Task cancelled after 18.023967742919922ms
[DEBUG] [2:33:48 PM] RefreshDebouncer.swift:25 debounce(event:screenIsDefinitelyUnlocked:optimisticallyPreLayoutWorkspaces:) - DEBOUNCE: Using fixed delay 50.0ms for event: ax(AXMoved)
[DEBUG] [2:33:48 PM] RefreshDebouncer.swift:47 debounceWithFixedDelay(event:screenIsDefinitelyUnlocked:optimisticallyPreLayoutWorkspaces:) - DEBOUNCE: Task scheduled, will wait 50.0ms
[DEBUG] [2:33:48 PM] RefreshDebouncer.swift:54 debounceWithFixedDelay(event:screenIsDefinitelyUnlocked:optimisticallyPreLayoutWorkspaces:) - DEBOUNCE: Task cancelled after 0.24199485778808594ms
[DEBUG] [2:33:48 PM] refresh.swift:57 runRefreshSessionBlocking(_:layoutWorkspaces:optimisticallyPreLayoutWorkspaces:) - REFRESH: Completed blocking refresh in 71.8ms
[DEBUG] [2:33:48 PM] RefreshDebouncer.swift:58 debounceWithFixedDelay(event:screenIsDefinitelyUnlocked:optimisticallyPreLayoutWorkspaces:) - DEBOUNCE: Executing refresh after 50.26507377624512ms
[DEBUG] [2:33:48 PM] refresh.swift:51 runRefreshSessionBlocking(_:layoutWorkspaces:optimisticallyPreLayoutWorkspaces:) - REFRESH: Starting blocking refresh for event: ax(AXMoved)
[DEBUG] [2:33:48 PM] refresh.swift:57 runRefreshSessionBlocking(_:layoutWorkspaces:optimisticallyPreLayoutWorkspaces:) - REFRESH: Completed blocking refresh in 40.4ms
[DEBUG] [2:33:49 PM] HotkeyBinding.swift:37 activateMode(_:) - HOTKEY: alt-slash pressed
[DEBUG] [2:33:49 PM] HotkeyBinding.swift:41 activateMode(_:) - HOTKEY: Will execute 1 command(s)
[DEBUG] [2:33:49 PM] refresh.swift:86 runSession(_:_:body:) - SESSION: Starting session for event: hotkeyBinding
[DEBUG] [2:33:49 PM] refresh.swift:106 runSession(_:_:body:) - SESSION: Executing body
[DEBUG] [2:33:49 PM] Command.swift:43 runCmdSeq(_:_:) - CMDSEQ: Running 1 command(s)
[DEBUG] [2:33:49 PM] Command.swift:47 runCmdSeq(_:_:) - CMDSEQ: Executing command 1/1: LayoutCommand
[DEBUG] [2:33:49 PM] LayoutCommand.swift:13 run(_:_:) - COMMAND: LayoutCommand starting - toggling between [Common.LayoutCmdArgs.LayoutDescription.tiles, Common.LayoutCmdArgs.LayoutDescription.horizontal, Common.LayoutCmdArgs.LayoutDescription.vertical]
[DEBUG] [2:33:49 PM] LayoutCommand.swift:24 run(_:_:) - COMMAND: Current window: 49660, parent: Optional(AppBundle.TilingContainer)
[DEBUG] [2:33:49 PM] LayoutCommand.swift:28 run(_:_:) - COMMAND: Target layout description: tiles
[DEBUG] [2:33:49 PM] LayoutCommand.swift:34 run(_:_:) - COMMAND: Switching to layout: tiles
[DEBUG] [2:33:49 PM] LayoutCommand.swift:76 changeTilingLayout(_:targetLayout:targetOrientation:window:) - COMMAND: changeTilingLayout - targetLayout: Optional(AppBundle.Layout.tiles), targetOrientation: nil
[DEBUG] [2:33:49 PM] LayoutCommand.swift:89 changeTilingLayout(_:targetLayout:targetOrientation:window:) - COMMAND: Changing from accordion/h to tiles/h
[DEBUG] [2:33:49 PM] LayoutCommand.swift:104 changeTilingLayout(_:targetLayout:targetOrientation:window:) - COMMAND: Layout change successful
[DEBUG] [2:33:49 PM] Command.swift:50 runCmdSeq(_:_:) - CMDSEQ: Command LayoutCommand returned: true
[DEBUG] [2:33:49 PM] Command.swift:53 runCmdSeq(_:_:) - CMDSEQ: Sequence completed with overall success: true
[DEBUG] [2:33:49 PM] refresh.swift:51 runRefreshSessionBlocking(_:layoutWorkspaces:optimisticallyPreLayoutWorkspaces:) - REFRESH: Starting blocking refresh for event: hotkeyBinding
[DEBUG] [2:33:49 PM] refresh.swift:92 runSession(_:_:body:) - SESSION: Completed in 12.5ms
[DEBUG] [2:33:49 PM] HotkeyBinding.swift:50 activateMode(_:) - HOTKEY: Completed in 13.4ms
[DEBUG] [2:33:49 PM] refresh.swift:51 runRefreshSessionBlocking(_:layoutWorkspaces:optimisticallyPreLayoutWorkspaces:) - REFRESH: Starting blocking refresh for event: hotkeyBinding
[DEBUG] [2:33:49 PM] refresh.swift:57 runRefreshSessionBlocking(_:layoutWorkspaces:optimisticallyPreLayoutWorkspaces:) - REFRESH: Completed blocking refresh in 45.4ms
[DEBUG] [2:33:49 PM] RefreshDebouncer.swift:25 debounce(event:screenIsDefinitelyUnlocked:optimisticallyPreLayoutWorkspaces:) - DEBOUNCE: Using fixed delay 50.0ms for event: ax(AXResized)
[DEBUG] [2:33:49 PM] RefreshDebouncer.swift:47 debounceWithFixedDelay(event:screenIsDefinitelyUnlocked:optimisticallyPreLayoutWorkspaces:) - DEBOUNCE: Task scheduled, will wait 50.0ms
[DEBUG] [2:33:49 PM] RefreshDebouncer.swift:25 debounce(event:screenIsDefinitelyUnlocked:optimisticallyPreLayoutWorkspaces:) - DEBOUNCE: Using fixed delay 50.0ms for event: ax(AXResized)
[DEBUG] [2:33:49 PM] RefreshDebouncer.swift:25 debounce(event:screenIsDefinitelyUnlocked:optimisticallyPreLayoutWorkspaces:) - DEBOUNCE: Using fixed delay 50.0ms for event: ax(AXMoved)
[DEBUG] [2:33:49 PM] RefreshDebouncer.swift:25 debounce(event:screenIsDefinitelyUnlocked:optimisticallyPreLayoutWorkspaces:) - DEBOUNCE: Using fixed delay 50.0ms for event: ax(AXResized)
[DEBUG] [2:33:49 PM] RefreshDebouncer.swift:25 debounce(event:screenIsDefinitelyUnlocked:optimisticallyPreLayoutWorkspaces:) - DEBOUNCE: Using fixed delay 50.0ms for event: ax(AXMoved)
[DEBUG] [2:33:49 PM] RefreshDebouncer.swift:25 debounce(event:screenIsDefinitelyUnlocked:optimisticallyPreLayoutWorkspaces:) - DEBOUNCE: Using fixed delay 50.0ms for event: ax(AXResized)
[DEBUG] [2:33:49 PM] RefreshDebouncer.swift:25 debounce(event:screenIsDefinitelyUnlocked:optimisticallyPreLayoutWorkspaces:) - DEBOUNCE: Using fixed delay 50.0ms for event: ax(AXMoved)
[DEBUG] [2:33:49 PM] RefreshDebouncer.swift:47 debounceWithFixedDelay(event:screenIsDefinitelyUnlocked:optimisticallyPreLayoutWorkspaces:) - DEBOUNCE: Task scheduled, will wait 50.0ms
[DEBUG] [2:33:49 PM] RefreshDebouncer.swift:54 debounceWithFixedDelay(event:screenIsDefinitelyUnlocked:optimisticallyPreLayoutWorkspaces:) - DEBOUNCE: Task cancelled after 28.31399440765381ms
[DEBUG] [2:33:49 PM] RefreshDebouncer.swift:47 debounceWithFixedDelay(event:screenIsDefinitelyUnlocked:optimisticallyPreLayoutWorkspaces:) - DEBOUNCE: Task scheduled, will wait 50.0ms
[DEBUG] [2:33:49 PM] RefreshDebouncer.swift:47 debounceWithFixedDelay(event:screenIsDefinitelyUnlocked:optimisticallyPreLayoutWorkspaces:) - DEBOUNCE: Task scheduled, will wait 50.0ms
[DEBUG] [2:33:49 PM] RefreshDebouncer.swift:47 debounceWithFixedDelay(event:screenIsDefinitelyUnlocked:optimisticallyPreLayoutWorkspaces:) - DEBOUNCE: Task scheduled, will wait 50.0ms
[DEBUG] [2:33:49 PM] RefreshDebouncer.swift:47 debounceWithFixedDelay(event:screenIsDefinitelyUnlocked:optimisticallyPreLayoutWorkspaces:) - DEBOUNCE: Task scheduled, will wait 50.0ms
[DEBUG] [2:33:49 PM] RefreshDebouncer.swift:47 debounceWithFixedDelay(event:screenIsDefinitelyUnlocked:optimisticallyPreLayoutWorkspaces:) - DEBOUNCE: Task scheduled, will wait 50.0ms
[DEBUG] [2:33:49 PM] RefreshDebouncer.swift:54 debounceWithFixedDelay(event:screenIsDefinitelyUnlocked:optimisticallyPreLayoutWorkspaces:) - DEBOUNCE: Task cancelled after 3.756999969482422ms
[DEBUG] [2:33:49 PM] RefreshDebouncer.swift:54 debounceWithFixedDelay(event:screenIsDefinitelyUnlocked:optimisticallyPreLayoutWorkspaces:) - DEBOUNCE: Task cancelled after 2.9430389404296875ms
[DEBUG] [2:33:49 PM] RefreshDebouncer.swift:54 debounceWithFixedDelay(event:screenIsDefinitelyUnlocked:optimisticallyPreLayoutWorkspaces:) - DEBOUNCE: Task cancelled after 2.866029739379883ms
[DEBUG] [2:33:49 PM] RefreshDebouncer.swift:54 debounceWithFixedDelay(event:screenIsDefinitelyUnlocked:optimisticallyPreLayoutWorkspaces:) - DEBOUNCE: Task cancelled after 2.830982208251953ms
[DEBUG] [2:33:49 PM] RefreshDebouncer.swift:54 debounceWithFixedDelay(event:screenIsDefinitelyUnlocked:optimisticallyPreLayoutWorkspaces:) - DEBOUNCE: Task cancelled after 2.8020143508911133ms
[DEBUG] [2:33:49 PM] refresh.swift:57 runRefreshSessionBlocking(_:layoutWorkspaces:optimisticallyPreLayoutWorkspaces:) - REFRESH: Completed blocking refresh in 121.6ms
[DEBUG] [2:33:49 PM] RefreshDebouncer.swift:58 debounceWithFixedDelay(event:screenIsDefinitelyUnlocked:optimisticallyPreLayoutWorkspaces:) - DEBOUNCE: Executing refresh after 54.6649694442749ms
[DEBUG] [2:33:49 PM] refresh.swift:51 runRefreshSessionBlocking(_:layoutWorkspaces:optimisticallyPreLayoutWorkspaces:) - REFRESH: Starting blocking refresh for event: ax(AXMoved)
[DEBUG] [2:33:49 PM] refresh.swift:57 runRefreshSessionBlocking(_:layoutWorkspaces:optimisticallyPreLayoutWorkspaces:) - REFRESH: Completed blocking refresh in 19.4ms
[DEBUG] [2:33:52 PM] RefreshDebouncer.swift:25 debounce(event:screenIsDefinitelyUnlocked:optimisticallyPreLayoutWorkspaces:) - DEBOUNCE: Using fixed delay 50.0ms for event: globalObserverLeftMouseUp
[DEBUG] [2:33:52 PM] RefreshDebouncer.swift:47 debounceWithFixedDelay(event:screenIsDefinitelyUnlocked:optimisticallyPreLayoutWorkspaces:) - DEBOUNCE: Task scheduled, will wait 50.0ms
[DEBUG] [2:33:52 PM] RefreshDebouncer.swift:58 debounceWithFixedDelay(event:screenIsDefinitelyUnlocked:optimisticallyPreLayoutWorkspaces:) - DEBOUNCE: Executing refresh after 53.80105972290039ms
[DEBUG] [2:33:52 PM] refresh.swift:51 runRefreshSessionBlocking(_:layoutWorkspaces:optimisticallyPreLayoutWorkspaces:) - REFRESH: Starting blocking refresh for event: globalObserverLeftMouseUp
[DEBUG] [2:33:53 PM] refresh.swift:57 runRefreshSessionBlocking(_:layoutWorkspaces:optimisticallyPreLayoutWorkspaces:) - REFRESH: Completed blocking refresh in 43.2ms
[DEBUG] [2:33:53 PM] HotkeyBinding.swift:37 activateMode(_:) - HOTKEY: alt-shift-l pressed
[DEBUG] [2:33:53 PM] HotkeyBinding.swift:41 activateMode(_:) - HOTKEY: Will execute 1 command(s)
[DEBUG] [2:33:53 PM] refresh.swift:86 runSession(_:_:body:) - SESSION: Starting session for event: hotkeyBinding
[DEBUG] [2:33:53 PM] refresh.swift:106 runSession(_:_:body:) - SESSION: Executing body
[DEBUG] [2:33:53 PM] Command.swift:43 runCmdSeq(_:_:) - CMDSEQ: Running 1 command(s)
[DEBUG] [2:33:53 PM] Command.swift:47 runCmdSeq(_:_:) - CMDSEQ: Executing command 1/1: MoveCommand
[DEBUG] [2:33:53 PM] MoveCommand.swift:10 run(_:_:) - COMMAND: MoveCommand starting - direction: right
[DEBUG] [2:33:53 PM] MoveCommand.swift:26 run(_:_:) - COMMAND: Moving window: 49660
[DEBUG] [2:33:53 PM] MoveCommand.swift:38 run(_:_:) - COMMAND: Swapping windows
[DEBUG] [2:33:53 PM] MoveCommand.swift:23 run(_:_:) - COMMAND: MoveCommand completed in 4.7ms
[DEBUG] [2:33:53 PM] Command.swift:50 runCmdSeq(_:_:) - CMDSEQ: Command MoveCommand returned: true
[DEBUG] [2:33:53 PM] Command.swift:53 runCmdSeq(_:_:) - CMDSEQ: Sequence completed with overall success: true
[DEBUG] [2:33:53 PM] RefreshDebouncer.swift:25 debounce(event:screenIsDefinitelyUnlocked:optimisticallyPreLayoutWorkspaces:) - DEBOUNCE: Using fixed delay 50.0ms for event: ax(AXMoved)
[DEBUG] [2:33:53 PM] RefreshDebouncer.swift:47 debounceWithFixedDelay(event:screenIsDefinitelyUnlocked:optimisticallyPreLayoutWorkspaces:) - DEBOUNCE: Task scheduled, will wait 50.0ms
[DEBUG] [2:33:53 PM] refresh.swift:92 runSession(_:_:body:) - SESSION: Completed in 17.3ms
[DEBUG] [2:33:53 PM] HotkeyBinding.swift:50 activateMode(_:) - HOTKEY: Completed in 17.9ms
[DEBUG] [2:33:53 PM] refresh.swift:51 runRefreshSessionBlocking(_:layoutWorkspaces:optimisticallyPreLayoutWorkspaces:) - REFRESH: Starting blocking refresh for event: hotkeyBinding
[DEBUG] [2:33:53 PM] RefreshDebouncer.swift:25 debounce(event:screenIsDefinitelyUnlocked:optimisticallyPreLayoutWorkspaces:) - DEBOUNCE: Using fixed delay 50.0ms for event: ax(AXMoved)
[DEBUG] [2:33:53 PM] RefreshDebouncer.swift:47 debounceWithFixedDelay(event:screenIsDefinitelyUnlocked:optimisticallyPreLayoutWorkspaces:) - DEBOUNCE: Task scheduled, will wait 50.0ms
[DEBUG] [2:33:53 PM] RefreshDebouncer.swift:54 debounceWithFixedDelay(event:screenIsDefinitelyUnlocked:optimisticallyPreLayoutWorkspaces:) - DEBOUNCE: Task cancelled after 2.0499229431152344ms
[DEBUG] [2:33:53 PM] refresh.swift:57 runRefreshSessionBlocking(_:layoutWorkspaces:optimisticallyPreLayoutWorkspaces:) - REFRESH: Completed blocking refresh in 35.0ms
[DEBUG] [2:33:53 PM] RefreshDebouncer.swift:58 debounceWithFixedDelay(event:screenIsDefinitelyUnlocked:optimisticallyPreLayoutWorkspaces:) - DEBOUNCE: Executing refresh after 51.422953605651855ms
[DEBUG] [2:33:53 PM] refresh.swift:51 runRefreshSessionBlocking(_:layoutWorkspaces:optimisticallyPreLayoutWorkspaces:) - REFRESH: Starting blocking refresh for event: ax(AXMoved)
[DEBUG] [2:33:53 PM] refresh.swift:57 runRefreshSessionBlocking(_:layoutWorkspaces:optimisticallyPreLayoutWorkspaces:) - REFRESH: Completed blocking refresh in 22.3ms
[DEBUG] [2:33:53 PM] HotkeyBinding.swift:37 activateMode(_:) - HOTKEY: alt-shift-l pressed
[DEBUG] [2:33:53 PM] HotkeyBinding.swift:41 activateMode(_:) - HOTKEY: Will execute 1 command(s)
[DEBUG] [2:33:53 PM] refresh.swift:86 runSession(_:_:body:) - SESSION: Starting session for event: hotkeyBinding
[DEBUG] [2:33:53 PM] refresh.swift:106 runSession(_:_:body:) - SESSION: Executing body
[DEBUG] [2:33:53 PM] Command.swift:43 runCmdSeq(_:_:) - CMDSEQ: Running 1 command(s)
[DEBUG] [2:33:53 PM] Command.swift:47 runCmdSeq(_:_:) - CMDSEQ: Executing command 1/1: MoveCommand
[DEBUG] [2:33:53 PM] MoveCommand.swift:10 run(_:_:) - COMMAND: MoveCommand starting - direction: right
[DEBUG] [2:33:53 PM] MoveCommand.swift:26 run(_:_:) - COMMAND: Moving window: 49660
[DEBUG] [2:33:53 PM] MoveCommand.swift:38 run(_:_:) - COMMAND: Swapping windows
[DEBUG] [2:33:53 PM] MoveCommand.swift:23 run(_:_:) - COMMAND: MoveCommand completed in 1.5ms
[DEBUG] [2:33:53 PM] Command.swift:50 runCmdSeq(_:_:) - CMDSEQ: Command MoveCommand returned: true
[DEBUG] [2:33:53 PM] Command.swift:53 runCmdSeq(_:_:) - CMDSEQ: Sequence completed with overall success: true
[DEBUG] [2:33:53 PM] RefreshDebouncer.swift:25 debounce(event:screenIsDefinitelyUnlocked:optimisticallyPreLayoutWorkspaces:) - DEBOUNCE: Using fixed delay 50.0ms for event: ax(AXMoved)
[DEBUG] [2:33:53 PM] RefreshDebouncer.swift:47 debounceWithFixedDelay(event:screenIsDefinitelyUnlocked:optimisticallyPreLayoutWorkspaces:) - DEBOUNCE: Task scheduled, will wait 50.0ms
[DEBUG] [2:33:53 PM] refresh.swift:92 runSession(_:_:body:) - SESSION: Completed in 8.2ms
[DEBUG] [2:33:53 PM] HotkeyBinding.swift:50 activateMode(_:) - HOTKEY: Completed in 8.5ms
[DEBUG] [2:33:53 PM] refresh.swift:51 runRefreshSessionBlocking(_:layoutWorkspaces:optimisticallyPreLayoutWorkspaces:) - REFRESH: Starting blocking refresh for event: hotkeyBinding
[DEBUG] [2:33:53 PM] RefreshDebouncer.swift:25 debounce(event:screenIsDefinitelyUnlocked:optimisticallyPreLayoutWorkspaces:) - DEBOUNCE: Using fixed delay 50.0ms for event: ax(AXMoved)
[DEBUG] [2:33:53 PM] RefreshDebouncer.swift:47 debounceWithFixedDelay(event:screenIsDefinitelyUnlocked:optimisticallyPreLayoutWorkspaces:) - DEBOUNCE: Task scheduled, will wait 50.0ms
[DEBUG] [2:33:53 PM] RefreshDebouncer.swift:54 debounceWithFixedDelay(event:screenIsDefinitelyUnlocked:optimisticallyPreLayoutWorkspaces:) - DEBOUNCE: Task cancelled after 10.035991668701172ms
[DEBUG] [2:33:53 PM] refresh.swift:57 runRefreshSessionBlocking(_:layoutWorkspaces:optimisticallyPreLayoutWorkspaces:) - REFRESH: Completed blocking refresh in 19.0ms
[DEBUG] [2:33:54 PM] RefreshDebouncer.swift:58 debounceWithFixedDelay(event:screenIsDefinitelyUnlocked:optimisticallyPreLayoutWorkspaces:) - DEBOUNCE: Executing refresh after 53.47895622253418ms
[DEBUG] [2:33:54 PM] refresh.swift:51 runRefreshSessionBlocking(_:layoutWorkspaces:optimisticallyPreLayoutWorkspaces:) - REFRESH: Starting blocking refresh for event: ax(AXMoved)
[DEBUG] [2:33:54 PM] refresh.swift:57 runRefreshSessionBlocking(_:layoutWorkspaces:optimisticallyPreLayoutWorkspaces:) - REFRESH: Completed blocking refresh in 17.7ms
[DEBUG] [2:33:54 PM] HotkeyBinding.swift:37 activateMode(_:) - HOTKEY: alt-shift-l pressed
[DEBUG] [2:33:54 PM] HotkeyBinding.swift:41 activateMode(_:) - HOTKEY: Will execute 1 command(s)
[DEBUG] [2:33:54 PM] refresh.swift:86 runSession(_:_:body:) - SESSION: Starting session for event: hotkeyBinding
[DEBUG] [2:33:54 PM] refresh.swift:106 runSession(_:_:body:) - SESSION: Executing body
[DEBUG] [2:33:54 PM] Command.swift:43 runCmdSeq(_:_:) - CMDSEQ: Running 1 command(s)
[DEBUG] [2:33:54 PM] Command.swift:47 runCmdSeq(_:_:) - CMDSEQ: Executing command 1/1: MoveCommand
[DEBUG] [2:33:54 PM] MoveCommand.swift:10 run(_:_:) - COMMAND: MoveCommand starting - direction: right
[DEBUG] [2:33:54 PM] MoveCommand.swift:26 run(_:_:) - COMMAND: Moving window: 49660
[DEBUG] [2:33:54 PM] MoveCommand.swift:38 run(_:_:) - COMMAND: Swapping windows
[DEBUG] [2:33:54 PM] MoveCommand.swift:23 run(_:_:) - COMMAND: MoveCommand completed in 2.1ms
[DEBUG] [2:33:54 PM] Command.swift:50 runCmdSeq(_:_:) - CMDSEQ: Command MoveCommand returned: true
[DEBUG] [2:33:54 PM] Command.swift:53 runCmdSeq(_:_:) - CMDSEQ: Sequence completed with overall success: true
[DEBUG] [2:33:54 PM] refresh.swift:92 runSession(_:_:body:) - SESSION: Completed in 8.4ms
[DEBUG] [2:33:54 PM] HotkeyBinding.swift:50 activateMode(_:) - HOTKEY: Completed in 8.9ms
[DEBUG] [2:33:54 PM] refresh.swift:51 runRefreshSessionBlocking(_:layoutWorkspaces:optimisticallyPreLayoutWorkspaces:) - REFRESH: Starting blocking refresh for event: hotkeyBinding
[DEBUG] [2:33:54 PM] RefreshDebouncer.swift:25 debounce(event:screenIsDefinitelyUnlocked:optimisticallyPreLayoutWorkspaces:) - DEBOUNCE: Using fixed delay 50.0ms for event: ax(AXMoved)
[DEBUG] [2:33:54 PM] RefreshDebouncer.swift:47 debounceWithFixedDelay(event:screenIsDefinitelyUnlocked:optimisticallyPreLayoutWorkspaces:) - DEBOUNCE: Task scheduled, will wait 50.0ms
[DEBUG] [2:33:54 PM] RefreshDebouncer.swift:25 debounce(event:screenIsDefinitelyUnlocked:optimisticallyPreLayoutWorkspaces:) - DEBOUNCE: Using fixed delay 50.0ms for event: ax(AXMoved)
[DEBUG] [2:33:54 PM] RefreshDebouncer.swift:47 debounceWithFixedDelay(event:screenIsDefinitelyUnlocked:optimisticallyPreLayoutWorkspaces:) - DEBOUNCE: Task scheduled, will wait 50.0ms
[DEBUG] [2:33:54 PM] RefreshDebouncer.swift:54 debounceWithFixedDelay(event:screenIsDefinitelyUnlocked:optimisticallyPreLayoutWorkspaces:) - DEBOUNCE: Task cancelled after 9.1170072555542ms
[DEBUG] [2:33:54 PM] refresh.swift:57 runRefreshSessionBlocking(_:layoutWorkspaces:optimisticallyPreLayoutWorkspaces:) - REFRESH: Completed blocking refresh in 33.1ms
[DEBUG] [2:33:54 PM] RefreshDebouncer.swift:58 debounceWithFixedDelay(event:screenIsDefinitelyUnlocked:optimisticallyPreLayoutWorkspaces:) - DEBOUNCE: Executing refresh after 53.457021713256836ms
[DEBUG] [2:33:54 PM] refresh.swift:51 runRefreshSessionBlocking(_:layoutWorkspaces:optimisticallyPreLayoutWorkspaces:) - REFRESH: Starting blocking refresh for event: ax(AXMoved)
[DEBUG] [2:33:54 PM] refresh.swift:57 runRefreshSessionBlocking(_:layoutWorkspaces:optimisticallyPreLayoutWorkspaces:) - REFRESH: Completed blocking refresh in 22.9ms
[DEBUG] [2:33:55 PM] RefreshDebouncer.swift:25 debounce(event:screenIsDefinitelyUnlocked:optimisticallyPreLayoutWorkspaces:) - DEBOUNCE: Using fixed delay 50.0ms for event: globalObserver(NSWorkspaceDidActivateApplicationNotification)
[DEBUG] [2:33:55 PM] RefreshDebouncer.swift:47 debounceWithFixedDelay(event:screenIsDefinitelyUnlocked:optimisticallyPreLayoutWorkspaces:) - DEBOUNCE: Task scheduled, will wait 50.0ms
[DEBUG] [2:33:55 PM] RefreshDebouncer.swift:25 debounce(event:screenIsDefinitelyUnlocked:optimisticallyPreLayoutWorkspaces:) - DEBOUNCE: Using fixed delay 50.0ms for event: ax(AXFocusedWindowChanged)
[DEBUG] [2:33:55 PM] RefreshDebouncer.swift:47 debounceWithFixedDelay(event:screenIsDefinitelyUnlocked:optimisticallyPreLayoutWorkspaces:) - DEBOUNCE: Task scheduled, will wait 50.0ms
[DEBUG] [2:33:55 PM] RefreshDebouncer.swift:54 debounceWithFixedDelay(event:screenIsDefinitelyUnlocked:optimisticallyPreLayoutWorkspaces:) - DEBOUNCE: Task cancelled after 2.886056900024414ms
[DEBUG] [2:33:55 PM] RefreshDebouncer.swift:58 debounceWithFixedDelay(event:screenIsDefinitelyUnlocked:optimisticallyPreLayoutWorkspaces:) - DEBOUNCE: Executing refresh after 53.40301990509033ms
[DEBUG] [2:33:55 PM] refresh.swift:51 runRefreshSessionBlocking(_:layoutWorkspaces:optimisticallyPreLayoutWorkspaces:) - REFRESH: Starting blocking refresh for event: ax(AXFocusedWindowChanged)
[DEBUG] [2:33:55 PM] refresh.swift:57 runRefreshSessionBlocking(_:layoutWorkspaces:optimisticallyPreLayoutWorkspaces:) - REFRESH: Completed blocking refresh in 17.3ms
[DEBUG] [2:33:55 PM] RefreshDebouncer.swift:25 debounce(event:screenIsDefinitelyUnlocked:optimisticallyPreLayoutWorkspaces:) - DEBOUNCE: Using fixed delay 50.0ms for event: globalObserverLeftMouseUp
[DEBUG] [2:33:55 PM] RefreshDebouncer.swift:47 debounceWithFixedDelay(event:screenIsDefinitelyUnlocked:optimisticallyPreLayoutWorkspaces:) - DEBOUNCE: Task scheduled, will wait 50.0ms
[DEBUG] [2:33:55 PM] RefreshDebouncer.swift:58 debounceWithFixedDelay(event:screenIsDefinitelyUnlocked:optimisticallyPreLayoutWorkspaces:) - DEBOUNCE: Executing refresh after 52.75392532348633ms
[DEBUG] [2:33:55 PM] refresh.swift:51 runRefreshSessionBlocking(_:layoutWorkspaces:optimisticallyPreLayoutWorkspaces:) - REFRESH: Starting blocking refresh for event: globalObserverLeftMouseUp
[DEBUG] [2:33:55 PM] refresh.swift:57 runRefreshSessionBlocking(_:layoutWorkspaces:optimisticallyPreLayoutWorkspaces:) - REFRESH: Completed blocking refresh in 20.4ms
[DEBUG] [2:33:57 PM] HotkeyBinding.swift:37 activateMode(_:) - HOTKEY: alt-shift-semicolon pressed
[DEBUG] [2:33:57 PM] HotkeyBinding.swift:41 activateMode(_:) - HOTKEY: Will execute 1 command(s)
[DEBUG] [2:33:57 PM] refresh.swift:86 runSession(_:_:body:) - SESSION: Starting session for event: hotkeyBinding
[DEBUG] [2:33:57 PM] refresh.swift:106 runSession(_:_:body:) - SESSION: Executing body
[DEBUG] [2:33:57 PM] Command.swift:43 runCmdSeq(_:_:) - CMDSEQ: Running 1 command(s)
[DEBUG] [2:33:57 PM] Command.swift:47 runCmdSeq(_:_:) - CMDSEQ: Executing command 1/1: ModeCommand
[DEBUG] [2:33:57 PM] Command.swift:50 runCmdSeq(_:_:) - CMDSEQ: Command ModeCommand returned: true
[DEBUG] [2:33:57 PM] Command.swift:53 runCmdSeq(_:_:) - CMDSEQ: Sequence completed with overall success: true
[DEBUG] [2:33:57 PM] refresh.swift:92 runSession(_:_:body:) - SESSION: Completed in 10.0ms
[DEBUG] [2:33:57 PM] HotkeyBinding.swift:50 activateMode(_:) - HOTKEY: Completed in 12.0ms
[DEBUG] [2:33:58 PM] refresh.swift:51 runRefreshSessionBlocking(_:layoutWorkspaces:optimisticallyPreLayoutWorkspaces:) - REFRESH: Starting blocking refresh for event: hotkeyBinding
[DEBUG] [2:33:58 PM] refresh.swift:57 runRefreshSessionBlocking(_:layoutWorkspaces:optimisticallyPreLayoutWorkspaces:) - REFRESH: Completed blocking refresh in 28.8ms
[DEBUG] [2:33:58 PM] HotkeyBinding.swift:37 activateMode(_:) - HOTKEY: alt-shift-h pressed
[DEBUG] [2:33:58 PM] HotkeyBinding.swift:41 activateMode(_:) - HOTKEY: Will execute 2 command(s)
[DEBUG] [2:33:58 PM] refresh.swift:86 runSession(_:_:body:) - SESSION: Starting session for event: hotkeyBinding
[DEBUG] [2:33:58 PM] refresh.swift:106 runSession(_:_:body:) - SESSION: Executing body
[DEBUG] [2:33:58 PM] Command.swift:43 runCmdSeq(_:_:) - CMDSEQ: Running 2 command(s)
[DEBUG] [2:33:58 PM] Command.swift:47 runCmdSeq(_:_:) - CMDSEQ: Executing command 1/2: JoinWithCommand
[DEBUG] [2:33:58 PM] Command.swift:50 runCmdSeq(_:_:) - CMDSEQ: Command JoinWithCommand returned: true
[DEBUG] [2:33:58 PM] Command.swift:47 runCmdSeq(_:_:) - CMDSEQ: Executing command 2/2: ModeCommand
[DEBUG] [2:33:58 PM] Command.swift:50 runCmdSeq(_:_:) - CMDSEQ: Command ModeCommand returned: true
[DEBUG] [2:33:58 PM] Command.swift:53 runCmdSeq(_:_:) - CMDSEQ: Sequence completed with overall success: true
[DEBUG] [2:33:58 PM] refresh.swift:92 runSession(_:_:body:) - SESSION: Completed in 26.5ms
[DEBUG] [2:33:58 PM] HotkeyBinding.swift:50 activateMode(_:) - HOTKEY: Completed in 27.4ms
[DEBUG] [2:33:58 PM] refresh.swift:51 runRefreshSessionBlocking(_:layoutWorkspaces:optimisticallyPreLayoutWorkspaces:) - REFRESH: Starting blocking refresh for event: hotkeyBinding
[DEBUG] [2:33:58 PM] RefreshDebouncer.swift:25 debounce(event:screenIsDefinitelyUnlocked:optimisticallyPreLayoutWorkspaces:) - DEBOUNCE: Using fixed delay 50.0ms for event: ax(AXMoved)
[DEBUG] [2:33:58 PM] RefreshDebouncer.swift:47 debounceWithFixedDelay(event:screenIsDefinitelyUnlocked:optimisticallyPreLayoutWorkspaces:) - DEBOUNCE: Task scheduled, will wait 50.0ms
[DEBUG] [2:33:58 PM] RefreshDebouncer.swift:25 debounce(event:screenIsDefinitelyUnlocked:optimisticallyPreLayoutWorkspaces:) - DEBOUNCE: Using fixed delay 50.0ms for event: ax(AXResized)
[DEBUG] [2:33:58 PM] RefreshDebouncer.swift:47 debounceWithFixedDelay(event:screenIsDefinitelyUnlocked:optimisticallyPreLayoutWorkspaces:) - DEBOUNCE: Task scheduled, will wait 50.0ms
[DEBUG] [2:33:58 PM] RefreshDebouncer.swift:54 debounceWithFixedDelay(event:screenIsDefinitelyUnlocked:optimisticallyPreLayoutWorkspaces:) - DEBOUNCE: Task cancelled after 22.076010704040527ms
[DEBUG] [2:33:58 PM] RefreshDebouncer.swift:25 debounce(event:screenIsDefinitelyUnlocked:optimisticallyPreLayoutWorkspaces:) - DEBOUNCE: Using fixed delay 50.0ms for event: ax(AXResized)
[DEBUG] [2:33:58 PM] RefreshDebouncer.swift:25 debounce(event:screenIsDefinitelyUnlocked:optimisticallyPreLayoutWorkspaces:) - DEBOUNCE: Using fixed delay 50.0ms for event: ax(AXResized)
[DEBUG] [2:33:58 PM] RefreshDebouncer.swift:25 debounce(event:screenIsDefinitelyUnlocked:optimisticallyPreLayoutWorkspaces:) - DEBOUNCE: Using fixed delay 50.0ms for event: ax(AXMoved)
[DEBUG] [2:33:58 PM] RefreshDebouncer.swift:25 debounce(event:screenIsDefinitelyUnlocked:optimisticallyPreLayoutWorkspaces:) - DEBOUNCE: Using fixed delay 50.0ms for event: ax(AXResized)
[DEBUG] [2:33:58 PM] RefreshDebouncer.swift:25 debounce(event:screenIsDefinitelyUnlocked:optimisticallyPreLayoutWorkspaces:) - DEBOUNCE: Using fixed delay 50.0ms for event: ax(AXMoved)
[DEBUG] [2:33:58 PM] RefreshDebouncer.swift:47 debounceWithFixedDelay(event:screenIsDefinitelyUnlocked:optimisticallyPreLayoutWorkspaces:) - DEBOUNCE: Task scheduled, will wait 50.0ms
[DEBUG] [2:33:58 PM] RefreshDebouncer.swift:54 debounceWithFixedDelay(event:screenIsDefinitelyUnlocked:optimisticallyPreLayoutWorkspaces:) - DEBOUNCE: Task cancelled after 20.83301544189453ms
[DEBUG] [2:33:58 PM] RefreshDebouncer.swift:47 debounceWithFixedDelay(event:screenIsDefinitelyUnlocked:optimisticallyPreLayoutWorkspaces:) - DEBOUNCE: Task scheduled, will wait 50.0ms
[DEBUG] [2:33:58 PM] RefreshDebouncer.swift:47 debounceWithFixedDelay(event:screenIsDefinitelyUnlocked:optimisticallyPreLayoutWorkspaces:) - DEBOUNCE: Task scheduled, will wait 50.0ms
[DEBUG] [2:33:58 PM] RefreshDebouncer.swift:47 debounceWithFixedDelay(event:screenIsDefinitelyUnlocked:optimisticallyPreLayoutWorkspaces:) - DEBOUNCE: Task scheduled, will wait 50.0ms
[DEBUG] [2:33:58 PM] RefreshDebouncer.swift:47 debounceWithFixedDelay(event:screenIsDefinitelyUnlocked:optimisticallyPreLayoutWorkspaces:) - DEBOUNCE: Task scheduled, will wait 50.0ms
[DEBUG] [2:33:58 PM] RefreshDebouncer.swift:54 debounceWithFixedDelay(event:screenIsDefinitelyUnlocked:optimisticallyPreLayoutWorkspaces:) - DEBOUNCE: Task cancelled after 0.4189014434814453ms
[DEBUG] [2:33:58 PM] RefreshDebouncer.swift:54 debounceWithFixedDelay(event:screenIsDefinitelyUnlocked:optimisticallyPreLayoutWorkspaces:) - DEBOUNCE: Task cancelled after 0.2580881118774414ms
[DEBUG] [2:33:58 PM] RefreshDebouncer.swift:54 debounceWithFixedDelay(event:screenIsDefinitelyUnlocked:optimisticallyPreLayoutWorkspaces:) - DEBOUNCE: Task cancelled after 0.2570152282714844ms
[DEBUG] [2:33:58 PM] RefreshDebouncer.swift:54 debounceWithFixedDelay(event:screenIsDefinitelyUnlocked:optimisticallyPreLayoutWorkspaces:) - DEBOUNCE: Task cancelled after 0.23698806762695312ms
[DEBUG] [2:33:58 PM] refresh.swift:57 runRefreshSessionBlocking(_:layoutWorkspaces:optimisticallyPreLayoutWorkspaces:) - REFRESH: Completed blocking refresh in 93.8ms
[DEBUG] [2:33:58 PM] RefreshDebouncer.swift:58 debounceWithFixedDelay(event:screenIsDefinitelyUnlocked:optimisticallyPreLayoutWorkspaces:) - DEBOUNCE: Executing refresh after 52.174925804138184ms
[DEBUG] [2:33:58 PM] refresh.swift:51 runRefreshSessionBlocking(_:layoutWorkspaces:optimisticallyPreLayoutWorkspaces:) - REFRESH: Starting blocking refresh for event: ax(AXMoved)
[DEBUG] [2:33:58 PM] refresh.swift:57 runRefreshSessionBlocking(_:layoutWorkspaces:optimisticallyPreLayoutWorkspaces:) - REFRESH: Completed blocking refresh in 17.5ms
[DEBUG] [2:34:00 PM] HotkeyBinding.swift:37 activateMode(_:) - HOTKEY: alt-2 pressed
[DEBUG] [2:34:00 PM] HotkeyBinding.swift:41 activateMode(_:) - HOTKEY: Will execute 1 command(s)
[DEBUG] [2:34:00 PM] refresh.swift:86 runSession(_:_:body:) - SESSION: Starting session for event: hotkeyBinding
[DEBUG] [2:34:00 PM] refresh.swift:106 runSession(_:_:body:) - SESSION: Executing body
[DEBUG] [2:34:00 PM] Command.swift:43 runCmdSeq(_:_:) - CMDSEQ: Running 1 command(s)
[DEBUG] [2:34:00 PM] Command.swift:47 runCmdSeq(_:_:) - CMDSEQ: Executing command 1/1: WorkspaceCommand
[DEBUG] [2:34:00 PM] Command.swift:50 runCmdSeq(_:_:) - CMDSEQ: Command WorkspaceCommand returned: true
[DEBUG] [2:34:00 PM] Command.swift:53 runCmdSeq(_:_:) - CMDSEQ: Sequence completed with overall success: true
[DEBUG] [2:34:00 PM] RefreshDebouncer.swift:25 debounce(event:screenIsDefinitelyUnlocked:optimisticallyPreLayoutWorkspaces:) - DEBOUNCE: Using fixed delay 50.0ms for event: ax(AXMoved)
[DEBUG] [2:34:00 PM] RefreshDebouncer.swift:47 debounceWithFixedDelay(event:screenIsDefinitelyUnlocked:optimisticallyPreLayoutWorkspaces:) - DEBOUNCE: Task scheduled, will wait 50.0ms
[DEBUG] [2:34:00 PM] RefreshDebouncer.swift:25 debounce(event:screenIsDefinitelyUnlocked:optimisticallyPreLayoutWorkspaces:) - DEBOUNCE: Using fixed delay 50.0ms for event: ax(AXFocusedWindowChanged)
[DEBUG] [2:34:00 PM] RefreshDebouncer.swift:25 debounce(event:screenIsDefinitelyUnlocked:optimisticallyPreLayoutWorkspaces:) - DEBOUNCE: Using fixed delay 50.0ms for event: ax(AXMoved)
[DEBUG] [2:34:00 PM] RefreshDebouncer.swift:47 debounceWithFixedDelay(event:screenIsDefinitelyUnlocked:optimisticallyPreLayoutWorkspaces:) - DEBOUNCE: Task scheduled, will wait 50.0ms
[DEBUG] [2:34:00 PM] RefreshDebouncer.swift:54 debounceWithFixedDelay(event:screenIsDefinitelyUnlocked:optimisticallyPreLayoutWorkspaces:) - DEBOUNCE: Task cancelled after 45.16100883483887ms
[DEBUG] [2:34:00 PM] RefreshDebouncer.swift:47 debounceWithFixedDelay(event:screenIsDefinitelyUnlocked:optimisticallyPreLayoutWorkspaces:) - DEBOUNCE: Task scheduled, will wait 50.0ms
[DEBUG] [2:34:00 PM] RefreshDebouncer.swift:54 debounceWithFixedDelay(event:screenIsDefinitelyUnlocked:optimisticallyPreLayoutWorkspaces:) - DEBOUNCE: Task cancelled after 0.23496150970458984ms
[DEBUG] [2:34:00 PM] refresh.swift:115 runSession(_:_:body:) - SESSION: Focus changed from 42803 to 0
[DEBUG] [2:34:00 PM] refresh.swift:92 runSession(_:_:body:) - SESSION: Completed in 127.7ms
[DEBUG] [2:34:00 PM] HotkeyBinding.swift:50 activateMode(_:) - HOTKEY: Completed in 128.2ms
[DEBUG] [2:34:00 PM] refresh.swift:51 runRefreshSessionBlocking(_:layoutWorkspaces:optimisticallyPreLayoutWorkspaces:) - REFRESH: Starting blocking refresh for event: hotkeyBinding
[DEBUG] [2:34:00 PM] RefreshDebouncer.swift:25 debounce(event:screenIsDefinitelyUnlocked:optimisticallyPreLayoutWorkspaces:) - DEBOUNCE: Using fixed delay 50.0ms for event: ax(AXMoved)
[DEBUG] [2:34:00 PM] RefreshDebouncer.swift:25 debounce(event:screenIsDefinitelyUnlocked:optimisticallyPreLayoutWorkspaces:) - DEBOUNCE: Using fixed delay 50.0ms for event: ax(AXMoved)
[DEBUG] [2:34:00 PM] RefreshDebouncer.swift:47 debounceWithFixedDelay(event:screenIsDefinitelyUnlocked:optimisticallyPreLayoutWorkspaces:) - DEBOUNCE: Task scheduled, will wait 50.0ms
[DEBUG] [2:34:00 PM] RefreshDebouncer.swift:54 debounceWithFixedDelay(event:screenIsDefinitelyUnlocked:optimisticallyPreLayoutWorkspaces:) - DEBOUNCE: Task cancelled after 41.39900207519531ms
[DEBUG] [2:34:00 PM] RefreshDebouncer.swift:47 debounceWithFixedDelay(event:screenIsDefinitelyUnlocked:optimisticallyPreLayoutWorkspaces:) - DEBOUNCE: Task scheduled, will wait 50.0ms
[DEBUG] [2:34:00 PM] RefreshDebouncer.swift:54 debounceWithFixedDelay(event:screenIsDefinitelyUnlocked:optimisticallyPreLayoutWorkspaces:) - DEBOUNCE: Task cancelled after 0.28896331787109375ms
[DEBUG] [2:34:00 PM] RefreshDebouncer.swift:25 debounce(event:screenIsDefinitelyUnlocked:optimisticallyPreLayoutWorkspaces:) - DEBOUNCE: Using fixed delay 50.0ms for event: ax(AXMoved)
[DEBUG] [2:34:00 PM] RefreshDebouncer.swift:47 debounceWithFixedDelay(event:screenIsDefinitelyUnlocked:optimisticallyPreLayoutWorkspaces:) - DEBOUNCE: Task scheduled, will wait 50.0ms
[DEBUG] [2:34:00 PM] RefreshDebouncer.swift:54 debounceWithFixedDelay(event:screenIsDefinitelyUnlocked:optimisticallyPreLayoutWorkspaces:) - DEBOUNCE: Task cancelled after 1.4460086822509766ms
[DEBUG] [2:34:00 PM] RefreshDebouncer.swift:25 debounce(event:screenIsDefinitelyUnlocked:optimisticallyPreLayoutWorkspaces:) - DEBOUNCE: Using fixed delay 50.0ms for event: ax(AXMoved)
[DEBUG] [2:34:00 PM] RefreshDebouncer.swift:47 debounceWithFixedDelay(event:screenIsDefinitelyUnlocked:optimisticallyPreLayoutWorkspaces:) - DEBOUNCE: Task scheduled, will wait 50.0ms
[DEBUG] [2:34:00 PM] RefreshDebouncer.swift:54 debounceWithFixedDelay(event:screenIsDefinitelyUnlocked:optimisticallyPreLayoutWorkspaces:) - DEBOUNCE: Task cancelled after 48.97594451904297ms
[DEBUG] [2:34:00 PM] RefreshDebouncer.swift:25 debounce(event:screenIsDefinitelyUnlocked:optimisticallyPreLayoutWorkspaces:) - DEBOUNCE: Using fixed delay 50.0ms for event: ax(AXMoved)
[DEBUG] [2:34:00 PM] RefreshDebouncer.swift:47 debounceWithFixedDelay(event:screenIsDefinitelyUnlocked:optimisticallyPreLayoutWorkspaces:) - DEBOUNCE: Task scheduled, will wait 50.0ms
[DEBUG] [2:34:00 PM] RefreshDebouncer.swift:54 debounceWithFixedDelay(event:screenIsDefinitelyUnlocked:optimisticallyPreLayoutWorkspaces:) - DEBOUNCE: Task cancelled after 12.6800537109375ms
[DEBUG] [2:34:00 PM] RefreshDebouncer.swift:25 debounce(event:screenIsDefinitelyUnlocked:optimisticallyPreLayoutWorkspaces:) - DEBOUNCE: Using fixed delay 50.0ms for event: ax(AXMoved)
[DEBUG] [2:34:00 PM] RefreshDebouncer.swift:54 debounceWithFixedDelay(event:screenIsDefinitelyUnlocked:optimisticallyPreLayoutWorkspaces:) - DEBOUNCE: Task cancelled after 84.77199077606201ms
[DEBUG] [2:34:00 PM] HotkeyBinding.swift:37 activateMode(_:) - HOTKEY: alt-1 pressed
[DEBUG] [2:34:00 PM] HotkeyBinding.swift:41 activateMode(_:) - HOTKEY: Will execute 1 command(s)
[DEBUG] [2:34:00 PM] refresh.swift:86 runSession(_:_:body:) - SESSION: Starting session for event: hotkeyBinding
[DEBUG] [2:34:00 PM] RefreshDebouncer.swift:47 debounceWithFixedDelay(event:screenIsDefinitelyUnlocked:optimisticallyPreLayoutWorkspaces:) - DEBOUNCE: Task scheduled, will wait 50.0ms
[DEBUG] [2:34:00 PM] refresh.swift:57 runRefreshSessionBlocking(_:layoutWorkspaces:optimisticallyPreLayoutWorkspaces:) - REFRESH: Completed blocking refresh in 189.7ms
[DEBUG] [2:34:00 PM] RefreshDebouncer.swift:25 debounce(event:screenIsDefinitelyUnlocked:optimisticallyPreLayoutWorkspaces:) - DEBOUNCE: Using fixed delay 50.0ms for event: ax(AXMoved)
[DEBUG] [2:34:00 PM] RefreshDebouncer.swift:25 debounce(event:screenIsDefinitelyUnlocked:optimisticallyPreLayoutWorkspaces:) - DEBOUNCE: Using fixed delay 50.0ms for event: ax(AXMoved)
[DEBUG] [2:34:00 PM] RefreshDebouncer.swift:47 debounceWithFixedDelay(event:screenIsDefinitelyUnlocked:optimisticallyPreLayoutWorkspaces:) - DEBOUNCE: Task scheduled, will wait 50.0ms
[DEBUG] [2:34:00 PM] RefreshDebouncer.swift:54 debounceWithFixedDelay(event:screenIsDefinitelyUnlocked:optimisticallyPreLayoutWorkspaces:) - DEBOUNCE: Task cancelled after 5.810022354125977ms
[DEBUG] [2:34:00 PM] RefreshDebouncer.swift:47 debounceWithFixedDelay(event:screenIsDefinitelyUnlocked:optimisticallyPreLayoutWorkspaces:) - DEBOUNCE: Task scheduled, will wait 50.0ms
[DEBUG] [2:34:00 PM] RefreshDebouncer.swift:54 debounceWithFixedDelay(event:screenIsDefinitelyUnlocked:optimisticallyPreLayoutWorkspaces:) - DEBOUNCE: Task cancelled after 0.17702579498291016ms
[DEBUG] [2:34:00 PM] RefreshDebouncer.swift:25 debounce(event:screenIsDefinitelyUnlocked:optimisticallyPreLayoutWorkspaces:) - DEBOUNCE: Using fixed delay 50.0ms for event: ax(AXMoved)
[DEBUG] [2:34:00 PM] RefreshDebouncer.swift:47 debounceWithFixedDelay(event:screenIsDefinitelyUnlocked:optimisticallyPreLayoutWorkspaces:) - DEBOUNCE: Task scheduled, will wait 50.0ms
[DEBUG] [2:34:00 PM] RefreshDebouncer.swift:54 debounceWithFixedDelay(event:screenIsDefinitelyUnlocked:optimisticallyPreLayoutWorkspaces:) - DEBOUNCE: Task cancelled after 35.91108322143555ms
[DEBUG] [2:34:00 PM] refresh.swift:106 runSession(_:_:body:) - SESSION: Executing body
[DEBUG] [2:34:00 PM] Command.swift:43 runCmdSeq(_:_:) - CMDSEQ: Running 1 command(s)
[DEBUG] [2:34:00 PM] Command.swift:47 runCmdSeq(_:_:) - CMDSEQ: Executing command 1/1: WorkspaceCommand
[DEBUG] [2:34:00 PM] Command.swift:50 runCmdSeq(_:_:) - CMDSEQ: Command WorkspaceCommand returned: true
[DEBUG] [2:34:00 PM] Command.swift:53 runCmdSeq(_:_:) - CMDSEQ: Sequence completed with overall success: true
[DEBUG] [2:34:00 PM] RefreshDebouncer.swift:25 debounce(event:screenIsDefinitelyUnlocked:optimisticallyPreLayoutWorkspaces:) - DEBOUNCE: Using fixed delay 50.0ms for event: ax(AXMoved)
[DEBUG] [2:34:00 PM] RefreshDebouncer.swift:25 debounce(event:screenIsDefinitelyUnlocked:optimisticallyPreLayoutWorkspaces:) - DEBOUNCE: Using fixed delay 50.0ms for event: ax(AXMoved)
[DEBUG] [2:34:00 PM] RefreshDebouncer.swift:25 debounce(event:screenIsDefinitelyUnlocked:optimisticallyPreLayoutWorkspaces:) - DEBOUNCE: Using fixed delay 50.0ms for event: ax(AXMoved)
[DEBUG] [2:34:00 PM] RefreshDebouncer.swift:47 debounceWithFixedDelay(event:screenIsDefinitelyUnlocked:optimisticallyPreLayoutWorkspaces:) - DEBOUNCE: Task scheduled, will wait 50.0ms
[DEBUG] [2:34:00 PM] RefreshDebouncer.swift:54 debounceWithFixedDelay(event:screenIsDefinitelyUnlocked:optimisticallyPreLayoutWorkspaces:) - DEBOUNCE: Task cancelled after 20.032048225402832ms
[DEBUG] [2:34:00 PM] RefreshDebouncer.swift:47 debounceWithFixedDelay(event:screenIsDefinitelyUnlocked:optimisticallyPreLayoutWorkspaces:) - DEBOUNCE: Task scheduled, will wait 50.0ms
[DEBUG] [2:34:00 PM] RefreshDebouncer.swift:47 debounceWithFixedDelay(event:screenIsDefinitelyUnlocked:optimisticallyPreLayoutWorkspaces:) - DEBOUNCE: Task scheduled, will wait 50.0ms
[DEBUG] [2:34:00 PM] RefreshDebouncer.swift:54 debounceWithFixedDelay(event:screenIsDefinitelyUnlocked:optimisticallyPreLayoutWorkspaces:) - DEBOUNCE: Task cancelled after 0.1850128173828125ms
[DEBUG] [2:34:00 PM] RefreshDebouncer.swift:54 debounceWithFixedDelay(event:screenIsDefinitelyUnlocked:optimisticallyPreLayoutWorkspaces:) - DEBOUNCE: Task cancelled after 0.1289844512939453ms
[DEBUG] [2:34:00 PM] refresh.swift:92 runSession(_:_:body:) - SESSION: Completed in 64.6ms
[DEBUG] [2:34:00 PM] HotkeyBinding.swift:50 activateMode(_:) - HOTKEY: Completed in 64.9ms
[DEBUG] [2:34:00 PM] refresh.swift:51 runRefreshSessionBlocking(_:layoutWorkspaces:optimisticallyPreLayoutWorkspaces:) - REFRESH: Starting blocking refresh for event: hotkeyBinding
[DEBUG] [2:34:00 PM] RefreshDebouncer.swift:58 debounceWithFixedDelay(event:screenIsDefinitelyUnlocked:optimisticallyPreLayoutWorkspaces:) - DEBOUNCE: Executing refresh after 51.632046699523926ms
[DEBUG] [2:34:00 PM] refresh.swift:51 runRefreshSessionBlocking(_:layoutWorkspaces:optimisticallyPreLayoutWorkspaces:) - REFRESH: Starting blocking refresh for event: ax(AXMoved)
[DEBUG] [2:34:00 PM] refresh.swift:57 runRefreshSessionBlocking(_:layoutWorkspaces:optimisticallyPreLayoutWorkspaces:) - REFRESH: Completed blocking refresh in 50.7ms
[DEBUG] [2:34:00 PM] refresh.swift:57 runRefreshSessionBlocking(_:layoutWorkspaces:optimisticallyPreLayoutWorkspaces:) - REFRESH: Completed blocking refresh in 18.9ms
[DEBUG] [2:34:01 PM] HotkeyBinding.swift:37 activateMode(_:) - HOTKEY: alt-2 pressed
[DEBUG] [2:34:01 PM] HotkeyBinding.swift:41 activateMode(_:) - HOTKEY: Will execute 1 command(s)
[DEBUG] [2:34:01 PM] refresh.swift:86 runSession(_:_:body:) - SESSION: Starting session for event: hotkeyBinding
[DEBUG] [2:34:01 PM] refresh.swift:106 runSession(_:_:body:) - SESSION: Executing body
[DEBUG] [2:34:01 PM] Command.swift:43 runCmdSeq(_:_:) - CMDSEQ: Running 1 command(s)
[DEBUG] [2:34:01 PM] Command.swift:47 runCmdSeq(_:_:) - CMDSEQ: Executing command 1/1: WorkspaceCommand
[DEBUG] [2:34:01 PM] Command.swift:50 runCmdSeq(_:_:) - CMDSEQ: Command WorkspaceCommand returned: true
[DEBUG] [2:34:01 PM] Command.swift:53 runCmdSeq(_:_:) - CMDSEQ: Sequence completed with overall success: true
[DEBUG] [2:34:01 PM] RefreshDebouncer.swift:25 debounce(event:screenIsDefinitelyUnlocked:optimisticallyPreLayoutWorkspaces:) - DEBOUNCE: Using fixed delay 50.0ms for event: ax(AXMoved)
[DEBUG] [2:34:01 PM] RefreshDebouncer.swift:47 debounceWithFixedDelay(event:screenIsDefinitelyUnlocked:optimisticallyPreLayoutWorkspaces:) - DEBOUNCE: Task scheduled, will wait 50.0ms
[DEBUG] [2:34:01 PM] RefreshDebouncer.swift:25 debounce(event:screenIsDefinitelyUnlocked:optimisticallyPreLayoutWorkspaces:) - DEBOUNCE: Using fixed delay 50.0ms for event: ax(AXMoved)
[DEBUG] [2:34:01 PM] RefreshDebouncer.swift:47 debounceWithFixedDelay(event:screenIsDefinitelyUnlocked:optimisticallyPreLayoutWorkspaces:) - DEBOUNCE: Task scheduled, will wait 50.0ms
[DEBUG] [2:34:01 PM] RefreshDebouncer.swift:54 debounceWithFixedDelay(event:screenIsDefinitelyUnlocked:optimisticallyPreLayoutWorkspaces:) - DEBOUNCE: Task cancelled after 22.881031036376953ms
[DEBUG] [2:34:01 PM] refresh.swift:115 runSession(_:_:body:) - SESSION: Focus changed from 47578 to 0
[DEBUG] [2:34:01 PM] refresh.swift:92 runSession(_:_:body:) - SESSION: Completed in 82.0ms
[DEBUG] [2:34:01 PM] HotkeyBinding.swift:50 activateMode(_:) - HOTKEY: Completed in 82.7ms
[DEBUG] [2:34:01 PM] refresh.swift:51 runRefreshSessionBlocking(_:layoutWorkspaces:optimisticallyPreLayoutWorkspaces:) - REFRESH: Starting blocking refresh for event: hotkeyBinding
[DEBUG] [2:34:01 PM] RefreshDebouncer.swift:25 debounce(event:screenIsDefinitelyUnlocked:optimisticallyPreLayoutWorkspaces:) - DEBOUNCE: Using fixed delay 50.0ms for event: ax(AXMoved)
[DEBUG] [2:34:01 PM] RefreshDebouncer.swift:47 debounceWithFixedDelay(event:screenIsDefinitelyUnlocked:optimisticallyPreLayoutWorkspaces:) - DEBOUNCE: Task scheduled, will wait 50.0ms
[DEBUG] [2:34:01 PM] RefreshDebouncer.swift:54 debounceWithFixedDelay(event:screenIsDefinitelyUnlocked:optimisticallyPreLayoutWorkspaces:) - DEBOUNCE: Task cancelled after 29.44004535675049ms
[DEBUG] [2:34:01 PM] RefreshDebouncer.swift:25 debounce(event:screenIsDefinitelyUnlocked:optimisticallyPreLayoutWorkspaces:) - DEBOUNCE: Using fixed delay 50.0ms for event: ax(AXMoved)
[DEBUG] [2:34:01 PM] RefreshDebouncer.swift:25 debounce(event:screenIsDefinitelyUnlocked:optimisticallyPreLayoutWorkspaces:) - DEBOUNCE: Using fixed delay 50.0ms for event: ax(AXMoved)
[DEBUG] [2:34:01 PM] RefreshDebouncer.swift:47 debounceWithFixedDelay(event:screenIsDefinitelyUnlocked:optimisticallyPreLayoutWorkspaces:) - DEBOUNCE: Task scheduled, will wait 50.0ms
[DEBUG] [2:34:01 PM] RefreshDebouncer.swift:54 debounceWithFixedDelay(event:screenIsDefinitelyUnlocked:optimisticallyPreLayoutWorkspaces:) - DEBOUNCE: Task cancelled after 21.77107334136963ms
[DEBUG] [2:34:01 PM] RefreshDebouncer.swift:47 debounceWithFixedDelay(event:screenIsDefinitelyUnlocked:optimisticallyPreLayoutWorkspaces:) - DEBOUNCE: Task scheduled, will wait 50.0ms
[DEBUG] [2:34:01 PM] RefreshDebouncer.swift:54 debounceWithFixedDelay(event:screenIsDefinitelyUnlocked:optimisticallyPreLayoutWorkspaces:) - DEBOUNCE: Task cancelled after 0.2709627151489258ms
[DEBUG] [2:34:01 PM] RefreshDebouncer.swift:25 debounce(event:screenIsDefinitelyUnlocked:optimisticallyPreLayoutWorkspaces:) - DEBOUNCE: Using fixed delay 50.0ms for event: ax(AXMoved)
[DEBUG] [2:34:01 PM] RefreshDebouncer.swift:25 debounce(event:screenIsDefinitelyUnlocked:optimisticallyPreLayoutWorkspaces:) - DEBOUNCE: Using fixed delay 50.0ms for event: ax(AXMoved)
[DEBUG] [2:34:01 PM] RefreshDebouncer.swift:47 debounceWithFixedDelay(event:screenIsDefinitelyUnlocked:optimisticallyPreLayoutWorkspaces:) - DEBOUNCE: Task scheduled, will wait 50.0ms
[DEBUG] [2:34:01 PM] RefreshDebouncer.swift:54 debounceWithFixedDelay(event:screenIsDefinitelyUnlocked:optimisticallyPreLayoutWorkspaces:) - DEBOUNCE: Task cancelled after 39.90006446838379ms
[DEBUG] [2:34:01 PM] RefreshDebouncer.swift:47 debounceWithFixedDelay(event:screenIsDefinitelyUnlocked:optimisticallyPreLayoutWorkspaces:) - DEBOUNCE: Task scheduled, will wait 50.0ms
[DEBUG] [2:34:01 PM] RefreshDebouncer.swift:54 debounceWithFixedDelay(event:screenIsDefinitelyUnlocked:optimisticallyPreLayoutWorkspaces:) - DEBOUNCE: Task cancelled after 0.16498565673828125ms
[DEBUG] [2:34:01 PM] refresh.swift:57 runRefreshSessionBlocking(_:layoutWorkspaces:optimisticallyPreLayoutWorkspaces:) - REFRESH: Completed blocking refresh in 101.5ms
[DEBUG] [2:34:01 PM] RefreshDebouncer.swift:58 debounceWithFixedDelay(event:screenIsDefinitelyUnlocked:optimisticallyPreLayoutWorkspaces:) - DEBOUNCE: Executing refresh after 50.30691623687744ms
[DEBUG] [2:34:01 PM] refresh.swift:51 runRefreshSessionBlocking(_:layoutWorkspaces:optimisticallyPreLayoutWorkspaces:) - REFRESH: Starting blocking refresh for event: ax(AXMoved)
[DEBUG] [2:34:01 PM] refresh.swift:57 runRefreshSessionBlocking(_:layoutWorkspaces:optimisticallyPreLayoutWorkspaces:) - REFRESH: Completed blocking refresh in 52.5ms
[DEBUG] [2:34:02 PM] HotkeyBinding.swift:37 activateMode(_:) - HOTKEY: alt-1 pressed
[DEBUG] [2:34:02 PM] HotkeyBinding.swift:41 activateMode(_:) - HOTKEY: Will execute 1 command(s)
[DEBUG] [2:34:02 PM] refresh.swift:86 runSession(_:_:body:) - SESSION: Starting session for event: hotkeyBinding
[DEBUG] [2:34:02 PM] refresh.swift:106 runSession(_:_:body:) - SESSION: Executing body
[DEBUG] [2:34:02 PM] Command.swift:43 runCmdSeq(_:_:) - CMDSEQ: Running 1 command(s)
[DEBUG] [2:34:02 PM] Command.swift:47 runCmdSeq(_:_:) - CMDSEQ: Executing command 1/1: WorkspaceCommand
[DEBUG] [2:34:02 PM] Command.swift:50 runCmdSeq(_:_:) - CMDSEQ: Command WorkspaceCommand returned: true
[DEBUG] [2:34:02 PM] Command.swift:53 runCmdSeq(_:_:) - CMDSEQ: Sequence completed with overall success: true
[DEBUG] [2:34:02 PM] RefreshDebouncer.swift:25 debounce(event:screenIsDefinitelyUnlocked:optimisticallyPreLayoutWorkspaces:) - DEBOUNCE: Using fixed delay 50.0ms for event: ax(AXMoved)
[DEBUG] [2:34:02 PM] RefreshDebouncer.swift:47 debounceWithFixedDelay(event:screenIsDefinitelyUnlocked:optimisticallyPreLayoutWorkspaces:) - DEBOUNCE: Task scheduled, will wait 50.0ms
[DEBUG] [2:34:02 PM] RefreshDebouncer.swift:25 debounce(event:screenIsDefinitelyUnlocked:optimisticallyPreLayoutWorkspaces:) - DEBOUNCE: Using fixed delay 50.0ms for event: ax(AXMoved)
[DEBUG] [2:34:02 PM] RefreshDebouncer.swift:25 debounce(event:screenIsDefinitelyUnlocked:optimisticallyPreLayoutWorkspaces:) - DEBOUNCE: Using fixed delay 50.0ms for event: ax(AXMoved)
[DEBUG] [2:34:02 PM] RefreshDebouncer.swift:47 debounceWithFixedDelay(event:screenIsDefinitelyUnlocked:optimisticallyPreLayoutWorkspaces:) - DEBOUNCE: Task scheduled, will wait 50.0ms
[DEBUG] [2:34:02 PM] RefreshDebouncer.swift:54 debounceWithFixedDelay(event:screenIsDefinitelyUnlocked:optimisticallyPreLayoutWorkspaces:) - DEBOUNCE: Task cancelled after 19.6230411529541ms
[DEBUG] [2:34:02 PM] RefreshDebouncer.swift:47 debounceWithFixedDelay(event:screenIsDefinitelyUnlocked:optimisticallyPreLayoutWorkspaces:) - DEBOUNCE: Task scheduled, will wait 50.0ms
[DEBUG] [2:34:02 PM] RefreshDebouncer.swift:54 debounceWithFixedDelay(event:screenIsDefinitelyUnlocked:optimisticallyPreLayoutWorkspaces:) - DEBOUNCE: Task cancelled after 0.15807151794433594ms
[DEBUG] [2:34:02 PM] refresh.swift:115 runSession(_:_:body:) - SESSION: Focus changed from 0 to 47578
[DEBUG] [2:34:02 PM] refresh.swift:92 runSession(_:_:body:) - SESSION: Completed in 63.8ms
[DEBUG] [2:34:02 PM] HotkeyBinding.swift:50 activateMode(_:) - HOTKEY: Completed in 64.4ms
[DEBUG] [2:34:02 PM] refresh.swift:51 runRefreshSessionBlocking(_:layoutWorkspaces:optimisticallyPreLayoutWorkspaces:) - REFRESH: Starting blocking refresh for event: hotkeyBinding
[DEBUG] [2:34:02 PM] RefreshDebouncer.swift:25 debounce(event:screenIsDefinitelyUnlocked:optimisticallyPreLayoutWorkspaces:) - DEBOUNCE: Using fixed delay 50.0ms for event: ax(AXMoved)
[DEBUG] [2:34:02 PM] RefreshDebouncer.swift:47 debounceWithFixedDelay(event:screenIsDefinitelyUnlocked:optimisticallyPreLayoutWorkspaces:) - DEBOUNCE: Task scheduled, will wait 50.0ms
[DEBUG] [2:34:02 PM] RefreshDebouncer.swift:54 debounceWithFixedDelay(event:screenIsDefinitelyUnlocked:optimisticallyPreLayoutWorkspaces:) - DEBOUNCE: Task cancelled after 51.579952239990234ms
[DEBUG] [2:34:02 PM] RefreshDebouncer.swift:25 debounce(event:screenIsDefinitelyUnlocked:optimisticallyPreLayoutWorkspaces:) - DEBOUNCE: Using fixed delay 50.0ms for event: ax(AXMoved)
[DEBUG] [2:34:02 PM] RefreshDebouncer.swift:25 debounce(event:screenIsDefinitelyUnlocked:optimisticallyPreLayoutWorkspaces:) - DEBOUNCE: Using fixed delay 50.0ms for event: ax(AXMoved)
[DEBUG] [2:34:02 PM] RefreshDebouncer.swift:25 debounce(event:screenIsDefinitelyUnlocked:optimisticallyPreLayoutWorkspaces:) - DEBOUNCE: Using fixed delay 50.0ms for event: ax(AXMoved)
[DEBUG] [2:34:02 PM] RefreshDebouncer.swift:47 debounceWithFixedDelay(event:screenIsDefinitelyUnlocked:optimisticallyPreLayoutWorkspaces:) - DEBOUNCE: Task scheduled, will wait 50.0ms
[DEBUG] [2:34:02 PM] RefreshDebouncer.swift:54 debounceWithFixedDelay(event:screenIsDefinitelyUnlocked:optimisticallyPreLayoutWorkspaces:) - DEBOUNCE: Task cancelled after 19.778013229370117ms
[DEBUG] [2:34:02 PM] RefreshDebouncer.swift:47 debounceWithFixedDelay(event:screenIsDefinitelyUnlocked:optimisticallyPreLayoutWorkspaces:) - DEBOUNCE: Task scheduled, will wait 50.0ms
[DEBUG] [2:34:02 PM] RefreshDebouncer.swift:47 debounceWithFixedDelay(event:screenIsDefinitelyUnlocked:optimisticallyPreLayoutWorkspaces:) - DEBOUNCE: Task scheduled, will wait 50.0ms
[DEBUG] [2:34:02 PM] RefreshDebouncer.swift:54 debounceWithFixedDelay(event:screenIsDefinitelyUnlocked:optimisticallyPreLayoutWorkspaces:) - DEBOUNCE: Task cancelled after 0.3179311752319336ms
[DEBUG] [2:34:02 PM] RefreshDebouncer.swift:54 debounceWithFixedDelay(event:screenIsDefinitelyUnlocked:optimisticallyPreLayoutWorkspaces:) - DEBOUNCE: Task cancelled after 0.14901161193847656ms
[DEBUG] [2:34:02 PM] refresh.swift:57 runRefreshSessionBlocking(_:layoutWorkspaces:optimisticallyPreLayoutWorkspaces:) - REFRESH: Completed blocking refresh in 113.7ms
[DEBUG] [2:34:02 PM] RefreshDebouncer.swift:58 debounceWithFixedDelay(event:screenIsDefinitelyUnlocked:optimisticallyPreLayoutWorkspaces:) - DEBOUNCE: Executing refresh after 51.928043365478516ms
[DEBUG] [2:34:02 PM] refresh.swift:51 runRefreshSessionBlocking(_:layoutWorkspaces:optimisticallyPreLayoutWorkspaces:) - REFRESH: Starting blocking refresh for event: ax(AXMoved)
[DEBUG] [2:34:02 PM] refresh.swift:57 runRefreshSessionBlocking(_:layoutWorkspaces:optimisticallyPreLayoutWorkspaces:) - REFRESH: Completed blocking refresh in 23.8ms
[DEBUG] [2:34:07 PM] RefreshDebouncer.swift:25 debounce(event:screenIsDefinitelyUnlocked:optimisticallyPreLayoutWorkspaces:) - DEBOUNCE: Using fixed delay 50.0ms for event: globalObserver(NSWorkspaceDidActivateApplicationNotification)
[DEBUG] [2:34:07 PM] RefreshDebouncer.swift:47 debounceWithFixedDelay(event:screenIsDefinitelyUnlocked:optimisticallyPreLayoutWorkspaces:) - DEBOUNCE: Task scheduled, will wait 50.0ms
[DEBUG] [2:34:07 PM] RefreshDebouncer.swift:58 debounceWithFixedDelay(event:screenIsDefinitelyUnlocked:optimisticallyPreLayoutWorkspaces:) - DEBOUNCE: Executing refresh after 53.016066551208496ms
[DEBUG] [2:34:07 PM] refresh.swift:51 runRefreshSessionBlocking(_:layoutWorkspaces:optimisticallyPreLayoutWorkspaces:) - REFRESH: Starting blocking refresh for event: globalObserver(NSWorkspaceDidActivateApplicationNotification)
[DEBUG] [2:34:07 PM] refresh.swift:57 runRefreshSessionBlocking(_:layoutWorkspaces:optimisticallyPreLayoutWorkspaces:) - REFRESH: Completed blocking refresh in 21.6ms
[DEBUG] [2:34:07 PM] RefreshDebouncer.swift:25 debounce(event:screenIsDefinitelyUnlocked:optimisticallyPreLayoutWorkspaces:) - DEBOUNCE: Using fixed delay 50.0ms for event: globalObserverLeftMouseUp
[DEBUG] [2:34:07 PM] RefreshDebouncer.swift:47 debounceWithFixedDelay(event:screenIsDefinitelyUnlocked:optimisticallyPreLayoutWorkspaces:) - DEBOUNCE: Task scheduled, will wait 50.0ms
[DEBUG] [2:34:07 PM] RefreshDebouncer.swift:58 debounceWithFixedDelay(event:screenIsDefinitelyUnlocked:optimisticallyPreLayoutWorkspaces:) - DEBOUNCE: Executing refresh after 50.296902656555176ms
[DEBUG] [2:34:07 PM] refresh.swift:51 runRefreshSessionBlocking(_:layoutWorkspaces:optimisticallyPreLayoutWorkspaces:) - REFRESH: Starting blocking refresh for event: globalObserverLeftMouseUp
[DEBUG] [2:34:07 PM] refresh.swift:57 runRefreshSessionBlocking(_:layoutWorkspaces:optimisticallyPreLayoutWorkspaces:) - REFRESH: Completed blocking refresh in 15.6ms
[DEBUG] [2:34:12 PM] RefreshDebouncer.swift:25 debounce(event:screenIsDefinitelyUnlocked:optimisticallyPreLayoutWorkspaces:) - DEBOUNCE: Using fixed delay 50.0ms for event: globalObserverLeftMouseUp
[DEBUG] [2:34:12 PM] RefreshDebouncer.swift:47 debounceWithFixedDelay(event:screenIsDefinitelyUnlocked:optimisticallyPreLayoutWorkspaces:) - DEBOUNCE: Task scheduled, will wait 50.0ms
[DEBUG] [2:34:12 PM] RefreshDebouncer.swift:58 debounceWithFixedDelay(event:screenIsDefinitelyUnlocked:optimisticallyPreLayoutWorkspaces:) - DEBOUNCE: Executing refresh after 51.56397819519043ms
[DEBUG] [2:34:12 PM] refresh.swift:51 runRefreshSessionBlocking(_:layoutWorkspaces:optimisticallyPreLayoutWorkspaces:) - REFRESH: Starting blocking refresh for event: globalObserverLeftMouseUp
[DEBUG] [2:34:12 PM] refresh.swift:57 runRefreshSessionBlocking(_:layoutWorkspaces:optimisticallyPreLayoutWorkspaces:) - REFRESH: Completed blocking refresh in 32.2ms
[DEBUG] [2:34:20 PM] RefreshDebouncer.swift:25 debounce(event:screenIsDefinitelyUnlocked:optimisticallyPreLayoutWorkspaces:) - DEBOUNCE: Using fixed delay 50.0ms for event: globalObserverLeftMouseUp
[DEBUG] [2:34:20 PM] RefreshDebouncer.swift:47 debounceWithFixedDelay(event:screenIsDefinitelyUnlocked:optimisticallyPreLayoutWorkspaces:) - DEBOUNCE: Task scheduled, will wait 50.0ms
[DEBUG] [2:34:20 PM] RefreshDebouncer.swift:58 debounceWithFixedDelay(event:screenIsDefinitelyUnlocked:optimisticallyPreLayoutWorkspaces:) - DEBOUNCE: Executing refresh after 52.13892459869385ms
[DEBUG] [2:34:20 PM] refresh.swift:51 runRefreshSessionBlocking(_:layoutWorkspaces:optimisticallyPreLayoutWorkspaces:) - REFRESH: Starting blocking refresh for event: globalObserverLeftMouseUp
[DEBUG] [2:34:20 PM] refresh.swift:57 runRefreshSessionBlocking(_:layoutWorkspaces:optimisticallyPreLayoutWorkspaces:) - REFRESH: Completed blocking refresh in 28.0ms
[DEBUG] [2:34:34 PM] RefreshDebouncer.swift:25 debounce(event:screenIsDefinitelyUnlocked:optimisticallyPreLayoutWorkspaces:) - DEBOUNCE: Using fixed delay 50.0ms for event: globalObserverLeftMouseUp
[DEBUG] [2:34:34 PM] RefreshDebouncer.swift:47 debounceWithFixedDelay(event:screenIsDefinitelyUnlocked:optimisticallyPreLayoutWorkspaces:) - DEBOUNCE: Task scheduled, will wait 50.0ms
[DEBUG] [2:34:34 PM] RefreshDebouncer.swift:58 debounceWithFixedDelay(event:screenIsDefinitelyUnlocked:optimisticallyPreLayoutWorkspaces:) - DEBOUNCE: Executing refresh after 52.89101600646973ms
[DEBUG] [2:34:34 PM] refresh.swift:51 runRefreshSessionBlocking(_:layoutWorkspaces:optimisticallyPreLayoutWorkspaces:) - REFRESH: Starting blocking refresh for event: globalObserverLeftMouseUp
[DEBUG] [2:34:34 PM] refresh.swift:57 runRefreshSessionBlocking(_:layoutWorkspaces:optimisticallyPreLayoutWorkspaces:) - REFRESH: Completed blocking refresh in 23.7ms
[DEBUG] [2:37:40 PM] parseCommand.swift:5 parseCommand(_:) - PARSECOMMAND: Parsing command string: 'move-mouse monitor-lazy-center'
[DEBUG] [2:37:40 PM] parseCommand.swift:11 parseCommand(_:) - PARSECOMMAND: Split into args: ["move-mouse", "monitor-lazy-center"]
[DEBUG] [2:37:40 PM] parseCommand.swift:19 parseCommand(_:) - PARSECOMMAND: Parsing command args: ["move-mouse", "monitor-lazy-center"]
[DEBUG] [2:37:40 PM] parseCmdArgs.swift:3 parseCmdArgs(_:) - PARSECMDARGS: Parsing args: ["move-mouse", "monitor-lazy-center"], subcommand: 'move-mouse'
[DEBUG] [2:37:40 PM] parseCmdArgs.swift:8 parseCmdArgs(_:) - PARSECMDARGS: Found parser for subcommand 'move-mouse'
[DEBUG] [2:37:40 PM] parseCmdArgs.swift:12 parseCmdArgs(_:) - PARSECMDARGS: Successfully parsed to MoveMouseCmdArgs
[DEBUG] [2:37:40 PM] cmdManifest.swift:5 toCommand() - CMDMANIFEST: Converting CmdArgs to Command - kind: moveMouse
[DEBUG] [2:37:40 PM] cmdManifest.swift:84 toCommand() - CMDMANIFEST: Created command: MoveMouseCommand
[DEBUG] [2:37:40 PM] parseCommand.swift:23 parseCommand(_:) - PARSECOMMAND: Successfully parsed command: MoveMouseCommand
[DEBUG] [2:37:40 PM] parseCommand.swift:5 parseCommand(_:) - PARSECOMMAND: Parsing command string: 'layout floating'
[DEBUG] [2:37:40 PM] parseCommand.swift:11 parseCommand(_:) - PARSECOMMAND: Split into args: ["layout", "floating"]
[DEBUG] [2:37:40 PM] parseCommand.swift:19 parseCommand(_:) - PARSECOMMAND: Parsing command args: ["layout", "floating"]
[DEBUG] [2:37:40 PM] parseCmdArgs.swift:3 parseCmdArgs(_:) - PARSECMDARGS: Parsing args: ["layout", "floating"], subcommand: 'layout'
[DEBUG] [2:37:40 PM] parseCmdArgs.swift:8 parseCmdArgs(_:) - PARSECMDARGS: Found parser for subcommand 'layout'
[DEBUG] [2:37:40 PM] parseCmdArgs.swift:12 parseCmdArgs(_:) - PARSECMDARGS: Successfully parsed to LayoutCmdArgs
[DEBUG] [2:37:40 PM] cmdManifest.swift:5 toCommand() - CMDMANIFEST: Converting CmdArgs to Command - kind: layout
[DEBUG] [2:37:40 PM] cmdManifest.swift:36 toCommand() - CMDMANIFEST: Creating LayoutCommand with toggleBetween: [Common.LayoutCmdArgs.LayoutDescription.floating]
[DEBUG] [2:37:40 PM] LayoutCommand.swift:9 init(args:) - COMMAND: LayoutCommand initialized with args: [Common.LayoutCmdArgs.LayoutDescription.floating]
[DEBUG] [2:37:40 PM] cmdManifest.swift:84 toCommand() - CMDMANIFEST: Created command: LayoutCommand
[DEBUG] [2:37:40 PM] parseCommand.swift:23 parseCommand(_:) - PARSECOMMAND: Successfully parsed command: LayoutCommand
[DEBUG] [2:37:40 PM] parseCommand.swift:5 parseCommand(_:) - PARSECOMMAND: Parsing command string: 'layout floating'
[DEBUG] [2:37:40 PM] parseCommand.swift:11 parseCommand(_:) - PARSECOMMAND: Split into args: ["layout", "floating"]
[DEBUG] [2:37:40 PM] parseCommand.swift:19 parseCommand(_:) - PARSECOMMAND: Parsing command args: ["layout", "floating"]
[DEBUG] [2:37:40 PM] parseCmdArgs.swift:3 parseCmdArgs(_:) - PARSECMDARGS: Parsing args: ["layout", "floating"], subcommand: 'layout'
[DEBUG] [2:37:40 PM] parseCmdArgs.swift:8 parseCmdArgs(_:) - PARSECMDARGS: Found parser for subcommand 'layout'
[DEBUG] [2:37:40 PM] parseCmdArgs.swift:12 parseCmdArgs(_:) - PARSECMDARGS: Successfully parsed to LayoutCmdArgs
[DEBUG] [2:37:40 PM] cmdManifest.swift:5 toCommand() - CMDMANIFEST: Converting CmdArgs to Command - kind: layout
[DEBUG] [2:37:40 PM] cmdManifest.swift:36 toCommand() - CMDMANIFEST: Creating LayoutCommand with toggleBetween: [Common.LayoutCmdArgs.LayoutDescription.floating]
[DEBUG] [2:37:40 PM] LayoutCommand.swift:9 init(args:) - COMMAND: LayoutCommand initialized with args: [Common.LayoutCmdArgs.LayoutDescription.floating]
[DEBUG] [2:37:40 PM] cmdManifest.swift:84 toCommand() - CMDMANIFEST: Created command: LayoutCommand
[DEBUG] [2:37:40 PM] parseCommand.swift:23 parseCommand(_:) - PARSECOMMAND: Successfully parsed command: LayoutCommand
[DEBUG] [2:37:40 PM] parseCommand.swift:5 parseCommand(_:) - PARSECOMMAND: Parsing command string: 'layout floating'
[DEBUG] [2:37:40 PM] parseCommand.swift:11 parseCommand(_:) - PARSECOMMAND: Split into args: ["layout", "floating"]
[DEBUG] [2:37:40 PM] parseCommand.swift:19 parseCommand(_:) - PARSECOMMAND: Parsing command args: ["layout", "floating"]
[DEBUG] [2:37:40 PM] parseCmdArgs.swift:3 parseCmdArgs(_:) - PARSECMDARGS: Parsing args: ["layout", "floating"], subcommand: 'layout'
[DEBUG] [2:37:40 PM] parseCmdArgs.swift:8 parseCmdArgs(_:) - PARSECMDARGS: Found parser for subcommand 'layout'
[DEBUG] [2:37:40 PM] parseCmdArgs.swift:12 parseCmdArgs(_:) - PARSECMDARGS: Successfully parsed to LayoutCmdArgs
[DEBUG] [2:37:40 PM] cmdManifest.swift:5 toCommand() - CMDMANIFEST: Converting CmdArgs to Command - kind: layout
[DEBUG] [2:37:40 PM] cmdManifest.swift:36 toCommand() - CMDMANIFEST: Creating LayoutCommand with toggleBetween: [Common.LayoutCmdArgs.LayoutDescription.floating]
[DEBUG] [2:37:40 PM] LayoutCommand.swift:9 init(args:) - COMMAND: LayoutCommand initialized with args: [Common.LayoutCmdArgs.LayoutDescription.floating]
[DEBUG] [2:37:40 PM] cmdManifest.swift:84 toCommand() - CMDMANIFEST: Created command: LayoutCommand
[DEBUG] [2:37:40 PM] parseCommand.swift:23 parseCommand(_:) - PARSECOMMAND: Successfully parsed command: LayoutCommand
[DEBUG] [2:37:40 PM] parseCommand.swift:5 parseCommand(_:) - PARSECOMMAND: Parsing command string: 'layout floating'
[DEBUG] [2:37:40 PM] parseCommand.swift:11 parseCommand(_:) - PARSECOMMAND: Split into args: ["layout", "floating"]
[DEBUG] [2:37:40 PM] parseCommand.swift:19 parseCommand(_:) - PARSECOMMAND: Parsing command args: ["layout", "floating"]
[DEBUG] [2:37:40 PM] parseCmdArgs.swift:3 parseCmdArgs(_:) - PARSECMDARGS: Parsing args: ["layout", "floating"], subcommand: 'layout'
[DEBUG] [2:37:40 PM] parseCmdArgs.swift:8 parseCmdArgs(_:) - PARSECMDARGS: Found parser for subcommand 'layout'
[DEBUG] [2:37:40 PM] parseCmdArgs.swift:12 parseCmdArgs(_:) - PARSECMDARGS: Successfully parsed to LayoutCmdArgs
[DEBUG] [2:37:40 PM] cmdManifest.swift:5 toCommand() - CMDMANIFEST: Converting CmdArgs to Command - kind: layout
[DEBUG] [2:37:40 PM] cmdManifest.swift:36 toCommand() - CMDMANIFEST: Creating LayoutCommand with toggleBetween: [Common.LayoutCmdArgs.LayoutDescription.floating]
[DEBUG] [2:37:40 PM] LayoutCommand.swift:9 init(args:) - COMMAND: LayoutCommand initialized with args: [Common.LayoutCmdArgs.LayoutDescription.floating]
[DEBUG] [2:37:40 PM] cmdManifest.swift:84 toCommand() - CMDMANIFEST: Created command: LayoutCommand
[DEBUG] [2:37:40 PM] parseCommand.swift:23 parseCommand(_:) - PARSECOMMAND: Successfully parsed command: LayoutCommand
[DEBUG] [2:37:40 PM] parseCommand.swift:5 parseCommand(_:) - PARSECOMMAND: Parsing command string: 'layout floating'
[DEBUG] [2:37:40 PM] parseCommand.swift:11 parseCommand(_:) - PARSECOMMAND: Split into args: ["layout", "floating"]
[DEBUG] [2:37:40 PM] parseCommand.swift:19 parseCommand(_:) - PARSECOMMAND: Parsing command args: ["layout", "floating"]
[DEBUG] [2:37:40 PM] parseCmdArgs.swift:3 parseCmdArgs(_:) - PARSECMDARGS: Parsing args: ["layout", "floating"], subcommand: 'layout'
[DEBUG] [2:37:40 PM] parseCmdArgs.swift:8 parseCmdArgs(_:) - PARSECMDARGS: Found parser for subcommand 'layout'
[DEBUG] [2:37:40 PM] parseCmdArgs.swift:12 parseCmdArgs(_:) - PARSECMDARGS: Successfully parsed to LayoutCmdArgs
[DEBUG] [2:37:40 PM] cmdManifest.swift:5 toCommand() - CMDMANIFEST: Converting CmdArgs to Command - kind: layout
[DEBUG] [2:37:40 PM] cmdManifest.swift:36 toCommand() - CMDMANIFEST: Creating LayoutCommand with toggleBetween: [Common.LayoutCmdArgs.LayoutDescription.floating]
[DEBUG] [2:37:40 PM] LayoutCommand.swift:9 init(args:) - COMMAND: LayoutCommand initialized with args: [Common.LayoutCmdArgs.LayoutDescription.floating]
[DEBUG] [2:37:40 PM] cmdManifest.swift:84 toCommand() - CMDMANIFEST: Created command: LayoutCommand
[DEBUG] [2:37:40 PM] parseCommand.swift:23 parseCommand(_:) - PARSECOMMAND: Successfully parsed command: LayoutCommand
[DEBUG] [2:37:40 PM] parseCommand.swift:5 parseCommand(_:) - PARSECOMMAND: Parsing command string: 'layout floating'
[DEBUG] [2:37:40 PM] parseCommand.swift:11 parseCommand(_:) - PARSECOMMAND: Split into args: ["layout", "floating"]
[DEBUG] [2:37:40 PM] parseCommand.swift:19 parseCommand(_:) - PARSECOMMAND: Parsing command args: ["layout", "floating"]
[DEBUG] [2:37:40 PM] parseCmdArgs.swift:3 parseCmdArgs(_:) - PARSECMDARGS: Parsing args: ["layout", "floating"], subcommand: 'layout'
[DEBUG] [2:37:40 PM] parseCmdArgs.swift:8 parseCmdArgs(_:) - PARSECMDARGS: Found parser for subcommand 'layout'
[DEBUG] [2:37:40 PM] parseCmdArgs.swift:12 parseCmdArgs(_:) - PARSECMDARGS: Successfully parsed to LayoutCmdArgs
[DEBUG] [2:37:40 PM] cmdManifest.swift:5 toCommand() - CMDMANIFEST: Converting CmdArgs to Command - kind: layout
[DEBUG] [2:37:40 PM] cmdManifest.swift:36 toCommand() - CMDMANIFEST: Creating LayoutCommand with toggleBetween: [Common.LayoutCmdArgs.LayoutDescription.floating]
[DEBUG] [2:37:40 PM] LayoutCommand.swift:9 init(args:) - COMMAND: LayoutCommand initialized with args: [Common.LayoutCmdArgs.LayoutDescription.floating]
[DEBUG] [2:37:40 PM] cmdManifest.swift:84 toCommand() - CMDMANIFEST: Created command: LayoutCommand
[DEBUG] [2:37:40 PM] parseCommand.swift:23 parseCommand(_:) - PARSECOMMAND: Successfully parsed command: LayoutCommand
[DEBUG] [2:37:40 PM] parseCommand.swift:5 parseCommand(_:) - PARSECOMMAND: Parsing command string: 'layout floating'
[DEBUG] [2:37:40 PM] parseCommand.swift:11 parseCommand(_:) - PARSECOMMAND: Split into args: ["layout", "floating"]
[DEBUG] [2:37:40 PM] parseCommand.swift:19 parseCommand(_:) - PARSECOMMAND: Parsing command args: ["layout", "floating"]
[DEBUG] [2:37:40 PM] parseCmdArgs.swift:3 parseCmdArgs(_:) - PARSECMDARGS: Parsing args: ["layout", "floating"], subcommand: 'layout'
[DEBUG] [2:37:40 PM] parseCmdArgs.swift:8 parseCmdArgs(_:) - PARSECMDARGS: Found parser for subcommand 'layout'
[DEBUG] [2:37:40 PM] parseCmdArgs.swift:12 parseCmdArgs(_:) - PARSECMDARGS: Successfully parsed to LayoutCmdArgs
[DEBUG] [2:37:40 PM] cmdManifest.swift:5 toCommand() - CMDMANIFEST: Converting CmdArgs to Command - kind: layout
[DEBUG] [2:37:40 PM] cmdManifest.swift:36 toCommand() - CMDMANIFEST: Creating LayoutCommand with toggleBetween: [Common.LayoutCmdArgs.LayoutDescription.floating]
[DEBUG] [2:37:40 PM] LayoutCommand.swift:9 init(args:) - COMMAND: LayoutCommand initialized with args: [Common.LayoutCmdArgs.LayoutDescription.floating]
[DEBUG] [2:37:40 PM] cmdManifest.swift:84 toCommand() - CMDMANIFEST: Created command: LayoutCommand
[DEBUG] [2:37:40 PM] parseCommand.swift:23 parseCommand(_:) - PARSECOMMAND: Successfully parsed command: LayoutCommand
[DEBUG] [2:37:40 PM] parseCommand.swift:5 parseCommand(_:) - PARSECOMMAND: Parsing command string: 'layout floating'
[DEBUG] [2:37:40 PM] parseCommand.swift:11 parseCommand(_:) - PARSECOMMAND: Split into args: ["layout", "floating"]
[DEBUG] [2:37:40 PM] parseCommand.swift:19 parseCommand(_:) - PARSECOMMAND: Parsing command args: ["layout", "floating"]
[DEBUG] [2:37:40 PM] parseCmdArgs.swift:3 parseCmdArgs(_:) - PARSECMDARGS: Parsing args: ["layout", "floating"], subcommand: 'layout'
[DEBUG] [2:37:40 PM] parseCmdArgs.swift:8 parseCmdArgs(_:) - PARSECMDARGS: Found parser for subcommand 'layout'
[DEBUG] [2:37:40 PM] parseCmdArgs.swift:12 parseCmdArgs(_:) - PARSECMDARGS: Successfully parsed to LayoutCmdArgs
[DEBUG] [2:37:40 PM] cmdManifest.swift:5 toCommand() - CMDMANIFEST: Converting CmdArgs to Command - kind: layout
[DEBUG] [2:37:40 PM] cmdManifest.swift:36 toCommand() - CMDMANIFEST: Creating LayoutCommand with toggleBetween: [Common.LayoutCmdArgs.LayoutDescription.floating]
[DEBUG] [2:37:40 PM] LayoutCommand.swift:9 init(args:) - COMMAND: LayoutCommand initialized with args: [Common.LayoutCmdArgs.LayoutDescription.floating]
[DEBUG] [2:37:40 PM] cmdManifest.swift:84 toCommand() - CMDMANIFEST: Created command: LayoutCommand
[DEBUG] [2:37:40 PM] parseCommand.swift:23 parseCommand(_:) - PARSECOMMAND: Successfully parsed command: LayoutCommand
[DEBUG] [2:37:40 PM] parseCommand.swift:5 parseCommand(_:) - PARSECOMMAND: Parsing command string: 'workspace 1'
[DEBUG] [2:37:40 PM] parseCommand.swift:11 parseCommand(_:) - PARSECOMMAND: Split into args: ["workspace", "1"]
[DEBUG] [2:37:40 PM] parseCommand.swift:19 parseCommand(_:) - PARSECOMMAND: Parsing command args: ["workspace", "1"]
[DEBUG] [2:37:40 PM] parseCmdArgs.swift:3 parseCmdArgs(_:) - PARSECMDARGS: Parsing args: ["workspace", "1"], subcommand: 'workspace'
[DEBUG] [2:37:40 PM] parseCmdArgs.swift:8 parseCmdArgs(_:) - PARSECMDARGS: Found parser for subcommand 'workspace'
[DEBUG] [2:37:40 PM] parseCmdArgs.swift:12 parseCmdArgs(_:) - PARSECMDARGS: Successfully parsed to WorkspaceCmdArgs
[DEBUG] [2:37:40 PM] cmdManifest.swift:5 toCommand() - CMDMANIFEST: Converting CmdArgs to Command - kind: workspace
[DEBUG] [2:37:40 PM] cmdManifest.swift:84 toCommand() - CMDMANIFEST: Created command: WorkspaceCommand
[DEBUG] [2:37:40 PM] parseCommand.swift:23 parseCommand(_:) - PARSECOMMAND: Successfully parsed command: WorkspaceCommand
[DEBUG] [2:37:40 PM] parseCommand.swift:5 parseCommand(_:) - PARSECOMMAND: Parsing command string: 'workspace 2'
[DEBUG] [2:37:40 PM] parseCommand.swift:11 parseCommand(_:) - PARSECOMMAND: Split into args: ["workspace", "2"]
[DEBUG] [2:37:40 PM] parseCommand.swift:19 parseCommand(_:) - PARSECOMMAND: Parsing command args: ["workspace", "2"]
[DEBUG] [2:37:40 PM] parseCmdArgs.swift:3 parseCmdArgs(_:) - PARSECMDARGS: Parsing args: ["workspace", "2"], subcommand: 'workspace'
[DEBUG] [2:37:40 PM] parseCmdArgs.swift:8 parseCmdArgs(_:) - PARSECMDARGS: Found parser for subcommand 'workspace'
[DEBUG] [2:37:40 PM] parseCmdArgs.swift:12 parseCmdArgs(_:) - PARSECMDARGS: Successfully parsed to WorkspaceCmdArgs
[DEBUG] [2:37:40 PM] cmdManifest.swift:5 toCommand() - CMDMANIFEST: Converting CmdArgs to Command - kind: workspace
[DEBUG] [2:37:40 PM] cmdManifest.swift:84 toCommand() - CMDMANIFEST: Created command: WorkspaceCommand
[DEBUG] [2:37:40 PM] parseCommand.swift:23 parseCommand(_:) - PARSECOMMAND: Successfully parsed command: WorkspaceCommand
[DEBUG] [2:37:40 PM] parseCommand.swift:5 parseCommand(_:) - PARSECOMMAND: Parsing command string: 'workspace 3'
[DEBUG] [2:37:40 PM] parseCommand.swift:11 parseCommand(_:) - PARSECOMMAND: Split into args: ["workspace", "3"]
[DEBUG] [2:37:40 PM] parseCommand.swift:19 parseCommand(_:) - PARSECOMMAND: Parsing command args: ["workspace", "3"]
[DEBUG] [2:37:40 PM] parseCmdArgs.swift:3 parseCmdArgs(_:) - PARSECMDARGS: Parsing args: ["workspace", "3"], subcommand: 'workspace'
[DEBUG] [2:37:40 PM] parseCmdArgs.swift:8 parseCmdArgs(_:) - PARSECMDARGS: Found parser for subcommand 'workspace'
[DEBUG] [2:37:40 PM] parseCmdArgs.swift:12 parseCmdArgs(_:) - PARSECMDARGS: Successfully parsed to WorkspaceCmdArgs
[DEBUG] [2:37:40 PM] cmdManifest.swift:5 toCommand() - CMDMANIFEST: Converting CmdArgs to Command - kind: workspace
[DEBUG] [2:37:40 PM] cmdManifest.swift:84 toCommand() - CMDMANIFEST: Created command: WorkspaceCommand
[DEBUG] [2:37:40 PM] parseCommand.swift:23 parseCommand(_:) - PARSECOMMAND: Successfully parsed command: WorkspaceCommand
[DEBUG] [2:37:40 PM] parseCommand.swift:5 parseCommand(_:) - PARSECOMMAND: Parsing command string: 'workspace 4'
[DEBUG] [2:37:40 PM] parseCommand.swift:11 parseCommand(_:) - PARSECOMMAND: Split into args: ["workspace", "4"]
[DEBUG] [2:37:40 PM] parseCommand.swift:19 parseCommand(_:) - PARSECOMMAND: Parsing command args: ["workspace", "4"]
[DEBUG] [2:37:40 PM] parseCmdArgs.swift:3 parseCmdArgs(_:) - PARSECMDARGS: Parsing args: ["workspace", "4"], subcommand: 'workspace'
[DEBUG] [2:37:40 PM] parseCmdArgs.swift:8 parseCmdArgs(_:) - PARSECMDARGS: Found parser for subcommand 'workspace'
[DEBUG] [2:37:40 PM] parseCmdArgs.swift:12 parseCmdArgs(_:) - PARSECMDARGS: Successfully parsed to WorkspaceCmdArgs
[DEBUG] [2:37:40 PM] cmdManifest.swift:5 toCommand() - CMDMANIFEST: Converting CmdArgs to Command - kind: workspace
[DEBUG] [2:37:40 PM] cmdManifest.swift:84 toCommand() - CMDMANIFEST: Created command: WorkspaceCommand
[DEBUG] [2:37:40 PM] parseCommand.swift:23 parseCommand(_:) - PARSECOMMAND: Successfully parsed command: WorkspaceCommand
[DEBUG] [2:37:40 PM] parseCommand.swift:5 parseCommand(_:) - PARSECOMMAND: Parsing command string: 'workspace A'
[DEBUG] [2:37:40 PM] parseCommand.swift:11 parseCommand(_:) - PARSECOMMAND: Split into args: ["workspace", "A"]
[DEBUG] [2:37:40 PM] parseCommand.swift:19 parseCommand(_:) - PARSECOMMAND: Parsing command args: ["workspace", "A"]
[DEBUG] [2:37:40 PM] parseCmdArgs.swift:3 parseCmdArgs(_:) - PARSECMDARGS: Parsing args: ["workspace", "A"], subcommand: 'workspace'
[DEBUG] [2:37:40 PM] parseCmdArgs.swift:8 parseCmdArgs(_:) - PARSECMDARGS: Found parser for subcommand 'workspace'
[DEBUG] [2:37:40 PM] parseCmdArgs.swift:12 parseCmdArgs(_:) - PARSECMDARGS: Successfully parsed to WorkspaceCmdArgs
[DEBUG] [2:37:40 PM] cmdManifest.swift:5 toCommand() - CMDMANIFEST: Converting CmdArgs to Command - kind: workspace
[DEBUG] [2:37:40 PM] cmdManifest.swift:84 toCommand() - CMDMANIFEST: Created command: WorkspaceCommand
[DEBUG] [2:37:40 PM] parseCommand.swift:23 parseCommand(_:) - PARSECOMMAND: Successfully parsed command: WorkspaceCommand
[DEBUG] [2:37:40 PM] parseCommand.swift:5 parseCommand(_:) - PARSECOMMAND: Parsing command string: 'layout accordion horizontal vertical'
[DEBUG] [2:37:40 PM] parseCommand.swift:11 parseCommand(_:) - PARSECOMMAND: Split into args: ["layout", "accordion", "horizontal", "vertical"]
[DEBUG] [2:37:40 PM] parseCommand.swift:19 parseCommand(_:) - PARSECOMMAND: Parsing command args: ["layout", "accordion", "horizontal", "vertical"]
[DEBUG] [2:37:40 PM] parseCmdArgs.swift:3 parseCmdArgs(_:) - PARSECMDARGS: Parsing args: ["layout", "accordion", "horizontal", "vertical"], subcommand: 'layout'
[DEBUG] [2:37:40 PM] parseCmdArgs.swift:8 parseCmdArgs(_:) - PARSECMDARGS: Found parser for subcommand 'layout'
[DEBUG] [2:37:40 PM] parseCmdArgs.swift:12 parseCmdArgs(_:) - PARSECMDARGS: Successfully parsed to LayoutCmdArgs
[DEBUG] [2:37:40 PM] cmdManifest.swift:5 toCommand() - CMDMANIFEST: Converting CmdArgs to Command - kind: layout
[DEBUG] [2:37:40 PM] cmdManifest.swift:36 toCommand() - CMDMANIFEST: Creating LayoutCommand with toggleBetween: [Common.LayoutCmdArgs.LayoutDescription.accordion, Common.LayoutCmdArgs.LayoutDescription.horizontal, Common.LayoutCmdArgs.LayoutDescription.vertical]
[DEBUG] [2:37:40 PM] LayoutCommand.swift:9 init(args:) - COMMAND: LayoutCommand initialized with args: [Common.LayoutCmdArgs.LayoutDescription.accordion, Common.LayoutCmdArgs.LayoutDescription.horizontal, Common.LayoutCmdArgs.LayoutDescription.vertical]
[DEBUG] [2:37:40 PM] cmdManifest.swift:84 toCommand() - CMDMANIFEST: Created command: LayoutCommand
[DEBUG] [2:37:40 PM] parseCommand.swift:23 parseCommand(_:) - PARSECOMMAND: Successfully parsed command: LayoutCommand
[DEBUG] [2:37:40 PM] parseCommand.swift:5 parseCommand(_:) - PARSECOMMAND: Parsing command string: 'resize smart +50'
[DEBUG] [2:37:40 PM] parseCommand.swift:11 parseCommand(_:) - PARSECOMMAND: Split into args: ["resize", "smart", "+50"]
[DEBUG] [2:37:40 PM] parseCommand.swift:19 parseCommand(_:) - PARSECOMMAND: Parsing command args: ["resize", "smart", "+50"]
[DEBUG] [2:37:40 PM] parseCmdArgs.swift:3 parseCmdArgs(_:) - PARSECMDARGS: Parsing args: ["resize", "smart", "+50"], subcommand: 'resize'
[DEBUG] [2:37:40 PM] parseCmdArgs.swift:8 parseCmdArgs(_:) - PARSECMDARGS: Found parser for subcommand 'resize'
[DEBUG] [2:37:40 PM] parseCmdArgs.swift:12 parseCmdArgs(_:) - PARSECMDARGS: Successfully parsed to ResizeCmdArgs
[DEBUG] [2:37:40 PM] cmdManifest.swift:5 toCommand() - CMDMANIFEST: Converting CmdArgs to Command - kind: resize
[DEBUG] [2:37:40 PM] cmdManifest.swift:84 toCommand() - CMDMANIFEST: Created command: ResizeCommand
[DEBUG] [2:37:40 PM] parseCommand.swift:23 parseCommand(_:) - PARSECOMMAND: Successfully parsed command: ResizeCommand
[DEBUG] [2:37:40 PM] parseCommand.swift:5 parseCommand(_:) - PARSECOMMAND: Parsing command string: 'focus left'
[DEBUG] [2:37:40 PM] parseCommand.swift:11 parseCommand(_:) - PARSECOMMAND: Split into args: ["focus", "left"]
[DEBUG] [2:37:40 PM] parseCommand.swift:19 parseCommand(_:) - PARSECOMMAND: Parsing command args: ["focus", "left"]
[DEBUG] [2:37:40 PM] parseCmdArgs.swift:3 parseCmdArgs(_:) - PARSECMDARGS: Parsing args: ["focus", "left"], subcommand: 'focus'
[DEBUG] [2:37:40 PM] parseCmdArgs.swift:8 parseCmdArgs(_:) - PARSECMDARGS: Found parser for subcommand 'focus'
[DEBUG] [2:37:40 PM] parseCmdArgs.swift:12 parseCmdArgs(_:) - PARSECMDARGS: Successfully parsed to FocusCmdArgs
[DEBUG] [2:37:40 PM] cmdManifest.swift:5 toCommand() - CMDMANIFEST: Converting CmdArgs to Command - kind: focus
[DEBUG] [2:37:40 PM] cmdManifest.swift:84 toCommand() - CMDMANIFEST: Created command: FocusCommand
[DEBUG] [2:37:40 PM] parseCommand.swift:23 parseCommand(_:) - PARSECOMMAND: Successfully parsed command: FocusCommand
[DEBUG] [2:37:40 PM] parseCommand.swift:5 parseCommand(_:) - PARSECOMMAND: Parsing command string: 'focus down'
[DEBUG] [2:37:40 PM] parseCommand.swift:11 parseCommand(_:) - PARSECOMMAND: Split into args: ["focus", "down"]
[DEBUG] [2:37:40 PM] parseCommand.swift:19 parseCommand(_:) - PARSECOMMAND: Parsing command args: ["focus", "down"]
[DEBUG] [2:37:40 PM] parseCmdArgs.swift:3 parseCmdArgs(_:) - PARSECMDARGS: Parsing args: ["focus", "down"], subcommand: 'focus'
[DEBUG] [2:37:40 PM] parseCmdArgs.swift:8 parseCmdArgs(_:) - PARSECMDARGS: Found parser for subcommand 'focus'
[DEBUG] [2:37:40 PM] parseCmdArgs.swift:12 parseCmdArgs(_:) - PARSECMDARGS: Successfully parsed to FocusCmdArgs
[DEBUG] [2:37:40 PM] cmdManifest.swift:5 toCommand() - CMDMANIFEST: Converting CmdArgs to Command - kind: focus
[DEBUG] [2:37:40 PM] cmdManifest.swift:84 toCommand() - CMDMANIFEST: Created command: FocusCommand
[DEBUG] [2:37:40 PM] parseCommand.swift:23 parseCommand(_:) - PARSECOMMAND: Successfully parsed command: FocusCommand
[DEBUG] [2:37:40 PM] parseCommand.swift:5 parseCommand(_:) - PARSECOMMAND: Parsing command string: 'focus up'
[DEBUG] [2:37:40 PM] parseCommand.swift:11 parseCommand(_:) - PARSECOMMAND: Split into args: ["focus", "up"]
[DEBUG] [2:37:40 PM] parseCommand.swift:19 parseCommand(_:) - PARSECOMMAND: Parsing command args: ["focus", "up"]
[DEBUG] [2:37:40 PM] parseCmdArgs.swift:3 parseCmdArgs(_:) - PARSECMDARGS: Parsing args: ["focus", "up"], subcommand: 'focus'
[DEBUG] [2:37:40 PM] parseCmdArgs.swift:8 parseCmdArgs(_:) - PARSECMDARGS: Found parser for subcommand 'focus'
[DEBUG] [2:37:40 PM] parseCmdArgs.swift:12 parseCmdArgs(_:) - PARSECMDARGS: Successfully parsed to FocusCmdArgs
[DEBUG] [2:37:40 PM] cmdManifest.swift:5 toCommand() - CMDMANIFEST: Converting CmdArgs to Command - kind: focus
[DEBUG] [2:37:40 PM] cmdManifest.swift:84 toCommand() - CMDMANIFEST: Created command: FocusCommand
[DEBUG] [2:37:40 PM] parseCommand.swift:23 parseCommand(_:) - PARSECOMMAND: Successfully parsed command: FocusCommand
[DEBUG] [2:37:40 PM] parseCommand.swift:5 parseCommand(_:) - PARSECOMMAND: Parsing command string: 'focus right'
[DEBUG] [2:37:40 PM] parseCommand.swift:11 parseCommand(_:) - PARSECOMMAND: Split into args: ["focus", "right"]
[DEBUG] [2:37:40 PM] parseCommand.swift:19 parseCommand(_:) - PARSECOMMAND: Parsing command args: ["focus", "right"]
[DEBUG] [2:37:40 PM] parseCmdArgs.swift:3 parseCmdArgs(_:) - PARSECMDARGS: Parsing args: ["focus", "right"], subcommand: 'focus'
[DEBUG] [2:37:40 PM] parseCmdArgs.swift:8 parseCmdArgs(_:) - PARSECMDARGS: Found parser for subcommand 'focus'
[DEBUG] [2:37:40 PM] parseCmdArgs.swift:12 parseCmdArgs(_:) - PARSECMDARGS: Successfully parsed to FocusCmdArgs
[DEBUG] [2:37:40 PM] cmdManifest.swift:5 toCommand() - CMDMANIFEST: Converting CmdArgs to Command - kind: focus
[DEBUG] [2:37:40 PM] cmdManifest.swift:84 toCommand() - CMDMANIFEST: Created command: FocusCommand
[DEBUG] [2:37:40 PM] parseCommand.swift:23 parseCommand(_:) - PARSECOMMAND: Successfully parsed command: FocusCommand
[DEBUG] [2:37:40 PM] parseCommand.swift:5 parseCommand(_:) - PARSECOMMAND: Parsing command string: 'resize smart -50'
[DEBUG] [2:37:40 PM] parseCommand.swift:11 parseCommand(_:) - PARSECOMMAND: Split into args: ["resize", "smart", "-50"]
[DEBUG] [2:37:40 PM] parseCommand.swift:19 parseCommand(_:) - PARSECOMMAND: Parsing command args: ["resize", "smart", "-50"]
[DEBUG] [2:37:40 PM] parseCmdArgs.swift:3 parseCmdArgs(_:) - PARSECMDARGS: Parsing args: ["resize", "smart", "-50"], subcommand: 'resize'
[DEBUG] [2:37:40 PM] parseCmdArgs.swift:8 parseCmdArgs(_:) - PARSECMDARGS: Found parser for subcommand 'resize'
[DEBUG] [2:37:40 PM] parseCmdArgs.swift:12 parseCmdArgs(_:) - PARSECMDARGS: Successfully parsed to ResizeCmdArgs
[DEBUG] [2:37:40 PM] cmdManifest.swift:5 toCommand() - CMDMANIFEST: Converting CmdArgs to Command - kind: resize
[DEBUG] [2:37:40 PM] cmdManifest.swift:84 toCommand() - CMDMANIFEST: Created command: ResizeCommand
[DEBUG] [2:37:40 PM] parseCommand.swift:23 parseCommand(_:) - PARSECOMMAND: Successfully parsed command: ResizeCommand
[DEBUG] [2:37:40 PM] parseCommand.swift:5 parseCommand(_:) - PARSECOMMAND: Parsing command string: 'move-node-to-workspace 1'
[DEBUG] [2:37:40 PM] parseCommand.swift:11 parseCommand(_:) - PARSECOMMAND: Split into args: ["move-node-to-workspace", "1"]
[DEBUG] [2:37:40 PM] parseCommand.swift:19 parseCommand(_:) - PARSECOMMAND: Parsing command args: ["move-node-to-workspace", "1"]
[DEBUG] [2:37:40 PM] parseCmdArgs.swift:3 parseCmdArgs(_:) - PARSECMDARGS: Parsing args: ["move-node-to-workspace", "1"], subcommand: 'move-node-to-workspace'
[DEBUG] [2:37:40 PM] parseCmdArgs.swift:8 parseCmdArgs(_:) - PARSECMDARGS: Found parser for subcommand 'move-node-to-workspace'
[DEBUG] [2:37:40 PM] parseCmdArgs.swift:12 parseCmdArgs(_:) - PARSECMDARGS: Successfully parsed to MoveNodeToWorkspaceCmdArgs
[DEBUG] [2:37:40 PM] cmdManifest.swift:5 toCommand() - CMDMANIFEST: Converting CmdArgs to Command - kind: moveNodeToWorkspace
[DEBUG] [2:37:40 PM] cmdManifest.swift:84 toCommand() - CMDMANIFEST: Created command: MoveNodeToWorkspaceCommand
[DEBUG] [2:37:40 PM] parseCommand.swift:23 parseCommand(_:) - PARSECOMMAND: Successfully parsed command: MoveNodeToWorkspaceCommand
[DEBUG] [2:37:40 PM] parseCommand.swift:5 parseCommand(_:) - PARSECOMMAND: Parsing command string: 'move-node-to-workspace 2'
[DEBUG] [2:37:40 PM] parseCommand.swift:11 parseCommand(_:) - PARSECOMMAND: Split into args: ["move-node-to-workspace", "2"]
[DEBUG] [2:37:40 PM] parseCommand.swift:19 parseCommand(_:) - PARSECOMMAND: Parsing command args: ["move-node-to-workspace", "2"]
[DEBUG] [2:37:40 PM] parseCmdArgs.swift:3 parseCmdArgs(_:) - PARSECMDARGS: Parsing args: ["move-node-to-workspace", "2"], subcommand: 'move-node-to-workspace'
[DEBUG] [2:37:40 PM] parseCmdArgs.swift:8 parseCmdArgs(_:) - PARSECMDARGS: Found parser for subcommand 'move-node-to-workspace'
[DEBUG] [2:37:40 PM] parseCmdArgs.swift:12 parseCmdArgs(_:) - PARSECMDARGS: Successfully parsed to MoveNodeToWorkspaceCmdArgs
[DEBUG] [2:37:40 PM] cmdManifest.swift:5 toCommand() - CMDMANIFEST: Converting CmdArgs to Command - kind: moveNodeToWorkspace
[DEBUG] [2:37:40 PM] cmdManifest.swift:84 toCommand() - CMDMANIFEST: Created command: MoveNodeToWorkspaceCommand
[DEBUG] [2:37:40 PM] parseCommand.swift:23 parseCommand(_:) - PARSECOMMAND: Successfully parsed command: MoveNodeToWorkspaceCommand
[DEBUG] [2:37:40 PM] parseCommand.swift:5 parseCommand(_:) - PARSECOMMAND: Parsing command string: 'move-node-to-workspace 3'
[DEBUG] [2:37:40 PM] parseCommand.swift:11 parseCommand(_:) - PARSECOMMAND: Split into args: ["move-node-to-workspace", "3"]
[DEBUG] [2:37:40 PM] parseCommand.swift:19 parseCommand(_:) - PARSECOMMAND: Parsing command args: ["move-node-to-workspace", "3"]
[DEBUG] [2:37:40 PM] parseCmdArgs.swift:3 parseCmdArgs(_:) - PARSECMDARGS: Parsing args: ["move-node-to-workspace", "3"], subcommand: 'move-node-to-workspace'
[DEBUG] [2:37:40 PM] parseCmdArgs.swift:8 parseCmdArgs(_:) - PARSECMDARGS: Found parser for subcommand 'move-node-to-workspace'
[DEBUG] [2:37:40 PM] parseCmdArgs.swift:12 parseCmdArgs(_:) - PARSECMDARGS: Successfully parsed to MoveNodeToWorkspaceCmdArgs
[DEBUG] [2:37:40 PM] cmdManifest.swift:5 toCommand() - CMDMANIFEST: Converting CmdArgs to Command - kind: moveNodeToWorkspace
[DEBUG] [2:37:40 PM] cmdManifest.swift:84 toCommand() - CMDMANIFEST: Created command: MoveNodeToWorkspaceCommand
[DEBUG] [2:37:40 PM] parseCommand.swift:23 parseCommand(_:) - PARSECOMMAND: Successfully parsed command: MoveNodeToWorkspaceCommand
[DEBUG] [2:37:40 PM] parseCommand.swift:5 parseCommand(_:) - PARSECOMMAND: Parsing command string: 'move-node-to-workspace 4'
[DEBUG] [2:37:40 PM] parseCommand.swift:11 parseCommand(_:) - PARSECOMMAND: Split into args: ["move-node-to-workspace", "4"]
[DEBUG] [2:37:40 PM] parseCommand.swift:19 parseCommand(_:) - PARSECOMMAND: Parsing command args: ["move-node-to-workspace", "4"]
[DEBUG] [2:37:40 PM] parseCmdArgs.swift:3 parseCmdArgs(_:) - PARSECMDARGS: Parsing args: ["move-node-to-workspace", "4"], subcommand: 'move-node-to-workspace'
[DEBUG] [2:37:40 PM] parseCmdArgs.swift:8 parseCmdArgs(_:) - PARSECMDARGS: Found parser for subcommand 'move-node-to-workspace'
[DEBUG] [2:37:40 PM] parseCmdArgs.swift:12 parseCmdArgs(_:) - PARSECMDARGS: Successfully parsed to MoveNodeToWorkspaceCmdArgs
[DEBUG] [2:37:40 PM] cmdManifest.swift:5 toCommand() - CMDMANIFEST: Converting CmdArgs to Command - kind: moveNodeToWorkspace
[DEBUG] [2:37:40 PM] cmdManifest.swift:84 toCommand() - CMDMANIFEST: Created command: MoveNodeToWorkspaceCommand
[DEBUG] [2:37:40 PM] parseCommand.swift:23 parseCommand(_:) - PARSECOMMAND: Successfully parsed command: MoveNodeToWorkspaceCommand
[DEBUG] [2:37:40 PM] parseCommand.swift:5 parseCommand(_:) - PARSECOMMAND: Parsing command string: 'move-node-to-workspace A'
[DEBUG] [2:37:40 PM] parseCommand.swift:11 parseCommand(_:) - PARSECOMMAND: Split into args: ["move-node-to-workspace", "A"]
[DEBUG] [2:37:40 PM] parseCommand.swift:19 parseCommand(_:) - PARSECOMMAND: Parsing command args: ["move-node-to-workspace", "A"]
[DEBUG] [2:37:40 PM] parseCmdArgs.swift:3 parseCmdArgs(_:) - PARSECMDARGS: Parsing args: ["move-node-to-workspace", "A"], subcommand: 'move-node-to-workspace'
[DEBUG] [2:37:40 PM] parseCmdArgs.swift:8 parseCmdArgs(_:) - PARSECMDARGS: Found parser for subcommand 'move-node-to-workspace'
[DEBUG] [2:37:40 PM] parseCmdArgs.swift:12 parseCmdArgs(_:) - PARSECMDARGS: Successfully parsed to MoveNodeToWorkspaceCmdArgs
[DEBUG] [2:37:40 PM] cmdManifest.swift:5 toCommand() - CMDMANIFEST: Converting CmdArgs to Command - kind: moveNodeToWorkspace
[DEBUG] [2:37:40 PM] cmdManifest.swift:84 toCommand() - CMDMANIFEST: Created command: MoveNodeToWorkspaceCommand
[DEBUG] [2:37:40 PM] parseCommand.swift:23 parseCommand(_:) - PARSECOMMAND: Successfully parsed command: MoveNodeToWorkspaceCommand
[DEBUG] [2:37:40 PM] parseCommand.swift:5 parseCommand(_:) - PARSECOMMAND: Parsing command string: 'move left'
[DEBUG] [2:37:40 PM] parseCommand.swift:11 parseCommand(_:) - PARSECOMMAND: Split into args: ["move", "left"]
[DEBUG] [2:37:40 PM] parseCommand.swift:19 parseCommand(_:) - PARSECOMMAND: Parsing command args: ["move", "left"]
[DEBUG] [2:37:40 PM] parseCmdArgs.swift:3 parseCmdArgs(_:) - PARSECMDARGS: Parsing args: ["move", "left"], subcommand: 'move'
[DEBUG] [2:37:40 PM] parseCmdArgs.swift:8 parseCmdArgs(_:) - PARSECMDARGS: Found parser for subcommand 'move'
[DEBUG] [2:37:40 PM] parseCmdArgs.swift:12 parseCmdArgs(_:) - PARSECMDARGS: Successfully parsed to MoveCmdArgs
[DEBUG] [2:37:40 PM] cmdManifest.swift:5 toCommand() - CMDMANIFEST: Converting CmdArgs to Command - kind: move
[DEBUG] [2:37:40 PM] cmdManifest.swift:84 toCommand() - CMDMANIFEST: Created command: MoveCommand
[DEBUG] [2:37:40 PM] parseCommand.swift:23 parseCommand(_:) - PARSECOMMAND: Successfully parsed command: MoveCommand
[DEBUG] [2:37:40 PM] parseCommand.swift:5 parseCommand(_:) - PARSECOMMAND: Parsing command string: 'move down'
[DEBUG] [2:37:40 PM] parseCommand.swift:11 parseCommand(_:) - PARSECOMMAND: Split into args: ["move", "down"]
[DEBUG] [2:37:40 PM] parseCommand.swift:19 parseCommand(_:) - PARSECOMMAND: Parsing command args: ["move", "down"]
[DEBUG] [2:37:40 PM] parseCmdArgs.swift:3 parseCmdArgs(_:) - PARSECMDARGS: Parsing args: ["move", "down"], subcommand: 'move'
[DEBUG] [2:37:40 PM] parseCmdArgs.swift:8 parseCmdArgs(_:) - PARSECMDARGS: Found parser for subcommand 'move'
[DEBUG] [2:37:40 PM] parseCmdArgs.swift:12 parseCmdArgs(_:) - PARSECMDARGS: Successfully parsed to MoveCmdArgs
[DEBUG] [2:37:40 PM] cmdManifest.swift:5 toCommand() - CMDMANIFEST: Converting CmdArgs to Command - kind: move
[DEBUG] [2:37:40 PM] cmdManifest.swift:84 toCommand() - CMDMANIFEST: Created command: MoveCommand
[DEBUG] [2:37:40 PM] parseCommand.swift:23 parseCommand(_:) - PARSECOMMAND: Successfully parsed command: MoveCommand
[DEBUG] [2:37:40 PM] parseCommand.swift:5 parseCommand(_:) - PARSECOMMAND: Parsing command string: 'move up'
[DEBUG] [2:37:40 PM] parseCommand.swift:11 parseCommand(_:) - PARSECOMMAND: Split into args: ["move", "up"]
[DEBUG] [2:37:40 PM] parseCommand.swift:19 parseCommand(_:) - PARSECOMMAND: Parsing command args: ["move", "up"]
[DEBUG] [2:37:40 PM] parseCmdArgs.swift:3 parseCmdArgs(_:) - PARSECMDARGS: Parsing args: ["move", "up"], subcommand: 'move'
[DEBUG] [2:37:40 PM] parseCmdArgs.swift:8 parseCmdArgs(_:) - PARSECMDARGS: Found parser for subcommand 'move'
[DEBUG] [2:37:40 PM] parseCmdArgs.swift:12 parseCmdArgs(_:) - PARSECMDARGS: Successfully parsed to MoveCmdArgs
[DEBUG] [2:37:40 PM] cmdManifest.swift:5 toCommand() - CMDMANIFEST: Converting CmdArgs to Command - kind: move
[DEBUG] [2:37:40 PM] cmdManifest.swift:84 toCommand() - CMDMANIFEST: Created command: MoveCommand
[DEBUG] [2:37:40 PM] parseCommand.swift:23 parseCommand(_:) - PARSECOMMAND: Successfully parsed command: MoveCommand
[DEBUG] [2:37:40 PM] parseCommand.swift:5 parseCommand(_:) - PARSECOMMAND: Parsing command string: 'move right'
[DEBUG] [2:37:40 PM] parseCommand.swift:11 parseCommand(_:) - PARSECOMMAND: Split into args: ["move", "right"]
[DEBUG] [2:37:40 PM] parseCommand.swift:19 parseCommand(_:) - PARSECOMMAND: Parsing command args: ["move", "right"]
[DEBUG] [2:37:40 PM] parseCmdArgs.swift:3 parseCmdArgs(_:) - PARSECMDARGS: Parsing args: ["move", "right"], subcommand: 'move'
[DEBUG] [2:37:40 PM] parseCmdArgs.swift:8 parseCmdArgs(_:) - PARSECMDARGS: Found parser for subcommand 'move'
[DEBUG] [2:37:40 PM] parseCmdArgs.swift:12 parseCmdArgs(_:) - PARSECMDARGS: Successfully parsed to MoveCmdArgs
[DEBUG] [2:37:40 PM] cmdManifest.swift:5 toCommand() - CMDMANIFEST: Converting CmdArgs to Command - kind: move
[DEBUG] [2:37:40 PM] cmdManifest.swift:84 toCommand() - CMDMANIFEST: Created command: MoveCommand
[DEBUG] [2:37:40 PM] parseCommand.swift:23 parseCommand(_:) - PARSECOMMAND: Successfully parsed command: MoveCommand
[DEBUG] [2:37:40 PM] parseCommand.swift:5 parseCommand(_:) - PARSECOMMAND: Parsing command string: 'mode service'
[DEBUG] [2:37:40 PM] parseCommand.swift:11 parseCommand(_:) - PARSECOMMAND: Split into args: ["mode", "service"]
[DEBUG] [2:37:40 PM] parseCommand.swift:19 parseCommand(_:) - PARSECOMMAND: Parsing command args: ["mode", "service"]
[DEBUG] [2:37:40 PM] parseCmdArgs.swift:3 parseCmdArgs(_:) - PARSECMDARGS: Parsing args: ["mode", "service"], subcommand: 'mode'
[DEBUG] [2:37:40 PM] parseCmdArgs.swift:8 parseCmdArgs(_:) - PARSECMDARGS: Found parser for subcommand 'mode'
[DEBUG] [2:37:40 PM] parseCmdArgs.swift:12 parseCmdArgs(_:) - PARSECMDARGS: Successfully parsed to ModeCmdArgs
[DEBUG] [2:37:40 PM] cmdManifest.swift:5 toCommand() - CMDMANIFEST: Converting CmdArgs to Command - kind: mode
[DEBUG] [2:37:40 PM] cmdManifest.swift:84 toCommand() - CMDMANIFEST: Created command: ModeCommand
[DEBUG] [2:37:40 PM] parseCommand.swift:23 parseCommand(_:) - PARSECOMMAND: Successfully parsed command: ModeCommand
[DEBUG] [2:37:40 PM] parseCommand.swift:5 parseCommand(_:) - PARSECOMMAND: Parsing command string: 'move-workspace-to-monitor --wrap-around next'
[DEBUG] [2:37:40 PM] parseCommand.swift:11 parseCommand(_:) - PARSECOMMAND: Split into args: ["move-workspace-to-monitor", "--wrap-around", "next"]
[DEBUG] [2:37:40 PM] parseCommand.swift:19 parseCommand(_:) - PARSECOMMAND: Parsing command args: ["move-workspace-to-monitor", "--wrap-around", "next"]
[DEBUG] [2:37:40 PM] parseCmdArgs.swift:3 parseCmdArgs(_:) - PARSECMDARGS: Parsing args: ["move-workspace-to-monitor", "--wrap-around", "next"], subcommand: 'move-workspace-to-monitor'
[DEBUG] [2:37:40 PM] parseCmdArgs.swift:8 parseCmdArgs(_:) - PARSECMDARGS: Found parser for subcommand 'move-workspace-to-monitor'
[DEBUG] [2:37:40 PM] parseCmdArgs.swift:12 parseCmdArgs(_:) - PARSECMDARGS: Successfully parsed to MoveWorkspaceToMonitorCmdArgs
[DEBUG] [2:37:40 PM] cmdManifest.swift:5 toCommand() - CMDMANIFEST: Converting CmdArgs to Command - kind: moveWorkspaceToMonitor
[DEBUG] [2:37:40 PM] cmdManifest.swift:84 toCommand() - CMDMANIFEST: Created command: MoveWorkspaceToMonitorCommand
[DEBUG] [2:37:40 PM] parseCommand.swift:23 parseCommand(_:) - PARSECOMMAND: Successfully parsed command: MoveWorkspaceToMonitorCommand
[DEBUG] [2:37:40 PM] parseCommand.swift:5 parseCommand(_:) - PARSECOMMAND: Parsing command string: 'layout tiles horizontal vertical'
[DEBUG] [2:37:40 PM] parseCommand.swift:11 parseCommand(_:) - PARSECOMMAND: Split into args: ["layout", "tiles", "horizontal", "vertical"]
[DEBUG] [2:37:40 PM] parseCommand.swift:19 parseCommand(_:) - PARSECOMMAND: Parsing command args: ["layout", "tiles", "horizontal", "vertical"]
[DEBUG] [2:37:40 PM] parseCmdArgs.swift:3 parseCmdArgs(_:) - PARSECMDARGS: Parsing args: ["layout", "tiles", "horizontal", "vertical"], subcommand: 'layout'
[DEBUG] [2:37:40 PM] parseCmdArgs.swift:8 parseCmdArgs(_:) - PARSECMDARGS: Found parser for subcommand 'layout'
[DEBUG] [2:37:40 PM] parseCmdArgs.swift:12 parseCmdArgs(_:) - PARSECMDARGS: Successfully parsed to LayoutCmdArgs
[DEBUG] [2:37:40 PM] cmdManifest.swift:5 toCommand() - CMDMANIFEST: Converting CmdArgs to Command - kind: layout
[DEBUG] [2:37:40 PM] cmdManifest.swift:36 toCommand() - CMDMANIFEST: Creating LayoutCommand with toggleBetween: [Common.LayoutCmdArgs.LayoutDescription.tiles, Common.LayoutCmdArgs.LayoutDescription.horizontal, Common.LayoutCmdArgs.LayoutDescription.vertical]
[DEBUG] [2:37:40 PM] LayoutCommand.swift:9 init(args:) - COMMAND: LayoutCommand initialized with args: [Common.LayoutCmdArgs.LayoutDescription.tiles, Common.LayoutCmdArgs.LayoutDescription.horizontal, Common.LayoutCmdArgs.LayoutDescription.vertical]
[DEBUG] [2:37:40 PM] cmdManifest.swift:84 toCommand() - CMDMANIFEST: Created command: LayoutCommand
[DEBUG] [2:37:40 PM] parseCommand.swift:23 parseCommand(_:) - PARSECOMMAND: Successfully parsed command: LayoutCommand
[DEBUG] [2:37:40 PM] parseCommand.swift:5 parseCommand(_:) - PARSECOMMAND: Parsing command string: 'workspace-back-and-forth'
[DEBUG] [2:37:40 PM] parseCommand.swift:11 parseCommand(_:) - PARSECOMMAND: Split into args: ["workspace-back-and-forth"]
[DEBUG] [2:37:40 PM] parseCommand.swift:19 parseCommand(_:) - PARSECOMMAND: Parsing command args: ["workspace-back-and-forth"]
[DEBUG] [2:37:40 PM] parseCmdArgs.swift:3 parseCmdArgs(_:) - PARSECMDARGS: Parsing args: ["workspace-back-and-forth"], subcommand: 'workspace-back-and-forth'
[DEBUG] [2:37:40 PM] parseCmdArgs.swift:8 parseCmdArgs(_:) - PARSECMDARGS: Found parser for subcommand 'workspace-back-and-forth'
[DEBUG] [2:37:40 PM] parseCmdArgs.swift:12 parseCmdArgs(_:) - PARSECMDARGS: Successfully parsed to WorkspaceBackAndForthCmdArgs
[DEBUG] [2:37:40 PM] cmdManifest.swift:5 toCommand() - CMDMANIFEST: Converting CmdArgs to Command - kind: workspaceBackAndForth
[DEBUG] [2:37:40 PM] cmdManifest.swift:84 toCommand() - CMDMANIFEST: Created command: WorkspaceBackAndForthCommand
[DEBUG] [2:37:40 PM] parseCommand.swift:23 parseCommand(_:) - PARSECOMMAND: Successfully parsed command: WorkspaceBackAndForthCommand
[DEBUG] [2:37:40 PM] parseCommand.swift:5 parseCommand(_:) - PARSECOMMAND: Parsing command string: 'join-with left'
[DEBUG] [2:37:40 PM] parseCommand.swift:11 parseCommand(_:) - PARSECOMMAND: Split into args: ["join-with", "left"]
[DEBUG] [2:37:40 PM] parseCommand.swift:19 parseCommand(_:) - PARSECOMMAND: Parsing command args: ["join-with", "left"]
[DEBUG] [2:37:40 PM] parseCmdArgs.swift:3 parseCmdArgs(_:) - PARSECMDARGS: Parsing args: ["join-with", "left"], subcommand: 'join-with'
[DEBUG] [2:37:40 PM] parseCmdArgs.swift:8 parseCmdArgs(_:) - PARSECMDARGS: Found parser for subcommand 'join-with'
[DEBUG] [2:37:40 PM] parseCmdArgs.swift:12 parseCmdArgs(_:) - PARSECMDARGS: Successfully parsed to JoinWithCmdArgs
[DEBUG] [2:37:40 PM] cmdManifest.swift:5 toCommand() - CMDMANIFEST: Converting CmdArgs to Command - kind: joinWith
[DEBUG] [2:37:40 PM] cmdManifest.swift:84 toCommand() - CMDMANIFEST: Created command: JoinWithCommand
[DEBUG] [2:37:40 PM] parseCommand.swift:23 parseCommand(_:) - PARSECOMMAND: Successfully parsed command: JoinWithCommand
[DEBUG] [2:37:40 PM] parseCommand.swift:5 parseCommand(_:) - PARSECOMMAND: Parsing command string: 'mode main'
[DEBUG] [2:37:40 PM] parseCommand.swift:11 parseCommand(_:) - PARSECOMMAND: Split into args: ["mode", "main"]
[DEBUG] [2:37:40 PM] parseCommand.swift:19 parseCommand(_:) - PARSECOMMAND: Parsing command args: ["mode", "main"]
[DEBUG] [2:37:40 PM] parseCmdArgs.swift:3 parseCmdArgs(_:) - PARSECMDARGS: Parsing args: ["mode", "main"], subcommand: 'mode'
[DEBUG] [2:37:40 PM] parseCmdArgs.swift:8 parseCmdArgs(_:) - PARSECMDARGS: Found parser for subcommand 'mode'
[DEBUG] [2:37:40 PM] parseCmdArgs.swift:12 parseCmdArgs(_:) - PARSECMDARGS: Successfully parsed to ModeCmdArgs
[DEBUG] [2:37:40 PM] cmdManifest.swift:5 toCommand() - CMDMANIFEST: Converting CmdArgs to Command - kind: mode
[DEBUG] [2:37:40 PM] cmdManifest.swift:84 toCommand() - CMDMANIFEST: Created command: ModeCommand
[DEBUG] [2:37:40 PM] parseCommand.swift:23 parseCommand(_:) - PARSECOMMAND: Successfully parsed command: ModeCommand
[DEBUG] [2:37:40 PM] parseCommand.swift:5 parseCommand(_:) - PARSECOMMAND: Parsing command string: 'join-with down'
[DEBUG] [2:37:40 PM] parseCommand.swift:11 parseCommand(_:) - PARSECOMMAND: Split into args: ["join-with", "down"]
[DEBUG] [2:37:40 PM] parseCommand.swift:19 parseCommand(_:) - PARSECOMMAND: Parsing command args: ["join-with", "down"]
[DEBUG] [2:37:40 PM] parseCmdArgs.swift:3 parseCmdArgs(_:) - PARSECMDARGS: Parsing args: ["join-with", "down"], subcommand: 'join-with'
[DEBUG] [2:37:40 PM] parseCmdArgs.swift:8 parseCmdArgs(_:) - PARSECMDARGS: Found parser for subcommand 'join-with'
[DEBUG] [2:37:40 PM] parseCmdArgs.swift:12 parseCmdArgs(_:) - PARSECMDARGS: Successfully parsed to JoinWithCmdArgs
[DEBUG] [2:37:40 PM] cmdManifest.swift:5 toCommand() - CMDMANIFEST: Converting CmdArgs to Command - kind: joinWith
[DEBUG] [2:37:40 PM] cmdManifest.swift:84 toCommand() - CMDMANIFEST: Created command: JoinWithCommand
[DEBUG] [2:37:40 PM] parseCommand.swift:23 parseCommand(_:) - PARSECOMMAND: Successfully parsed command: JoinWithCommand
[DEBUG] [2:37:40 PM] parseCommand.swift:5 parseCommand(_:) - PARSECOMMAND: Parsing command string: 'mode main'
[DEBUG] [2:37:40 PM] parseCommand.swift:11 parseCommand(_:) - PARSECOMMAND: Split into args: ["mode", "main"]
[DEBUG] [2:37:40 PM] parseCommand.swift:19 parseCommand(_:) - PARSECOMMAND: Parsing command args: ["mode", "main"]
[DEBUG] [2:37:40 PM] parseCmdArgs.swift:3 parseCmdArgs(_:) - PARSECMDARGS: Parsing args: ["mode", "main"], subcommand: 'mode'
[DEBUG] [2:37:40 PM] parseCmdArgs.swift:8 parseCmdArgs(_:) - PARSECMDARGS: Found parser for subcommand 'mode'
[DEBUG] [2:37:40 PM] parseCmdArgs.swift:12 parseCmdArgs(_:) - PARSECMDARGS: Successfully parsed to ModeCmdArgs
[DEBUG] [2:37:40 PM] cmdManifest.swift:5 toCommand() - CMDMANIFEST: Converting CmdArgs to Command - kind: mode
[DEBUG] [2:37:40 PM] cmdManifest.swift:84 toCommand() - CMDMANIFEST: Created command: ModeCommand
[DEBUG] [2:37:40 PM] parseCommand.swift:23 parseCommand(_:) - PARSECOMMAND: Successfully parsed command: ModeCommand
[DEBUG] [2:37:40 PM] parseCommand.swift:5 parseCommand(_:) - PARSECOMMAND: Parsing command string: 'join-with up'
[DEBUG] [2:37:40 PM] parseCommand.swift:11 parseCommand(_:) - PARSECOMMAND: Split into args: ["join-with", "up"]
[DEBUG] [2:37:40 PM] parseCommand.swift:19 parseCommand(_:) - PARSECOMMAND: Parsing command args: ["join-with", "up"]
[DEBUG] [2:37:40 PM] parseCmdArgs.swift:3 parseCmdArgs(_:) - PARSECMDARGS: Parsing args: ["join-with", "up"], subcommand: 'join-with'
[DEBUG] [2:37:40 PM] parseCmdArgs.swift:8 parseCmdArgs(_:) - PARSECMDARGS: Found parser for subcommand 'join-with'
[DEBUG] [2:37:40 PM] parseCmdArgs.swift:12 parseCmdArgs(_:) - PARSECMDARGS: Successfully parsed to JoinWithCmdArgs
[DEBUG] [2:37:40 PM] cmdManifest.swift:5 toCommand() - CMDMANIFEST: Converting CmdArgs to Command - kind: joinWith
[DEBUG] [2:37:40 PM] cmdManifest.swift:84 toCommand() - CMDMANIFEST: Created command: JoinWithCommand
[DEBUG] [2:37:40 PM] parseCommand.swift:23 parseCommand(_:) - PARSECOMMAND: Successfully parsed command: JoinWithCommand
[DEBUG] [2:37:40 PM] parseCommand.swift:5 parseCommand(_:) - PARSECOMMAND: Parsing command string: 'mode main'
[DEBUG] [2:37:40 PM] parseCommand.swift:11 parseCommand(_:) - PARSECOMMAND: Split into args: ["mode", "main"]
[DEBUG] [2:37:40 PM] parseCommand.swift:19 parseCommand(_:) - PARSECOMMAND: Parsing command args: ["mode", "main"]
[DEBUG] [2:37:40 PM] parseCmdArgs.swift:3 parseCmdArgs(_:) - PARSECMDARGS: Parsing args: ["mode", "main"], subcommand: 'mode'
[DEBUG] [2:37:40 PM] parseCmdArgs.swift:8 parseCmdArgs(_:) - PARSECMDARGS: Found parser for subcommand 'mode'
[DEBUG] [2:37:40 PM] parseCmdArgs.swift:12 parseCmdArgs(_:) - PARSECMDARGS: Successfully parsed to ModeCmdArgs
[DEBUG] [2:37:40 PM] cmdManifest.swift:5 toCommand() - CMDMANIFEST: Converting CmdArgs to Command - kind: mode
[DEBUG] [2:37:40 PM] cmdManifest.swift:84 toCommand() - CMDMANIFEST: Created command: ModeCommand
[DEBUG] [2:37:40 PM] parseCommand.swift:23 parseCommand(_:) - PARSECOMMAND: Successfully parsed command: ModeCommand
[DEBUG] [2:37:40 PM] parseCommand.swift:5 parseCommand(_:) - PARSECOMMAND: Parsing command string: 'join-with right'
[DEBUG] [2:37:40 PM] parseCommand.swift:11 parseCommand(_:) - PARSECOMMAND: Split into args: ["join-with", "right"]
[DEBUG] [2:37:40 PM] parseCommand.swift:19 parseCommand(_:) - PARSECOMMAND: Parsing command args: ["join-with", "right"]
[DEBUG] [2:37:40 PM] parseCmdArgs.swift:3 parseCmdArgs(_:) - PARSECMDARGS: Parsing args: ["join-with", "right"], subcommand: 'join-with'
[DEBUG] [2:37:40 PM] parseCmdArgs.swift:8 parseCmdArgs(_:) - PARSECMDARGS: Found parser for subcommand 'join-with'
[DEBUG] [2:37:40 PM] parseCmdArgs.swift:12 parseCmdArgs(_:) - PARSECMDARGS: Successfully parsed to JoinWithCmdArgs
[DEBUG] [2:37:40 PM] cmdManifest.swift:5 toCommand() - CMDMANIFEST: Converting CmdArgs to Command - kind: joinWith
[DEBUG] [2:37:40 PM] cmdManifest.swift:84 toCommand() - CMDMANIFEST: Created command: JoinWithCommand
[DEBUG] [2:37:40 PM] parseCommand.swift:23 parseCommand(_:) - PARSECOMMAND: Successfully parsed command: JoinWithCommand
[DEBUG] [2:37:40 PM] parseCommand.swift:5 parseCommand(_:) - PARSECOMMAND: Parsing command string: 'mode main'
[DEBUG] [2:37:40 PM] parseCommand.swift:11 parseCommand(_:) - PARSECOMMAND: Split into args: ["mode", "main"]
[DEBUG] [2:37:40 PM] parseCommand.swift:19 parseCommand(_:) - PARSECOMMAND: Parsing command args: ["mode", "main"]
[DEBUG] [2:37:40 PM] parseCmdArgs.swift:3 parseCmdArgs(_:) - PARSECMDARGS: Parsing args: ["mode", "main"], subcommand: 'mode'
[DEBUG] [2:37:40 PM] parseCmdArgs.swift:8 parseCmdArgs(_:) - PARSECMDARGS: Found parser for subcommand 'mode'
[DEBUG] [2:37:40 PM] parseCmdArgs.swift:12 parseCmdArgs(_:) - PARSECMDARGS: Successfully parsed to ModeCmdArgs
[DEBUG] [2:37:40 PM] cmdManifest.swift:5 toCommand() - CMDMANIFEST: Converting CmdArgs to Command - kind: mode
[DEBUG] [2:37:40 PM] cmdManifest.swift:84 toCommand() - CMDMANIFEST: Created command: ModeCommand
[DEBUG] [2:37:40 PM] parseCommand.swift:23 parseCommand(_:) - PARSECOMMAND: Successfully parsed command: ModeCommand
[DEBUG] [2:37:40 PM] parseCommand.swift:5 parseCommand(_:) - PARSECOMMAND: Parsing command string: 'close-all-windows-but-current'
[DEBUG] [2:37:40 PM] parseCommand.swift:11 parseCommand(_:) - PARSECOMMAND: Split into args: ["close-all-windows-but-current"]
[DEBUG] [2:37:40 PM] parseCommand.swift:19 parseCommand(_:) - PARSECOMMAND: Parsing command args: ["close-all-windows-but-current"]
[DEBUG] [2:37:40 PM] parseCmdArgs.swift:3 parseCmdArgs(_:) - PARSECMDARGS: Parsing args: ["close-all-windows-but-current"], subcommand: 'close-all-windows-but-current'
[DEBUG] [2:37:40 PM] parseCmdArgs.swift:8 parseCmdArgs(_:) - PARSECMDARGS: Found parser for subcommand 'close-all-windows-but-current'
[DEBUG] [2:37:40 PM] parseCmdArgs.swift:12 parseCmdArgs(_:) - PARSECMDARGS: Successfully parsed to CloseAllWindowsButCurrentCmdArgs
[DEBUG] [2:37:40 PM] cmdManifest.swift:5 toCommand() - CMDMANIFEST: Converting CmdArgs to Command - kind: closeAllWindowsButCurrent
[DEBUG] [2:37:40 PM] cmdManifest.swift:84 toCommand() - CMDMANIFEST: Created command: CloseAllWindowsButCurrentCommand
[DEBUG] [2:37:40 PM] parseCommand.swift:23 parseCommand(_:) - PARSECOMMAND: Successfully parsed command: CloseAllWindowsButCurrentCommand
[DEBUG] [2:37:40 PM] parseCommand.swift:5 parseCommand(_:) - PARSECOMMAND: Parsing command string: 'mode main'
[DEBUG] [2:37:40 PM] parseCommand.swift:11 parseCommand(_:) - PARSECOMMAND: Split into args: ["mode", "main"]
[DEBUG] [2:37:40 PM] parseCommand.swift:19 parseCommand(_:) - PARSECOMMAND: Parsing command args: ["mode", "main"]
[DEBUG] [2:37:40 PM] parseCmdArgs.swift:3 parseCmdArgs(_:) - PARSECMDARGS: Parsing args: ["mode", "main"], subcommand: 'mode'
[DEBUG] [2:37:40 PM] parseCmdArgs.swift:8 parseCmdArgs(_:) - PARSECMDARGS: Found parser for subcommand 'mode'
[DEBUG] [2:37:40 PM] parseCmdArgs.swift:12 parseCmdArgs(_:) - PARSECMDARGS: Successfully parsed to ModeCmdArgs
[DEBUG] [2:37:40 PM] cmdManifest.swift:5 toCommand() - CMDMANIFEST: Converting CmdArgs to Command - kind: mode
[DEBUG] [2:37:40 PM] cmdManifest.swift:84 toCommand() - CMDMANIFEST: Created command: ModeCommand
[DEBUG] [2:37:40 PM] parseCommand.swift:23 parseCommand(_:) - PARSECOMMAND: Successfully parsed command: ModeCommand
[DEBUG] [2:37:40 PM] parseCommand.swift:5 parseCommand(_:) - PARSECOMMAND: Parsing command string: 'volume down'
[DEBUG] [2:37:40 PM] parseCommand.swift:11 parseCommand(_:) - PARSECOMMAND: Split into args: ["volume", "down"]
[DEBUG] [2:37:40 PM] parseCommand.swift:19 parseCommand(_:) - PARSECOMMAND: Parsing command args: ["volume", "down"]
[DEBUG] [2:37:40 PM] parseCmdArgs.swift:3 parseCmdArgs(_:) - PARSECMDARGS: Parsing args: ["volume", "down"], subcommand: 'volume'
[DEBUG] [2:37:40 PM] parseCmdArgs.swift:8 parseCmdArgs(_:) - PARSECMDARGS: Found parser for subcommand 'volume'
[DEBUG] [2:37:40 PM] parseCmdArgs.swift:12 parseCmdArgs(_:) - PARSECMDARGS: Successfully parsed to VolumeCmdArgs
[DEBUG] [2:37:40 PM] cmdManifest.swift:5 toCommand() - CMDMANIFEST: Converting CmdArgs to Command - kind: volume
[DEBUG] [2:37:40 PM] cmdManifest.swift:84 toCommand() - CMDMANIFEST: Created command: VolumeCommand
[DEBUG] [2:37:40 PM] parseCommand.swift:23 parseCommand(_:) - PARSECOMMAND: Successfully parsed command: VolumeCommand
[DEBUG] [2:37:40 PM] parseCommand.swift:5 parseCommand(_:) - PARSECOMMAND: Parsing command string: 'reload-config'
[DEBUG] [2:37:40 PM] parseCommand.swift:11 parseCommand(_:) - PARSECOMMAND: Split into args: ["reload-config"]
[DEBUG] [2:37:40 PM] parseCommand.swift:19 parseCommand(_:) - PARSECOMMAND: Parsing command args: ["reload-config"]
[DEBUG] [2:37:40 PM] parseCmdArgs.swift:3 parseCmdArgs(_:) - PARSECMDARGS: Parsing args: ["reload-config"], subcommand: 'reload-config'
[DEBUG] [2:37:40 PM] parseCmdArgs.swift:8 parseCmdArgs(_:) - PARSECMDARGS: Found parser for subcommand 'reload-config'
[DEBUG] [2:37:40 PM] parseCmdArgs.swift:12 parseCmdArgs(_:) - PARSECMDARGS: Successfully parsed to ReloadConfigCmdArgs
[DEBUG] [2:37:40 PM] cmdManifest.swift:5 toCommand() - CMDMANIFEST: Converting CmdArgs to Command - kind: reloadConfig
[DEBUG] [2:37:40 PM] cmdManifest.swift:84 toCommand() - CMDMANIFEST: Created command: ReloadConfigCommand
[DEBUG] [2:37:40 PM] parseCommand.swift:23 parseCommand(_:) - PARSECOMMAND: Successfully parsed command: ReloadConfigCommand
[DEBUG] [2:37:40 PM] parseCommand.swift:5 parseCommand(_:) - PARSECOMMAND: Parsing command string: 'mode main'
[DEBUG] [2:37:40 PM] parseCommand.swift:11 parseCommand(_:) - PARSECOMMAND: Split into args: ["mode", "main"]
[DEBUG] [2:37:40 PM] parseCommand.swift:19 parseCommand(_:) - PARSECOMMAND: Parsing command args: ["mode", "main"]
[DEBUG] [2:37:40 PM] parseCmdArgs.swift:3 parseCmdArgs(_:) - PARSECMDARGS: Parsing args: ["mode", "main"], subcommand: 'mode'
[DEBUG] [2:37:40 PM] parseCmdArgs.swift:8 parseCmdArgs(_:) - PARSECMDARGS: Found parser for subcommand 'mode'
[DEBUG] [2:37:40 PM] parseCmdArgs.swift:12 parseCmdArgs(_:) - PARSECMDARGS: Successfully parsed to ModeCmdArgs
[DEBUG] [2:37:40 PM] cmdManifest.swift:5 toCommand() - CMDMANIFEST: Converting CmdArgs to Command - kind: mode
[DEBUG] [2:37:40 PM] cmdManifest.swift:84 toCommand() - CMDMANIFEST: Created command: ModeCommand
[DEBUG] [2:37:40 PM] parseCommand.swift:23 parseCommand(_:) - PARSECOMMAND: Successfully parsed command: ModeCommand
[DEBUG] [2:37:40 PM] parseCommand.swift:5 parseCommand(_:) - PARSECOMMAND: Parsing command string: 'layout floating tiling'
[DEBUG] [2:37:40 PM] parseCommand.swift:11 parseCommand(_:) - PARSECOMMAND: Split into args: ["layout", "floating", "tiling"]
[DEBUG] [2:37:40 PM] parseCommand.swift:19 parseCommand(_:) - PARSECOMMAND: Parsing command args: ["layout", "floating", "tiling"]
[DEBUG] [2:37:40 PM] parseCmdArgs.swift:3 parseCmdArgs(_:) - PARSECMDARGS: Parsing args: ["layout", "floating", "tiling"], subcommand: 'layout'
[DEBUG] [2:37:40 PM] parseCmdArgs.swift:8 parseCmdArgs(_:) - PARSECMDARGS: Found parser for subcommand 'layout'
[DEBUG] [2:37:40 PM] parseCmdArgs.swift:12 parseCmdArgs(_:) - PARSECMDARGS: Successfully parsed to LayoutCmdArgs
[DEBUG] [2:37:40 PM] cmdManifest.swift:5 toCommand() - CMDMANIFEST: Converting CmdArgs to Command - kind: layout
[DEBUG] [2:37:40 PM] cmdManifest.swift:36 toCommand() - CMDMANIFEST: Creating LayoutCommand with toggleBetween: [Common.LayoutCmdArgs.LayoutDescription.floating, Common.LayoutCmdArgs.LayoutDescription.tiling]
[DEBUG] [2:37:40 PM] LayoutCommand.swift:9 init(args:) - COMMAND: LayoutCommand initialized with args: [Common.LayoutCmdArgs.LayoutDescription.floating, Common.LayoutCmdArgs.LayoutDescription.tiling]
[DEBUG] [2:37:40 PM] cmdManifest.swift:84 toCommand() - CMDMANIFEST: Created command: LayoutCommand
[DEBUG] [2:37:40 PM] parseCommand.swift:23 parseCommand(_:) - PARSECOMMAND: Successfully parsed command: LayoutCommand
[DEBUG] [2:37:40 PM] parseCommand.swift:5 parseCommand(_:) - PARSECOMMAND: Parsing command string: 'mode main'
[DEBUG] [2:37:40 PM] parseCommand.swift:11 parseCommand(_:) - PARSECOMMAND: Split into args: ["mode", "main"]
[DEBUG] [2:37:40 PM] parseCommand.swift:19 parseCommand(_:) - PARSECOMMAND: Parsing command args: ["mode", "main"]
[DEBUG] [2:37:40 PM] parseCmdArgs.swift:3 parseCmdArgs(_:) - PARSECMDARGS: Parsing args: ["mode", "main"], subcommand: 'mode'
[DEBUG] [2:37:40 PM] parseCmdArgs.swift:8 parseCmdArgs(_:) - PARSECMDARGS: Found parser for subcommand 'mode'
[DEBUG] [2:37:40 PM] parseCmdArgs.swift:12 parseCmdArgs(_:) - PARSECMDARGS: Successfully parsed to ModeCmdArgs
[DEBUG] [2:37:40 PM] cmdManifest.swift:5 toCommand() - CMDMANIFEST: Converting CmdArgs to Command - kind: mode
[DEBUG] [2:37:40 PM] cmdManifest.swift:84 toCommand() - CMDMANIFEST: Created command: ModeCommand
[DEBUG] [2:37:40 PM] parseCommand.swift:23 parseCommand(_:) - PARSECOMMAND: Successfully parsed command: ModeCommand
[DEBUG] [2:37:40 PM] parseCommand.swift:5 parseCommand(_:) - PARSECOMMAND: Parsing command string: 'flatten-workspace-tree'
[DEBUG] [2:37:40 PM] parseCommand.swift:11 parseCommand(_:) - PARSECOMMAND: Split into args: ["flatten-workspace-tree"]
[DEBUG] [2:37:40 PM] parseCommand.swift:19 parseCommand(_:) - PARSECOMMAND: Parsing command args: ["flatten-workspace-tree"]
[DEBUG] [2:37:40 PM] parseCmdArgs.swift:3 parseCmdArgs(_:) - PARSECMDARGS: Parsing args: ["flatten-workspace-tree"], subcommand: 'flatten-workspace-tree'
[DEBUG] [2:37:40 PM] parseCmdArgs.swift:8 parseCmdArgs(_:) - PARSECMDARGS: Found parser for subcommand 'flatten-workspace-tree'
[DEBUG] [2:37:40 PM] parseCmdArgs.swift:12 parseCmdArgs(_:) - PARSECMDARGS: Successfully parsed to FlattenWorkspaceTreeCmdArgs
[DEBUG] [2:37:40 PM] cmdManifest.swift:5 toCommand() - CMDMANIFEST: Converting CmdArgs to Command - kind: flattenWorkspaceTree
[DEBUG] [2:37:40 PM] cmdManifest.swift:84 toCommand() - CMDMANIFEST: Created command: FlattenWorkspaceTreeCommand
[DEBUG] [2:37:40 PM] parseCommand.swift:23 parseCommand(_:) - PARSECOMMAND: Successfully parsed command: FlattenWorkspaceTreeCommand
[DEBUG] [2:37:40 PM] parseCommand.swift:5 parseCommand(_:) - PARSECOMMAND: Parsing command string: 'mode main'
[DEBUG] [2:37:40 PM] parseCommand.swift:11 parseCommand(_:) - PARSECOMMAND: Split into args: ["mode", "main"]
[DEBUG] [2:37:40 PM] parseCommand.swift:19 parseCommand(_:) - PARSECOMMAND: Parsing command args: ["mode", "main"]
[DEBUG] [2:37:40 PM] parseCmdArgs.swift:3 parseCmdArgs(_:) - PARSECMDARGS: Parsing args: ["mode", "main"], subcommand: 'mode'
[DEBUG] [2:37:40 PM] parseCmdArgs.swift:8 parseCmdArgs(_:) - PARSECMDARGS: Found parser for subcommand 'mode'
[DEBUG] [2:37:40 PM] parseCmdArgs.swift:12 parseCmdArgs(_:) - PARSECMDARGS: Successfully parsed to ModeCmdArgs
[DEBUG] [2:37:40 PM] cmdManifest.swift:5 toCommand() - CMDMANIFEST: Converting CmdArgs to Command - kind: mode
[DEBUG] [2:37:40 PM] cmdManifest.swift:84 toCommand() - CMDMANIFEST: Created command: ModeCommand
[DEBUG] [2:37:40 PM] parseCommand.swift:23 parseCommand(_:) - PARSECOMMAND: Successfully parsed command: ModeCommand
[DEBUG] [2:37:40 PM] parseCommand.swift:5 parseCommand(_:) - PARSECOMMAND: Parsing command string: 'volume set 0'
[DEBUG] [2:37:40 PM] parseCommand.swift:11 parseCommand(_:) - PARSECOMMAND: Split into args: ["volume", "set", "0"]
[DEBUG] [2:37:40 PM] parseCommand.swift:19 parseCommand(_:) - PARSECOMMAND: Parsing command args: ["volume", "set", "0"]
[DEBUG] [2:37:40 PM] parseCmdArgs.swift:3 parseCmdArgs(_:) - PARSECMDARGS: Parsing args: ["volume", "set", "0"], subcommand: 'volume'
[DEBUG] [2:37:40 PM] parseCmdArgs.swift:8 parseCmdArgs(_:) - PARSECMDARGS: Found parser for subcommand 'volume'
[DEBUG] [2:37:40 PM] parseCmdArgs.swift:12 parseCmdArgs(_:) - PARSECMDARGS: Successfully parsed to VolumeCmdArgs
[DEBUG] [2:37:40 PM] cmdManifest.swift:5 toCommand() - CMDMANIFEST: Converting CmdArgs to Command - kind: volume
[DEBUG] [2:37:40 PM] cmdManifest.swift:84 toCommand() - CMDMANIFEST: Created command: VolumeCommand
[DEBUG] [2:37:40 PM] parseCommand.swift:23 parseCommand(_:) - PARSECOMMAND: Successfully parsed command: VolumeCommand
[DEBUG] [2:37:40 PM] parseCommand.swift:5 parseCommand(_:) - PARSECOMMAND: Parsing command string: 'mode main'
[DEBUG] [2:37:40 PM] parseCommand.swift:11 parseCommand(_:) - PARSECOMMAND: Split into args: ["mode", "main"]
[DEBUG] [2:37:40 PM] parseCommand.swift:19 parseCommand(_:) - PARSECOMMAND: Parsing command args: ["mode", "main"]
[DEBUG] [2:37:40 PM] parseCmdArgs.swift:3 parseCmdArgs(_:) - PARSECMDARGS: Parsing args: ["mode", "main"], subcommand: 'mode'
[DEBUG] [2:37:40 PM] parseCmdArgs.swift:8 parseCmdArgs(_:) - PARSECMDARGS: Found parser for subcommand 'mode'
[DEBUG] [2:37:40 PM] parseCmdArgs.swift:12 parseCmdArgs(_:) - PARSECMDARGS: Successfully parsed to ModeCmdArgs
[DEBUG] [2:37:40 PM] cmdManifest.swift:5 toCommand() - CMDMANIFEST: Converting CmdArgs to Command - kind: mode
[DEBUG] [2:37:40 PM] cmdManifest.swift:84 toCommand() - CMDMANIFEST: Created command: ModeCommand
[DEBUG] [2:37:40 PM] parseCommand.swift:23 parseCommand(_:) - PARSECOMMAND: Successfully parsed command: ModeCommand
[DEBUG] [2:37:40 PM] parseCommand.swift:5 parseCommand(_:) - PARSECOMMAND: Parsing command string: 'volume up'
[DEBUG] [2:37:40 PM] parseCommand.swift:11 parseCommand(_:) - PARSECOMMAND: Split into args: ["volume", "up"]
[DEBUG] [2:37:40 PM] parseCommand.swift:19 parseCommand(_:) - PARSECOMMAND: Parsing command args: ["volume", "up"]
[DEBUG] [2:37:40 PM] parseCmdArgs.swift:3 parseCmdArgs(_:) - PARSECMDARGS: Parsing args: ["volume", "up"], subcommand: 'volume'
[DEBUG] [2:37:40 PM] parseCmdArgs.swift:8 parseCmdArgs(_:) - PARSECMDARGS: Found parser for subcommand 'volume'
[DEBUG] [2:37:40 PM] parseCmdArgs.swift:12 parseCmdArgs(_:) - PARSECMDARGS: Successfully parsed to VolumeCmdArgs
[DEBUG] [2:37:40 PM] cmdManifest.swift:5 toCommand() - CMDMANIFEST: Converting CmdArgs to Command - kind: volume
[DEBUG] [2:37:40 PM] cmdManifest.swift:84 toCommand() - CMDMANIFEST: Created command: VolumeCommand
[DEBUG] [2:37:40 PM] parseCommand.swift:23 parseCommand(_:) - PARSECOMMAND: Successfully parsed command: VolumeCommand
[DEBUG] [2:37:41 PM] RefreshDebouncer.swift:25 debounce(event:screenIsDefinitelyUnlocked:optimisticallyPreLayoutWorkspaces:) - DEBOUNCE: Using fixed delay 50.0ms for event: globalObserverLeftMouseUp
[DEBUG] [2:37:41 PM] RefreshDebouncer.swift:47 debounceWithFixedDelay(event:screenIsDefinitelyUnlocked:optimisticallyPreLayoutWorkspaces:) - DEBOUNCE: Task scheduled, will wait 50.0ms
[DEBUG] [2:37:41 PM] RefreshDebouncer.swift:58 debounceWithFixedDelay(event:screenIsDefinitelyUnlocked:optimisticallyPreLayoutWorkspaces:) - DEBOUNCE: Executing refresh after 53.56407165527344ms
[DEBUG] [2:37:41 PM] refresh.swift:51 runRefreshSessionBlocking(_:layoutWorkspaces:optimisticallyPreLayoutWorkspaces:) - REFRESH: Starting blocking refresh for event: globalObserverLeftMouseUp
[DEBUG] [2:37:41 PM] refresh.swift:57 runRefreshSessionBlocking(_:layoutWorkspaces:optimisticallyPreLayoutWorkspaces:) - REFRESH: Completed blocking refresh in 14.8ms
[DEBUG] [2:37:47 PM] parseCommand.swift:5 parseCommand(_:) - PARSECOMMAND: Parsing command string: 'move-mouse monitor-lazy-center'
[DEBUG] [2:37:47 PM] parseCommand.swift:11 parseCommand(_:) - PARSECOMMAND: Split into args: ["move-mouse", "monitor-lazy-center"]
[DEBUG] [2:37:47 PM] parseCommand.swift:19 parseCommand(_:) - PARSECOMMAND: Parsing command args: ["move-mouse", "monitor-lazy-center"]
[DEBUG] [2:37:47 PM] parseCmdArgs.swift:3 parseCmdArgs(_:) - PARSECMDARGS: Parsing args: ["move-mouse", "monitor-lazy-center"], subcommand: 'move-mouse'
[DEBUG] [2:37:47 PM] parseCmdArgs.swift:8 parseCmdArgs(_:) - PARSECMDARGS: Found parser for subcommand 'move-mouse'
[DEBUG] [2:37:47 PM] parseCmdArgs.swift:12 parseCmdArgs(_:) - PARSECMDARGS: Successfully parsed to MoveMouseCmdArgs
[DEBUG] [2:37:47 PM] cmdManifest.swift:5 toCommand() - CMDMANIFEST: Converting CmdArgs to Command - kind: moveMouse
[DEBUG] [2:37:47 PM] cmdManifest.swift:84 toCommand() - CMDMANIFEST: Created command: MoveMouseCommand
[DEBUG] [2:37:47 PM] parseCommand.swift:23 parseCommand(_:) - PARSECOMMAND: Successfully parsed command: MoveMouseCommand
[DEBUG] [2:37:47 PM] parseCommand.swift:5 parseCommand(_:) - PARSECOMMAND: Parsing command string: 'layout floating'
[DEBUG] [2:37:47 PM] parseCommand.swift:11 parseCommand(_:) - PARSECOMMAND: Split into args: ["layout", "floating"]
[DEBUG] [2:37:47 PM] parseCommand.swift:19 parseCommand(_:) - PARSECOMMAND: Parsing command args: ["layout", "floating"]
[DEBUG] [2:37:47 PM] parseCmdArgs.swift:3 parseCmdArgs(_:) - PARSECMDARGS: Parsing args: ["layout", "floating"], subcommand: 'layout'
[DEBUG] [2:37:47 PM] parseCmdArgs.swift:8 parseCmdArgs(_:) - PARSECMDARGS: Found parser for subcommand 'layout'
[DEBUG] [2:37:47 PM] parseCmdArgs.swift:12 parseCmdArgs(_:) - PARSECMDARGS: Successfully parsed to LayoutCmdArgs
[DEBUG] [2:37:47 PM] cmdManifest.swift:5 toCommand() - CMDMANIFEST: Converting CmdArgs to Command - kind: layout
[DEBUG] [2:37:47 PM] cmdManifest.swift:36 toCommand() - CMDMANIFEST: Creating LayoutCommand with toggleBetween: [Common.LayoutCmdArgs.LayoutDescription.floating]
[DEBUG] [2:37:47 PM] LayoutCommand.swift:9 init(args:) - COMMAND: LayoutCommand initialized with args: [Common.LayoutCmdArgs.LayoutDescription.floating]
[DEBUG] [2:37:47 PM] cmdManifest.swift:84 toCommand() - CMDMANIFEST: Created command: LayoutCommand
[DEBUG] [2:37:47 PM] parseCommand.swift:23 parseCommand(_:) - PARSECOMMAND: Successfully parsed command: LayoutCommand
[DEBUG] [2:37:47 PM] parseCommand.swift:5 parseCommand(_:) - PARSECOMMAND: Parsing command string: 'layout floating'
[DEBUG] [2:37:47 PM] parseCommand.swift:11 parseCommand(_:) - PARSECOMMAND: Split into args: ["layout", "floating"]
[DEBUG] [2:37:47 PM] parseCommand.swift:19 parseCommand(_:) - PARSECOMMAND: Parsing command args: ["layout", "floating"]
[DEBUG] [2:37:47 PM] parseCmdArgs.swift:3 parseCmdArgs(_:) - PARSECMDARGS: Parsing args: ["layout", "floating"], subcommand: 'layout'
[DEBUG] [2:37:47 PM] parseCmdArgs.swift:8 parseCmdArgs(_:) - PARSECMDARGS: Found parser for subcommand 'layout'
[DEBUG] [2:37:47 PM] parseCmdArgs.swift:12 parseCmdArgs(_:) - PARSECMDARGS: Successfully parsed to LayoutCmdArgs
[DEBUG] [2:37:47 PM] cmdManifest.swift:5 toCommand() - CMDMANIFEST: Converting CmdArgs to Command - kind: layout
[DEBUG] [2:37:47 PM] cmdManifest.swift:36 toCommand() - CMDMANIFEST: Creating LayoutCommand with toggleBetween: [Common.LayoutCmdArgs.LayoutDescription.floating]
[DEBUG] [2:37:47 PM] LayoutCommand.swift:9 init(args:) - COMMAND: LayoutCommand initialized with args: [Common.LayoutCmdArgs.LayoutDescription.floating]
[DEBUG] [2:37:47 PM] cmdManifest.swift:84 toCommand() - CMDMANIFEST: Created command: LayoutCommand
[DEBUG] [2:37:47 PM] parseCommand.swift:23 parseCommand(_:) - PARSECOMMAND: Successfully parsed command: LayoutCommand
[DEBUG] [2:37:47 PM] parseCommand.swift:5 parseCommand(_:) - PARSECOMMAND: Parsing command string: 'layout floating'
[DEBUG] [2:37:47 PM] parseCommand.swift:11 parseCommand(_:) - PARSECOMMAND: Split into args: ["layout", "floating"]
[DEBUG] [2:37:47 PM] parseCommand.swift:19 parseCommand(_:) - PARSECOMMAND: Parsing command args: ["layout", "floating"]
[DEBUG] [2:37:47 PM] parseCmdArgs.swift:3 parseCmdArgs(_:) - PARSECMDARGS: Parsing args: ["layout", "floating"], subcommand: 'layout'
[DEBUG] [2:37:47 PM] parseCmdArgs.swift:8 parseCmdArgs(_:) - PARSECMDARGS: Found parser for subcommand 'layout'
[DEBUG] [2:37:47 PM] parseCmdArgs.swift:12 parseCmdArgs(_:) - PARSECMDARGS: Successfully parsed to LayoutCmdArgs
[DEBUG] [2:37:47 PM] cmdManifest.swift:5 toCommand() - CMDMANIFEST: Converting CmdArgs to Command - kind: layout
[DEBUG] [2:37:47 PM] cmdManifest.swift:36 toCommand() - CMDMANIFEST: Creating LayoutCommand with toggleBetween: [Common.LayoutCmdArgs.LayoutDescription.floating]
[DEBUG] [2:37:47 PM] LayoutCommand.swift:9 init(args:) - COMMAND: LayoutCommand initialized with args: [Common.LayoutCmdArgs.LayoutDescription.floating]
[DEBUG] [2:37:47 PM] cmdManifest.swift:84 toCommand() - CMDMANIFEST: Created command: LayoutCommand
[DEBUG] [2:37:47 PM] parseCommand.swift:23 parseCommand(_:) - PARSECOMMAND: Successfully parsed command: LayoutCommand
[DEBUG] [2:37:47 PM] parseCommand.swift:5 parseCommand(_:) - PARSECOMMAND: Parsing command string: 'layout floating'
[DEBUG] [2:37:47 PM] parseCommand.swift:11 parseCommand(_:) - PARSECOMMAND: Split into args: ["layout", "floating"]
[DEBUG] [2:37:47 PM] parseCommand.swift:19 parseCommand(_:) - PARSECOMMAND: Parsing command args: ["layout", "floating"]
[DEBUG] [2:37:47 PM] parseCmdArgs.swift:3 parseCmdArgs(_:) - PARSECMDARGS: Parsing args: ["layout", "floating"], subcommand: 'layout'
[DEBUG] [2:37:47 PM] parseCmdArgs.swift:8 parseCmdArgs(_:) - PARSECMDARGS: Found parser for subcommand 'layout'
[DEBUG] [2:37:47 PM] parseCmdArgs.swift:12 parseCmdArgs(_:) - PARSECMDARGS: Successfully parsed to LayoutCmdArgs
[DEBUG] [2:37:47 PM] cmdManifest.swift:5 toCommand() - CMDMANIFEST: Converting CmdArgs to Command - kind: layout
[DEBUG] [2:37:47 PM] cmdManifest.swift:36 toCommand() - CMDMANIFEST: Creating LayoutCommand with toggleBetween: [Common.LayoutCmdArgs.LayoutDescription.floating]
[DEBUG] [2:37:47 PM] LayoutCommand.swift:9 init(args:) - COMMAND: LayoutCommand initialized with args: [Common.LayoutCmdArgs.LayoutDescription.floating]
[DEBUG] [2:37:47 PM] cmdManifest.swift:84 toCommand() - CMDMANIFEST: Created command: LayoutCommand
[DEBUG] [2:37:47 PM] parseCommand.swift:23 parseCommand(_:) - PARSECOMMAND: Successfully parsed command: LayoutCommand
[DEBUG] [2:37:47 PM] parseCommand.swift:5 parseCommand(_:) - PARSECOMMAND: Parsing command string: 'layout floating'
[DEBUG] [2:37:47 PM] parseCommand.swift:11 parseCommand(_:) - PARSECOMMAND: Split into args: ["layout", "floating"]
[DEBUG] [2:37:47 PM] parseCommand.swift:19 parseCommand(_:) - PARSECOMMAND: Parsing command args: ["layout", "floating"]
[DEBUG] [2:37:47 PM] parseCmdArgs.swift:3 parseCmdArgs(_:) - PARSECMDARGS: Parsing args: ["layout", "floating"], subcommand: 'layout'
[DEBUG] [2:37:47 PM] parseCmdArgs.swift:8 parseCmdArgs(_:) - PARSECMDARGS: Found parser for subcommand 'layout'
[DEBUG] [2:37:47 PM] parseCmdArgs.swift:12 parseCmdArgs(_:) - PARSECMDARGS: Successfully parsed to LayoutCmdArgs
[DEBUG] [2:37:47 PM] cmdManifest.swift:5 toCommand() - CMDMANIFEST: Converting CmdArgs to Command - kind: layout
[DEBUG] [2:37:47 PM] cmdManifest.swift:36 toCommand() - CMDMANIFEST: Creating LayoutCommand with toggleBetween: [Common.LayoutCmdArgs.LayoutDescription.floating]
[DEBUG] [2:37:47 PM] LayoutCommand.swift:9 init(args:) - COMMAND: LayoutCommand initialized with args: [Common.LayoutCmdArgs.LayoutDescription.floating]
[DEBUG] [2:37:47 PM] cmdManifest.swift:84 toCommand() - CMDMANIFEST: Created command: LayoutCommand
[DEBUG] [2:37:47 PM] parseCommand.swift:23 parseCommand(_:) - PARSECOMMAND: Successfully parsed command: LayoutCommand
[DEBUG] [2:37:47 PM] parseCommand.swift:5 parseCommand(_:) - PARSECOMMAND: Parsing command string: 'layout floating'
[DEBUG] [2:37:47 PM] parseCommand.swift:11 parseCommand(_:) - PARSECOMMAND: Split into args: ["layout", "floating"]
[DEBUG] [2:37:47 PM] parseCommand.swift:19 parseCommand(_:) - PARSECOMMAND: Parsing command args: ["layout", "floating"]
[DEBUG] [2:37:47 PM] parseCmdArgs.swift:3 parseCmdArgs(_:) - PARSECMDARGS: Parsing args: ["layout", "floating"], subcommand: 'layout'
[DEBUG] [2:37:47 PM] parseCmdArgs.swift:8 parseCmdArgs(_:) - PARSECMDARGS: Found parser for subcommand 'layout'
[DEBUG] [2:37:47 PM] parseCmdArgs.swift:12 parseCmdArgs(_:) - PARSECMDARGS: Successfully parsed to LayoutCmdArgs
[DEBUG] [2:37:47 PM] cmdManifest.swift:5 toCommand() - CMDMANIFEST: Converting CmdArgs to Command - kind: layout
[DEBUG] [2:37:47 PM] cmdManifest.swift:36 toCommand() - CMDMANIFEST: Creating LayoutCommand with toggleBetween: [Common.LayoutCmdArgs.LayoutDescription.floating]
[DEBUG] [2:37:47 PM] LayoutCommand.swift:9 init(args:) - COMMAND: LayoutCommand initialized with args: [Common.LayoutCmdArgs.LayoutDescription.floating]
[DEBUG] [2:37:47 PM] cmdManifest.swift:84 toCommand() - CMDMANIFEST: Created command: LayoutCommand
[DEBUG] [2:37:47 PM] parseCommand.swift:23 parseCommand(_:) - PARSECOMMAND: Successfully parsed command: LayoutCommand
[DEBUG] [2:37:47 PM] parseCommand.swift:5 parseCommand(_:) - PARSECOMMAND: Parsing command string: 'layout floating'
[DEBUG] [2:37:47 PM] parseCommand.swift:11 parseCommand(_:) - PARSECOMMAND: Split into args: ["layout", "floating"]
[DEBUG] [2:37:47 PM] parseCommand.swift:19 parseCommand(_:) - PARSECOMMAND: Parsing command args: ["layout", "floating"]
[DEBUG] [2:37:47 PM] parseCmdArgs.swift:3 parseCmdArgs(_:) - PARSECMDARGS: Parsing args: ["layout", "floating"], subcommand: 'layout'
[DEBUG] [2:37:47 PM] parseCmdArgs.swift:8 parseCmdArgs(_:) - PARSECMDARGS: Found parser for subcommand 'layout'
[DEBUG] [2:37:47 PM] parseCmdArgs.swift:12 parseCmdArgs(_:) - PARSECMDARGS: Successfully parsed to LayoutCmdArgs
[DEBUG] [2:37:47 PM] cmdManifest.swift:5 toCommand() - CMDMANIFEST: Converting CmdArgs to Command - kind: layout
[DEBUG] [2:37:47 PM] cmdManifest.swift:36 toCommand() - CMDMANIFEST: Creating LayoutCommand with toggleBetween: [Common.LayoutCmdArgs.LayoutDescription.floating]
[DEBUG] [2:37:47 PM] LayoutCommand.swift:9 init(args:) - COMMAND: LayoutCommand initialized with args: [Common.LayoutCmdArgs.LayoutDescription.floating]
[DEBUG] [2:37:47 PM] cmdManifest.swift:84 toCommand() - CMDMANIFEST: Created command: LayoutCommand
[DEBUG] [2:37:47 PM] parseCommand.swift:23 parseCommand(_:) - PARSECOMMAND: Successfully parsed command: LayoutCommand
[DEBUG] [2:37:47 PM] parseCommand.swift:5 parseCommand(_:) - PARSECOMMAND: Parsing command string: 'layout floating'
[DEBUG] [2:37:47 PM] parseCommand.swift:11 parseCommand(_:) - PARSECOMMAND: Split into args: ["layout", "floating"]
[DEBUG] [2:37:47 PM] parseCommand.swift:19 parseCommand(_:) - PARSECOMMAND: Parsing command args: ["layout", "floating"]
[DEBUG] [2:37:47 PM] parseCmdArgs.swift:3 parseCmdArgs(_:) - PARSECMDARGS: Parsing args: ["layout", "floating"], subcommand: 'layout'
[DEBUG] [2:37:47 PM] parseCmdArgs.swift:8 parseCmdArgs(_:) - PARSECMDARGS: Found parser for subcommand 'layout'
[DEBUG] [2:37:47 PM] parseCmdArgs.swift:12 parseCmdArgs(_:) - PARSECMDARGS: Successfully parsed to LayoutCmdArgs
[DEBUG] [2:37:47 PM] cmdManifest.swift:5 toCommand() - CMDMANIFEST: Converting CmdArgs to Command - kind: layout
[DEBUG] [2:37:47 PM] cmdManifest.swift:36 toCommand() - CMDMANIFEST: Creating LayoutCommand with toggleBetween: [Common.LayoutCmdArgs.LayoutDescription.floating]
[DEBUG] [2:37:47 PM] LayoutCommand.swift:9 init(args:) - COMMAND: LayoutCommand initialized with args: [Common.LayoutCmdArgs.LayoutDescription.floating]
[DEBUG] [2:37:47 PM] cmdManifest.swift:84 toCommand() - CMDMANIFEST: Created command: LayoutCommand
[DEBUG] [2:37:47 PM] parseCommand.swift:23 parseCommand(_:) - PARSECOMMAND: Successfully parsed command: LayoutCommand
[DEBUG] [2:37:47 PM] parseCommand.swift:5 parseCommand(_:) - PARSECOMMAND: Parsing command string: 'workspace 1'
[DEBUG] [2:37:47 PM] parseCommand.swift:11 parseCommand(_:) - PARSECOMMAND: Split into args: ["workspace", "1"]
[DEBUG] [2:37:47 PM] parseCommand.swift:19 parseCommand(_:) - PARSECOMMAND: Parsing command args: ["workspace", "1"]
[DEBUG] [2:37:47 PM] parseCmdArgs.swift:3 parseCmdArgs(_:) - PARSECMDARGS: Parsing args: ["workspace", "1"], subcommand: 'workspace'
[DEBUG] [2:37:47 PM] parseCmdArgs.swift:8 parseCmdArgs(_:) - PARSECMDARGS: Found parser for subcommand 'workspace'
[DEBUG] [2:37:47 PM] parseCmdArgs.swift:12 parseCmdArgs(_:) - PARSECMDARGS: Successfully parsed to WorkspaceCmdArgs
[DEBUG] [2:37:47 PM] cmdManifest.swift:5 toCommand() - CMDMANIFEST: Converting CmdArgs to Command - kind: workspace
[DEBUG] [2:37:47 PM] cmdManifest.swift:84 toCommand() - CMDMANIFEST: Created command: WorkspaceCommand
[DEBUG] [2:37:47 PM] parseCommand.swift:23 parseCommand(_:) - PARSECOMMAND: Successfully parsed command: WorkspaceCommand
[DEBUG] [2:37:47 PM] parseCommand.swift:5 parseCommand(_:) - PARSECOMMAND: Parsing command string: 'workspace 2'
[DEBUG] [2:37:47 PM] parseCommand.swift:11 parseCommand(_:) - PARSECOMMAND: Split into args: ["workspace", "2"]
[DEBUG] [2:37:47 PM] parseCommand.swift:19 parseCommand(_:) - PARSECOMMAND: Parsing command args: ["workspace", "2"]
[DEBUG] [2:37:47 PM] parseCmdArgs.swift:3 parseCmdArgs(_:) - PARSECMDARGS: Parsing args: ["workspace", "2"], subcommand: 'workspace'
[DEBUG] [2:37:47 PM] parseCmdArgs.swift:8 parseCmdArgs(_:) - PARSECMDARGS: Found parser for subcommand 'workspace'
[DEBUG] [2:37:47 PM] parseCmdArgs.swift:12 parseCmdArgs(_:) - PARSECMDARGS: Successfully parsed to WorkspaceCmdArgs
[DEBUG] [2:37:47 PM] cmdManifest.swift:5 toCommand() - CMDMANIFEST: Converting CmdArgs to Command - kind: workspace
[DEBUG] [2:37:47 PM] cmdManifest.swift:84 toCommand() - CMDMANIFEST: Created command: WorkspaceCommand
[DEBUG] [2:37:47 PM] parseCommand.swift:23 parseCommand(_:) - PARSECOMMAND: Successfully parsed command: WorkspaceCommand
[DEBUG] [2:37:47 PM] parseCommand.swift:5 parseCommand(_:) - PARSECOMMAND: Parsing command string: 'workspace 3'
[DEBUG] [2:37:47 PM] parseCommand.swift:11 parseCommand(_:) - PARSECOMMAND: Split into args: ["workspace", "3"]
[DEBUG] [2:37:47 PM] parseCommand.swift:19 parseCommand(_:) - PARSECOMMAND: Parsing command args: ["workspace", "3"]
[DEBUG] [2:37:47 PM] parseCmdArgs.swift:3 parseCmdArgs(_:) - PARSECMDARGS: Parsing args: ["workspace", "3"], subcommand: 'workspace'
[DEBUG] [2:37:47 PM] parseCmdArgs.swift:8 parseCmdArgs(_:) - PARSECMDARGS: Found parser for subcommand 'workspace'
[DEBUG] [2:37:47 PM] parseCmdArgs.swift:12 parseCmdArgs(_:) - PARSECMDARGS: Successfully parsed to WorkspaceCmdArgs
[DEBUG] [2:37:47 PM] cmdManifest.swift:5 toCommand() - CMDMANIFEST: Converting CmdArgs to Command - kind: workspace
[DEBUG] [2:37:47 PM] cmdManifest.swift:84 toCommand() - CMDMANIFEST: Created command: WorkspaceCommand
[DEBUG] [2:37:47 PM] parseCommand.swift:23 parseCommand(_:) - PARSECOMMAND: Successfully parsed command: WorkspaceCommand
[DEBUG] [2:37:47 PM] parseCommand.swift:5 parseCommand(_:) - PARSECOMMAND: Parsing command string: 'workspace 4'
[DEBUG] [2:37:47 PM] parseCommand.swift:11 parseCommand(_:) - PARSECOMMAND: Split into args: ["workspace", "4"]
[DEBUG] [2:37:47 PM] parseCommand.swift:19 parseCommand(_:) - PARSECOMMAND: Parsing command args: ["workspace", "4"]
[DEBUG] [2:37:47 PM] parseCmdArgs.swift:3 parseCmdArgs(_:) - PARSECMDARGS: Parsing args: ["workspace", "4"], subcommand: 'workspace'
[DEBUG] [2:37:47 PM] parseCmdArgs.swift:8 parseCmdArgs(_:) - PARSECMDARGS: Found parser for subcommand 'workspace'
[DEBUG] [2:37:47 PM] parseCmdArgs.swift:12 parseCmdArgs(_:) - PARSECMDARGS: Successfully parsed to WorkspaceCmdArgs
[DEBUG] [2:37:47 PM] cmdManifest.swift:5 toCommand() - CMDMANIFEST: Converting CmdArgs to Command - kind: workspace
[DEBUG] [2:37:47 PM] cmdManifest.swift:84 toCommand() - CMDMANIFEST: Created command: WorkspaceCommand
[DEBUG] [2:37:47 PM] parseCommand.swift:23 parseCommand(_:) - PARSECOMMAND: Successfully parsed command: WorkspaceCommand
[DEBUG] [2:37:47 PM] parseCommand.swift:5 parseCommand(_:) - PARSECOMMAND: Parsing command string: 'workspace A'
[DEBUG] [2:37:47 PM] parseCommand.swift:11 parseCommand(_:) - PARSECOMMAND: Split into args: ["workspace", "A"]
[DEBUG] [2:37:47 PM] parseCommand.swift:19 parseCommand(_:) - PARSECOMMAND: Parsing command args: ["workspace", "A"]
[DEBUG] [2:37:47 PM] parseCmdArgs.swift:3 parseCmdArgs(_:) - PARSECMDARGS: Parsing args: ["workspace", "A"], subcommand: 'workspace'
[DEBUG] [2:37:47 PM] parseCmdArgs.swift:8 parseCmdArgs(_:) - PARSECMDARGS: Found parser for subcommand 'workspace'
[DEBUG] [2:37:47 PM] parseCmdArgs.swift:12 parseCmdArgs(_:) - PARSECMDARGS: Successfully parsed to WorkspaceCmdArgs
[DEBUG] [2:37:47 PM] cmdManifest.swift:5 toCommand() - CMDMANIFEST: Converting CmdArgs to Command - kind: workspace
[DEBUG] [2:37:47 PM] cmdManifest.swift:84 toCommand() - CMDMANIFEST: Created command: WorkspaceCommand
[DEBUG] [2:37:47 PM] parseCommand.swift:23 parseCommand(_:) - PARSECOMMAND: Successfully parsed command: WorkspaceCommand
[DEBUG] [2:37:47 PM] parseCommand.swift:5 parseCommand(_:) - PARSECOMMAND: Parsing command string: 'layout accordion horizontal vertical'
[DEBUG] [2:37:47 PM] parseCommand.swift:11 parseCommand(_:) - PARSECOMMAND: Split into args: ["layout", "accordion", "horizontal", "vertical"]
[DEBUG] [2:37:47 PM] parseCommand.swift:19 parseCommand(_:) - PARSECOMMAND: Parsing command args: ["layout", "accordion", "horizontal", "vertical"]
[DEBUG] [2:37:47 PM] parseCmdArgs.swift:3 parseCmdArgs(_:) - PARSECMDARGS: Parsing args: ["layout", "accordion", "horizontal", "vertical"], subcommand: 'layout'
[DEBUG] [2:37:47 PM] parseCmdArgs.swift:8 parseCmdArgs(_:) - PARSECMDARGS: Found parser for subcommand 'layout'
[DEBUG] [2:37:47 PM] parseCmdArgs.swift:12 parseCmdArgs(_:) - PARSECMDARGS: Successfully parsed to LayoutCmdArgs
[DEBUG] [2:37:47 PM] cmdManifest.swift:5 toCommand() - CMDMANIFEST: Converting CmdArgs to Command - kind: layout
[DEBUG] [2:37:47 PM] cmdManifest.swift:36 toCommand() - CMDMANIFEST: Creating LayoutCommand with toggleBetween: [Common.LayoutCmdArgs.LayoutDescription.accordion, Common.LayoutCmdArgs.LayoutDescription.horizontal, Common.LayoutCmdArgs.LayoutDescription.vertical]
[DEBUG] [2:37:47 PM] LayoutCommand.swift:9 init(args:) - COMMAND: LayoutCommand initialized with args: [Common.LayoutCmdArgs.LayoutDescription.accordion, Common.LayoutCmdArgs.LayoutDescription.horizontal, Common.LayoutCmdArgs.LayoutDescription.vertical]
[DEBUG] [2:37:47 PM] cmdManifest.swift:84 toCommand() - CMDMANIFEST: Created command: LayoutCommand
[DEBUG] [2:37:47 PM] parseCommand.swift:23 parseCommand(_:) - PARSECOMMAND: Successfully parsed command: LayoutCommand
[DEBUG] [2:37:47 PM] parseCommand.swift:5 parseCommand(_:) - PARSECOMMAND: Parsing command string: 'resize smart +50'
[DEBUG] [2:37:47 PM] parseCommand.swift:11 parseCommand(_:) - PARSECOMMAND: Split into args: ["resize", "smart", "+50"]
[DEBUG] [2:37:47 PM] parseCommand.swift:19 parseCommand(_:) - PARSECOMMAND: Parsing command args: ["resize", "smart", "+50"]
[DEBUG] [2:37:47 PM] parseCmdArgs.swift:3 parseCmdArgs(_:) - PARSECMDARGS: Parsing args: ["resize", "smart", "+50"], subcommand: 'resize'
[DEBUG] [2:37:47 PM] parseCmdArgs.swift:8 parseCmdArgs(_:) - PARSECMDARGS: Found parser for subcommand 'resize'
[DEBUG] [2:37:47 PM] parseCmdArgs.swift:12 parseCmdArgs(_:) - PARSECMDARGS: Successfully parsed to ResizeCmdArgs
[DEBUG] [2:37:47 PM] cmdManifest.swift:5 toCommand() - CMDMANIFEST: Converting CmdArgs to Command - kind: resize
[DEBUG] [2:37:47 PM] cmdManifest.swift:84 toCommand() - CMDMANIFEST: Created command: ResizeCommand
[DEBUG] [2:37:47 PM] parseCommand.swift:23 parseCommand(_:) - PARSECOMMAND: Successfully parsed command: ResizeCommand
[DEBUG] [2:37:47 PM] parseCommand.swift:5 parseCommand(_:) - PARSECOMMAND: Parsing command string: 'focus left'
[DEBUG] [2:37:47 PM] parseCommand.swift:11 parseCommand(_:) - PARSECOMMAND: Split into args: ["focus", "left"]
[DEBUG] [2:37:47 PM] parseCommand.swift:19 parseCommand(_:) - PARSECOMMAND: Parsing command args: ["focus", "left"]
[DEBUG] [2:37:47 PM] parseCmdArgs.swift:3 parseCmdArgs(_:) - PARSECMDARGS: Parsing args: ["focus", "left"], subcommand: 'focus'
[DEBUG] [2:37:47 PM] parseCmdArgs.swift:8 parseCmdArgs(_:) - PARSECMDARGS: Found parser for subcommand 'focus'
[DEBUG] [2:37:47 PM] parseCmdArgs.swift:12 parseCmdArgs(_:) - PARSECMDARGS: Successfully parsed to FocusCmdArgs
[DEBUG] [2:37:47 PM] cmdManifest.swift:5 toCommand() - CMDMANIFEST: Converting CmdArgs to Command - kind: focus
[DEBUG] [2:37:47 PM] cmdManifest.swift:84 toCommand() - CMDMANIFEST: Created command: FocusCommand
[DEBUG] [2:37:47 PM] parseCommand.swift:23 parseCommand(_:) - PARSECOMMAND: Successfully parsed command: FocusCommand
[DEBUG] [2:37:47 PM] parseCommand.swift:5 parseCommand(_:) - PARSECOMMAND: Parsing command string: 'focus down'
[DEBUG] [2:37:47 PM] parseCommand.swift:11 parseCommand(_:) - PARSECOMMAND: Split into args: ["focus", "down"]
[DEBUG] [2:37:47 PM] parseCommand.swift:19 parseCommand(_:) - PARSECOMMAND: Parsing command args: ["focus", "down"]
[DEBUG] [2:37:47 PM] parseCmdArgs.swift:3 parseCmdArgs(_:) - PARSECMDARGS: Parsing args: ["focus", "down"], subcommand: 'focus'
[DEBUG] [2:37:47 PM] parseCmdArgs.swift:8 parseCmdArgs(_:) - PARSECMDARGS: Found parser for subcommand 'focus'
[DEBUG] [2:37:47 PM] parseCmdArgs.swift:12 parseCmdArgs(_:) - PARSECMDARGS: Successfully parsed to FocusCmdArgs
[DEBUG] [2:37:47 PM] cmdManifest.swift:5 toCommand() - CMDMANIFEST: Converting CmdArgs to Command - kind: focus
[DEBUG] [2:37:47 PM] cmdManifest.swift:84 toCommand() - CMDMANIFEST: Created command: FocusCommand
[DEBUG] [2:37:47 PM] parseCommand.swift:23 parseCommand(_:) - PARSECOMMAND: Successfully parsed command: FocusCommand
[DEBUG] [2:37:47 PM] parseCommand.swift:5 parseCommand(_:) - PARSECOMMAND: Parsing command string: 'focus up'
[DEBUG] [2:37:47 PM] parseCommand.swift:11 parseCommand(_:) - PARSECOMMAND: Split into args: ["focus", "up"]
[DEBUG] [2:37:47 PM] parseCommand.swift:19 parseCommand(_:) - PARSECOMMAND: Parsing command args: ["focus", "up"]
[DEBUG] [2:37:47 PM] parseCmdArgs.swift:3 parseCmdArgs(_:) - PARSECMDARGS: Parsing args: ["focus", "up"], subcommand: 'focus'
[DEBUG] [2:37:47 PM] parseCmdArgs.swift:8 parseCmdArgs(_:) - PARSECMDARGS: Found parser for subcommand 'focus'
[DEBUG] [2:37:47 PM] parseCmdArgs.swift:12 parseCmdArgs(_:) - PARSECMDARGS: Successfully parsed to FocusCmdArgs
[DEBUG] [2:37:47 PM] cmdManifest.swift:5 toCommand() - CMDMANIFEST: Converting CmdArgs to Command - kind: focus
[DEBUG] [2:37:47 PM] cmdManifest.swift:84 toCommand() - CMDMANIFEST: Created command: FocusCommand
[DEBUG] [2:37:47 PM] parseCommand.swift:23 parseCommand(_:) - PARSECOMMAND: Successfully parsed command: FocusCommand
[DEBUG] [2:37:47 PM] parseCommand.swift:5 parseCommand(_:) - PARSECOMMAND: Parsing command string: 'focus right'
[DEBUG] [2:37:47 PM] parseCommand.swift:11 parseCommand(_:) - PARSECOMMAND: Split into args: ["focus", "right"]
[DEBUG] [2:37:47 PM] parseCommand.swift:19 parseCommand(_:) - PARSECOMMAND: Parsing command args: ["focus", "right"]
[DEBUG] [2:37:47 PM] parseCmdArgs.swift:3 parseCmdArgs(_:) - PARSECMDARGS: Parsing args: ["focus", "right"], subcommand: 'focus'
[DEBUG] [2:37:47 PM] parseCmdArgs.swift:8 parseCmdArgs(_:) - PARSECMDARGS: Found parser for subcommand 'focus'
[DEBUG] [2:37:47 PM] parseCmdArgs.swift:12 parseCmdArgs(_:) - PARSECMDARGS: Successfully parsed to FocusCmdArgs
[DEBUG] [2:37:47 PM] cmdManifest.swift:5 toCommand() - CMDMANIFEST: Converting CmdArgs to Command - kind: focus
[DEBUG] [2:37:47 PM] cmdManifest.swift:84 toCommand() - CMDMANIFEST: Created command: FocusCommand
[DEBUG] [2:37:47 PM] parseCommand.swift:23 parseCommand(_:) - PARSECOMMAND: Successfully parsed command: FocusCommand
[DEBUG] [2:37:47 PM] parseCommand.swift:5 parseCommand(_:) - PARSECOMMAND: Parsing command string: 'resize smart -50'
[DEBUG] [2:37:47 PM] parseCommand.swift:11 parseCommand(_:) - PARSECOMMAND: Split into args: ["resize", "smart", "-50"]
[DEBUG] [2:37:47 PM] parseCommand.swift:19 parseCommand(_:) - PARSECOMMAND: Parsing command args: ["resize", "smart", "-50"]
[DEBUG] [2:37:47 PM] parseCmdArgs.swift:3 parseCmdArgs(_:) - PARSECMDARGS: Parsing args: ["resize", "smart", "-50"], subcommand: 'resize'
[DEBUG] [2:37:47 PM] parseCmdArgs.swift:8 parseCmdArgs(_:) - PARSECMDARGS: Found parser for subcommand 'resize'
[DEBUG] [2:37:47 PM] parseCmdArgs.swift:12 parseCmdArgs(_:) - PARSECMDARGS: Successfully parsed to ResizeCmdArgs
[DEBUG] [2:37:47 PM] cmdManifest.swift:5 toCommand() - CMDMANIFEST: Converting CmdArgs to Command - kind: resize
[DEBUG] [2:37:47 PM] cmdManifest.swift:84 toCommand() - CMDMANIFEST: Created command: ResizeCommand
[DEBUG] [2:37:47 PM] parseCommand.swift:23 parseCommand(_:) - PARSECOMMAND: Successfully parsed command: ResizeCommand
[DEBUG] [2:37:47 PM] parseCommand.swift:5 parseCommand(_:) - PARSECOMMAND: Parsing command string: 'move-node-to-workspace 1'
[DEBUG] [2:37:47 PM] parseCommand.swift:11 parseCommand(_:) - PARSECOMMAND: Split into args: ["move-node-to-workspace", "1"]
[DEBUG] [2:37:47 PM] parseCommand.swift:19 parseCommand(_:) - PARSECOMMAND: Parsing command args: ["move-node-to-workspace", "1"]
[DEBUG] [2:37:47 PM] parseCmdArgs.swift:3 parseCmdArgs(_:) - PARSECMDARGS: Parsing args: ["move-node-to-workspace", "1"], subcommand: 'move-node-to-workspace'
[DEBUG] [2:37:47 PM] parseCmdArgs.swift:8 parseCmdArgs(_:) - PARSECMDARGS: Found parser for subcommand 'move-node-to-workspace'
[DEBUG] [2:37:47 PM] parseCmdArgs.swift:12 parseCmdArgs(_:) - PARSECMDARGS: Successfully parsed to MoveNodeToWorkspaceCmdArgs
[DEBUG] [2:37:47 PM] cmdManifest.swift:5 toCommand() - CMDMANIFEST: Converting CmdArgs to Command - kind: moveNodeToWorkspace
[DEBUG] [2:37:47 PM] cmdManifest.swift:84 toCommand() - CMDMANIFEST: Created command: MoveNodeToWorkspaceCommand
[DEBUG] [2:37:47 PM] parseCommand.swift:23 parseCommand(_:) - PARSECOMMAND: Successfully parsed command: MoveNodeToWorkspaceCommand
[DEBUG] [2:37:47 PM] parseCommand.swift:5 parseCommand(_:) - PARSECOMMAND: Parsing command string: 'move-node-to-workspace 2'
[DEBUG] [2:37:47 PM] parseCommand.swift:11 parseCommand(_:) - PARSECOMMAND: Split into args: ["move-node-to-workspace", "2"]
[DEBUG] [2:37:47 PM] parseCommand.swift:19 parseCommand(_:) - PARSECOMMAND: Parsing command args: ["move-node-to-workspace", "2"]
[DEBUG] [2:37:47 PM] parseCmdArgs.swift:3 parseCmdArgs(_:) - PARSECMDARGS: Parsing args: ["move-node-to-workspace", "2"], subcommand: 'move-node-to-workspace'
[DEBUG] [2:37:47 PM] parseCmdArgs.swift:8 parseCmdArgs(_:) - PARSECMDARGS: Found parser for subcommand 'move-node-to-workspace'
[DEBUG] [2:37:47 PM] parseCmdArgs.swift:12 parseCmdArgs(_:) - PARSECMDARGS: Successfully parsed to MoveNodeToWorkspaceCmdArgs
[DEBUG] [2:37:47 PM] cmdManifest.swift:5 toCommand() - CMDMANIFEST: Converting CmdArgs to Command - kind: moveNodeToWorkspace
[DEBUG] [2:37:47 PM] cmdManifest.swift:84 toCommand() - CMDMANIFEST: Created command: MoveNodeToWorkspaceCommand
[DEBUG] [2:37:47 PM] parseCommand.swift:23 parseCommand(_:) - PARSECOMMAND: Successfully parsed command: MoveNodeToWorkspaceCommand
[DEBUG] [2:37:47 PM] parseCommand.swift:5 parseCommand(_:) - PARSECOMMAND: Parsing command string: 'move-node-to-workspace 3'
[DEBUG] [2:37:47 PM] parseCommand.swift:11 parseCommand(_:) - PARSECOMMAND: Split into args: ["move-node-to-workspace", "3"]
[DEBUG] [2:37:47 PM] parseCommand.swift:19 parseCommand(_:) - PARSECOMMAND: Parsing command args: ["move-node-to-workspace", "3"]
[DEBUG] [2:37:47 PM] parseCmdArgs.swift:3 parseCmdArgs(_:) - PARSECMDARGS: Parsing args: ["move-node-to-workspace", "3"], subcommand: 'move-node-to-workspace'
[DEBUG] [2:37:47 PM] parseCmdArgs.swift:8 parseCmdArgs(_:) - PARSECMDARGS: Found parser for subcommand 'move-node-to-workspace'
[DEBUG] [2:37:47 PM] parseCmdArgs.swift:12 parseCmdArgs(_:) - PARSECMDARGS: Successfully parsed to MoveNodeToWorkspaceCmdArgs
[DEBUG] [2:37:47 PM] cmdManifest.swift:5 toCommand() - CMDMANIFEST: Converting CmdArgs to Command - kind: moveNodeToWorkspace
[DEBUG] [2:37:47 PM] cmdManifest.swift:84 toCommand() - CMDMANIFEST: Created command: MoveNodeToWorkspaceCommand
[DEBUG] [2:37:47 PM] parseCommand.swift:23 parseCommand(_:) - PARSECOMMAND: Successfully parsed command: MoveNodeToWorkspaceCommand
[DEBUG] [2:37:47 PM] parseCommand.swift:5 parseCommand(_:) - PARSECOMMAND: Parsing command string: 'move-node-to-workspace 4'
[DEBUG] [2:37:47 PM] parseCommand.swift:11 parseCommand(_:) - PARSECOMMAND: Split into args: ["move-node-to-workspace", "4"]
[DEBUG] [2:37:47 PM] parseCommand.swift:19 parseCommand(_:) - PARSECOMMAND: Parsing command args: ["move-node-to-workspace", "4"]
[DEBUG] [2:37:47 PM] parseCmdArgs.swift:3 parseCmdArgs(_:) - PARSECMDARGS: Parsing args: ["move-node-to-workspace", "4"], subcommand: 'move-node-to-workspace'
[DEBUG] [2:37:47 PM] parseCmdArgs.swift:8 parseCmdArgs(_:) - PARSECMDARGS: Found parser for subcommand 'move-node-to-workspace'
[DEBUG] [2:37:47 PM] parseCmdArgs.swift:12 parseCmdArgs(_:) - PARSECMDARGS: Successfully parsed to MoveNodeToWorkspaceCmdArgs
[DEBUG] [2:37:47 PM] cmdManifest.swift:5 toCommand() - CMDMANIFEST: Converting CmdArgs to Command - kind: moveNodeToWorkspace
[DEBUG] [2:37:47 PM] cmdManifest.swift:84 toCommand() - CMDMANIFEST: Created command: MoveNodeToWorkspaceCommand
[DEBUG] [2:37:47 PM] parseCommand.swift:23 parseCommand(_:) - PARSECOMMAND: Successfully parsed command: MoveNodeToWorkspaceCommand
[DEBUG] [2:37:47 PM] parseCommand.swift:5 parseCommand(_:) - PARSECOMMAND: Parsing command string: 'move-node-to-workspace A'
[DEBUG] [2:37:47 PM] parseCommand.swift:11 parseCommand(_:) - PARSECOMMAND: Split into args: ["move-node-to-workspace", "A"]
[DEBUG] [2:37:47 PM] parseCommand.swift:19 parseCommand(_:) - PARSECOMMAND: Parsing command args: ["move-node-to-workspace", "A"]
[DEBUG] [2:37:47 PM] parseCmdArgs.swift:3 parseCmdArgs(_:) - PARSECMDARGS: Parsing args: ["move-node-to-workspace", "A"], subcommand: 'move-node-to-workspace'
[DEBUG] [2:37:47 PM] parseCmdArgs.swift:8 parseCmdArgs(_:) - PARSECMDARGS: Found parser for subcommand 'move-node-to-workspace'
[DEBUG] [2:37:47 PM] parseCmdArgs.swift:12 parseCmdArgs(_:) - PARSECMDARGS: Successfully parsed to MoveNodeToWorkspaceCmdArgs
[DEBUG] [2:37:47 PM] cmdManifest.swift:5 toCommand() - CMDMANIFEST: Converting CmdArgs to Command - kind: moveNodeToWorkspace
[DEBUG] [2:37:47 PM] cmdManifest.swift:84 toCommand() - CMDMANIFEST: Created command: MoveNodeToWorkspaceCommand
[DEBUG] [2:37:47 PM] parseCommand.swift:23 parseCommand(_:) - PARSECOMMAND: Successfully parsed command: MoveNodeToWorkspaceCommand
[DEBUG] [2:37:47 PM] parseCommand.swift:5 parseCommand(_:) - PARSECOMMAND: Parsing command string: 'move left'
[DEBUG] [2:37:47 PM] parseCommand.swift:11 parseCommand(_:) - PARSECOMMAND: Split into args: ["move", "left"]
[DEBUG] [2:37:47 PM] parseCommand.swift:19 parseCommand(_:) - PARSECOMMAND: Parsing command args: ["move", "left"]
[DEBUG] [2:37:47 PM] parseCmdArgs.swift:3 parseCmdArgs(_:) - PARSECMDARGS: Parsing args: ["move", "left"], subcommand: 'move'
[DEBUG] [2:37:47 PM] parseCmdArgs.swift:8 parseCmdArgs(_:) - PARSECMDARGS: Found parser for subcommand 'move'
[DEBUG] [2:37:47 PM] parseCmdArgs.swift:12 parseCmdArgs(_:) - PARSECMDARGS: Successfully parsed to MoveCmdArgs
[DEBUG] [2:37:47 PM] cmdManifest.swift:5 toCommand() - CMDMANIFEST: Converting CmdArgs to Command - kind: move
[DEBUG] [2:37:47 PM] cmdManifest.swift:84 toCommand() - CMDMANIFEST: Created command: MoveCommand
[DEBUG] [2:37:47 PM] parseCommand.swift:23 parseCommand(_:) - PARSECOMMAND: Successfully parsed command: MoveCommand
[DEBUG] [2:37:47 PM] parseCommand.swift:5 parseCommand(_:) - PARSECOMMAND: Parsing command string: 'move down'
[DEBUG] [2:37:47 PM] parseCommand.swift:11 parseCommand(_:) - PARSECOMMAND: Split into args: ["move", "down"]
[DEBUG] [2:37:47 PM] parseCommand.swift:19 parseCommand(_:) - PARSECOMMAND: Parsing command args: ["move", "down"]
[DEBUG] [2:37:47 PM] parseCmdArgs.swift:3 parseCmdArgs(_:) - PARSECMDARGS: Parsing args: ["move", "down"], subcommand: 'move'
[DEBUG] [2:37:47 PM] parseCmdArgs.swift:8 parseCmdArgs(_:) - PARSECMDARGS: Found parser for subcommand 'move'
[DEBUG] [2:37:47 PM] parseCmdArgs.swift:12 parseCmdArgs(_:) - PARSECMDARGS: Successfully parsed to MoveCmdArgs
[DEBUG] [2:37:47 PM] cmdManifest.swift:5 toCommand() - CMDMANIFEST: Converting CmdArgs to Command - kind: move
[DEBUG] [2:37:47 PM] cmdManifest.swift:84 toCommand() - CMDMANIFEST: Created command: MoveCommand
[DEBUG] [2:37:47 PM] parseCommand.swift:23 parseCommand(_:) - PARSECOMMAND: Successfully parsed command: MoveCommand
[DEBUG] [2:37:47 PM] parseCommand.swift:5 parseCommand(_:) - PARSECOMMAND: Parsing command string: 'move up'
[DEBUG] [2:37:47 PM] parseCommand.swift:11 parseCommand(_:) - PARSECOMMAND: Split into args: ["move", "up"]
[DEBUG] [2:37:47 PM] parseCommand.swift:19 parseCommand(_:) - PARSECOMMAND: Parsing command args: ["move", "up"]
[DEBUG] [2:37:47 PM] parseCmdArgs.swift:3 parseCmdArgs(_:) - PARSECMDARGS: Parsing args: ["move", "up"], subcommand: 'move'
[DEBUG] [2:37:47 PM] parseCmdArgs.swift:8 parseCmdArgs(_:) - PARSECMDARGS: Found parser for subcommand 'move'
[DEBUG] [2:37:47 PM] parseCmdArgs.swift:12 parseCmdArgs(_:) - PARSECMDARGS: Successfully parsed to MoveCmdArgs
[DEBUG] [2:37:47 PM] cmdManifest.swift:5 toCommand() - CMDMANIFEST: Converting CmdArgs to Command - kind: move
[DEBUG] [2:37:47 PM] cmdManifest.swift:84 toCommand() - CMDMANIFEST: Created command: MoveCommand
[DEBUG] [2:37:47 PM] parseCommand.swift:23 parseCommand(_:) - PARSECOMMAND: Successfully parsed command: MoveCommand
[DEBUG] [2:37:47 PM] parseCommand.swift:5 parseCommand(_:) - PARSECOMMAND: Parsing command string: 'move right'
[DEBUG] [2:37:47 PM] parseCommand.swift:11 parseCommand(_:) - PARSECOMMAND: Split into args: ["move", "right"]
[DEBUG] [2:37:47 PM] parseCommand.swift:19 parseCommand(_:) - PARSECOMMAND: Parsing command args: ["move", "right"]
[DEBUG] [2:37:47 PM] parseCmdArgs.swift:3 parseCmdArgs(_:) - PARSECMDARGS: Parsing args: ["move", "right"], subcommand: 'move'
[DEBUG] [2:37:47 PM] parseCmdArgs.swift:8 parseCmdArgs(_:) - PARSECMDARGS: Found parser for subcommand 'move'
[DEBUG] [2:37:47 PM] parseCmdArgs.swift:12 parseCmdArgs(_:) - PARSECMDARGS: Successfully parsed to MoveCmdArgs
[DEBUG] [2:37:47 PM] cmdManifest.swift:5 toCommand() - CMDMANIFEST: Converting CmdArgs to Command - kind: move
[DEBUG] [2:37:47 PM] cmdManifest.swift:84 toCommand() - CMDMANIFEST: Created command: MoveCommand
[DEBUG] [2:37:47 PM] parseCommand.swift:23 parseCommand(_:) - PARSECOMMAND: Successfully parsed command: MoveCommand
[DEBUG] [2:37:47 PM] parseCommand.swift:5 parseCommand(_:) - PARSECOMMAND: Parsing command string: 'mode service'
[DEBUG] [2:37:47 PM] parseCommand.swift:11 parseCommand(_:) - PARSECOMMAND: Split into args: ["mode", "service"]
[DEBUG] [2:37:47 PM] parseCommand.swift:19 parseCommand(_:) - PARSECOMMAND: Parsing command args: ["mode", "service"]
[DEBUG] [2:37:47 PM] parseCmdArgs.swift:3 parseCmdArgs(_:) - PARSECMDARGS: Parsing args: ["mode", "service"], subcommand: 'mode'
[DEBUG] [2:37:47 PM] parseCmdArgs.swift:8 parseCmdArgs(_:) - PARSECMDARGS: Found parser for subcommand 'mode'
[DEBUG] [2:37:47 PM] parseCmdArgs.swift:12 parseCmdArgs(_:) - PARSECMDARGS: Successfully parsed to ModeCmdArgs
[DEBUG] [2:37:47 PM] cmdManifest.swift:5 toCommand() - CMDMANIFEST: Converting CmdArgs to Command - kind: mode
[DEBUG] [2:37:47 PM] cmdManifest.swift:84 toCommand() - CMDMANIFEST: Created command: ModeCommand
[DEBUG] [2:37:47 PM] parseCommand.swift:23 parseCommand(_:) - PARSECOMMAND: Successfully parsed command: ModeCommand
[DEBUG] [2:37:47 PM] parseCommand.swift:5 parseCommand(_:) - PARSECOMMAND: Parsing command string: 'move-workspace-to-monitor --wrap-around next'
[DEBUG] [2:37:47 PM] parseCommand.swift:11 parseCommand(_:) - PARSECOMMAND: Split into args: ["move-workspace-to-monitor", "--wrap-around", "next"]
[DEBUG] [2:37:47 PM] parseCommand.swift:19 parseCommand(_:) - PARSECOMMAND: Parsing command args: ["move-workspace-to-monitor", "--wrap-around", "next"]
[DEBUG] [2:37:47 PM] parseCmdArgs.swift:3 parseCmdArgs(_:) - PARSECMDARGS: Parsing args: ["move-workspace-to-monitor", "--wrap-around", "next"], subcommand: 'move-workspace-to-monitor'
[DEBUG] [2:37:47 PM] parseCmdArgs.swift:8 parseCmdArgs(_:) - PARSECMDARGS: Found parser for subcommand 'move-workspace-to-monitor'
[DEBUG] [2:37:47 PM] parseCmdArgs.swift:12 parseCmdArgs(_:) - PARSECMDARGS: Successfully parsed to MoveWorkspaceToMonitorCmdArgs
[DEBUG] [2:37:47 PM] cmdManifest.swift:5 toCommand() - CMDMANIFEST: Converting CmdArgs to Command - kind: moveWorkspaceToMonitor
[DEBUG] [2:37:47 PM] cmdManifest.swift:84 toCommand() - CMDMANIFEST: Created command: MoveWorkspaceToMonitorCommand
[DEBUG] [2:37:47 PM] parseCommand.swift:23 parseCommand(_:) - PARSECOMMAND: Successfully parsed command: MoveWorkspaceToMonitorCommand
[DEBUG] [2:37:47 PM] parseCommand.swift:5 parseCommand(_:) - PARSECOMMAND: Parsing command string: 'layout tiles horizontal vertical'
[DEBUG] [2:37:47 PM] parseCommand.swift:11 parseCommand(_:) - PARSECOMMAND: Split into args: ["layout", "tiles", "horizontal", "vertical"]
[DEBUG] [2:37:47 PM] parseCommand.swift:19 parseCommand(_:) - PARSECOMMAND: Parsing command args: ["layout", "tiles", "horizontal", "vertical"]
[DEBUG] [2:37:47 PM] parseCmdArgs.swift:3 parseCmdArgs(_:) - PARSECMDARGS: Parsing args: ["layout", "tiles", "horizontal", "vertical"], subcommand: 'layout'
[DEBUG] [2:37:47 PM] parseCmdArgs.swift:8 parseCmdArgs(_:) - PARSECMDARGS: Found parser for subcommand 'layout'
[DEBUG] [2:37:47 PM] parseCmdArgs.swift:12 parseCmdArgs(_:) - PARSECMDARGS: Successfully parsed to LayoutCmdArgs
[DEBUG] [2:37:47 PM] cmdManifest.swift:5 toCommand() - CMDMANIFEST: Converting CmdArgs to Command - kind: layout
[DEBUG] [2:37:47 PM] cmdManifest.swift:36 toCommand() - CMDMANIFEST: Creating LayoutCommand with toggleBetween: [Common.LayoutCmdArgs.LayoutDescription.tiles, Common.LayoutCmdArgs.LayoutDescription.horizontal, Common.LayoutCmdArgs.LayoutDescription.vertical]
[DEBUG] [2:37:47 PM] LayoutCommand.swift:9 init(args:) - COMMAND: LayoutCommand initialized with args: [Common.LayoutCmdArgs.LayoutDescription.tiles, Common.LayoutCmdArgs.LayoutDescription.horizontal, Common.LayoutCmdArgs.LayoutDescription.vertical]
[DEBUG] [2:37:47 PM] cmdManifest.swift:84 toCommand() - CMDMANIFEST: Created command: LayoutCommand
[DEBUG] [2:37:47 PM] parseCommand.swift:23 parseCommand(_:) - PARSECOMMAND: Successfully parsed command: LayoutCommand
[DEBUG] [2:37:47 PM] parseCommand.swift:5 parseCommand(_:) - PARSECOMMAND: Parsing command string: 'workspace-back-and-forth'
[DEBUG] [2:37:47 PM] parseCommand.swift:11 parseCommand(_:) - PARSECOMMAND: Split into args: ["workspace-back-and-forth"]
[DEBUG] [2:37:47 PM] parseCommand.swift:19 parseCommand(_:) - PARSECOMMAND: Parsing command args: ["workspace-back-and-forth"]
[DEBUG] [2:37:47 PM] parseCmdArgs.swift:3 parseCmdArgs(_:) - PARSECMDARGS: Parsing args: ["workspace-back-and-forth"], subcommand: 'workspace-back-and-forth'
[DEBUG] [2:37:47 PM] parseCmdArgs.swift:8 parseCmdArgs(_:) - PARSECMDARGS: Found parser for subcommand 'workspace-back-and-forth'
[DEBUG] [2:37:47 PM] parseCmdArgs.swift:12 parseCmdArgs(_:) - PARSECMDARGS: Successfully parsed to WorkspaceBackAndForthCmdArgs
[DEBUG] [2:37:47 PM] cmdManifest.swift:5 toCommand() - CMDMANIFEST: Converting CmdArgs to Command - kind: workspaceBackAndForth
[DEBUG] [2:37:47 PM] cmdManifest.swift:84 toCommand() - CMDMANIFEST: Created command: WorkspaceBackAndForthCommand
[DEBUG] [2:37:47 PM] parseCommand.swift:23 parseCommand(_:) - PARSECOMMAND: Successfully parsed command: WorkspaceBackAndForthCommand
[DEBUG] [2:37:47 PM] parseCommand.swift:5 parseCommand(_:) - PARSECOMMAND: Parsing command string: 'join-with left'
[DEBUG] [2:37:47 PM] parseCommand.swift:11 parseCommand(_:) - PARSECOMMAND: Split into args: ["join-with", "left"]
[DEBUG] [2:37:47 PM] parseCommand.swift:19 parseCommand(_:) - PARSECOMMAND: Parsing command args: ["join-with", "left"]
[DEBUG] [2:37:47 PM] parseCmdArgs.swift:3 parseCmdArgs(_:) - PARSECMDARGS: Parsing args: ["join-with", "left"], subcommand: 'join-with'
[DEBUG] [2:37:47 PM] parseCmdArgs.swift:8 parseCmdArgs(_:) - PARSECMDARGS: Found parser for subcommand 'join-with'
[DEBUG] [2:37:47 PM] parseCmdArgs.swift:12 parseCmdArgs(_:) - PARSECMDARGS: Successfully parsed to JoinWithCmdArgs
[DEBUG] [2:37:47 PM] cmdManifest.swift:5 toCommand() - CMDMANIFEST: Converting CmdArgs to Command - kind: joinWith
[DEBUG] [2:37:47 PM] cmdManifest.swift:84 toCommand() - CMDMANIFEST: Created command: JoinWithCommand
[DEBUG] [2:37:47 PM] parseCommand.swift:23 parseCommand(_:) - PARSECOMMAND: Successfully parsed command: JoinWithCommand
[DEBUG] [2:37:47 PM] parseCommand.swift:5 parseCommand(_:) - PARSECOMMAND: Parsing command string: 'mode main'
[DEBUG] [2:37:47 PM] parseCommand.swift:11 parseCommand(_:) - PARSECOMMAND: Split into args: ["mode", "main"]
[DEBUG] [2:37:47 PM] parseCommand.swift:19 parseCommand(_:) - PARSECOMMAND: Parsing command args: ["mode", "main"]
[DEBUG] [2:37:47 PM] parseCmdArgs.swift:3 parseCmdArgs(_:) - PARSECMDARGS: Parsing args: ["mode", "main"], subcommand: 'mode'
[DEBUG] [2:37:47 PM] parseCmdArgs.swift:8 parseCmdArgs(_:) - PARSECMDARGS: Found parser for subcommand 'mode'
[DEBUG] [2:37:47 PM] parseCmdArgs.swift:12 parseCmdArgs(_:) - PARSECMDARGS: Successfully parsed to ModeCmdArgs
[DEBUG] [2:37:47 PM] cmdManifest.swift:5 toCommand() - CMDMANIFEST: Converting CmdArgs to Command - kind: mode
[DEBUG] [2:37:47 PM] cmdManifest.swift:84 toCommand() - CMDMANIFEST: Created command: ModeCommand
[DEBUG] [2:37:47 PM] parseCommand.swift:23 parseCommand(_:) - PARSECOMMAND: Successfully parsed command: ModeCommand
[DEBUG] [2:37:47 PM] parseCommand.swift:5 parseCommand(_:) - PARSECOMMAND: Parsing command string: 'join-with down'
[DEBUG] [2:37:47 PM] parseCommand.swift:11 parseCommand(_:) - PARSECOMMAND: Split into args: ["join-with", "down"]
[DEBUG] [2:37:47 PM] parseCommand.swift:19 parseCommand(_:) - PARSECOMMAND: Parsing command args: ["join-with", "down"]
[DEBUG] [2:37:47 PM] parseCmdArgs.swift:3 parseCmdArgs(_:) - PARSECMDARGS: Parsing args: ["join-with", "down"], subcommand: 'join-with'
[DEBUG] [2:37:47 PM] parseCmdArgs.swift:8 parseCmdArgs(_:) - PARSECMDARGS: Found parser for subcommand 'join-with'
[DEBUG] [2:37:47 PM] parseCmdArgs.swift:12 parseCmdArgs(_:) - PARSECMDARGS: Successfully parsed to JoinWithCmdArgs
[DEBUG] [2:37:47 PM] cmdManifest.swift:5 toCommand() - CMDMANIFEST: Converting CmdArgs to Command - kind: joinWith
[DEBUG] [2:37:47 PM] cmdManifest.swift:84 toCommand() - CMDMANIFEST: Created command: JoinWithCommand
[DEBUG] [2:37:47 PM] parseCommand.swift:23 parseCommand(_:) - PARSECOMMAND: Successfully parsed command: JoinWithCommand
[DEBUG] [2:37:47 PM] parseCommand.swift:5 parseCommand(_:) - PARSECOMMAND: Parsing command string: 'mode main'
[DEBUG] [2:37:47 PM] parseCommand.swift:11 parseCommand(_:) - PARSECOMMAND: Split into args: ["mode", "main"]
[DEBUG] [2:37:47 PM] parseCommand.swift:19 parseCommand(_:) - PARSECOMMAND: Parsing command args: ["mode", "main"]
[DEBUG] [2:37:47 PM] parseCmdArgs.swift:3 parseCmdArgs(_:) - PARSECMDARGS: Parsing args: ["mode", "main"], subcommand: 'mode'
[DEBUG] [2:37:47 PM] parseCmdArgs.swift:8 parseCmdArgs(_:) - PARSECMDARGS: Found parser for subcommand 'mode'
[DEBUG] [2:37:47 PM] parseCmdArgs.swift:12 parseCmdArgs(_:) - PARSECMDARGS: Successfully parsed to ModeCmdArgs
[DEBUG] [2:37:47 PM] cmdManifest.swift:5 toCommand() - CMDMANIFEST: Converting CmdArgs to Command - kind: mode
[DEBUG] [2:37:47 PM] cmdManifest.swift:84 toCommand() - CMDMANIFEST: Created command: ModeCommand
[DEBUG] [2:37:47 PM] parseCommand.swift:23 parseCommand(_:) - PARSECOMMAND: Successfully parsed command: ModeCommand
[DEBUG] [2:37:47 PM] parseCommand.swift:5 parseCommand(_:) - PARSECOMMAND: Parsing command string: 'join-with up'
[DEBUG] [2:37:47 PM] parseCommand.swift:11 parseCommand(_:) - PARSECOMMAND: Split into args: ["join-with", "up"]
[DEBUG] [2:37:47 PM] parseCommand.swift:19 parseCommand(_:) - PARSECOMMAND: Parsing command args: ["join-with", "up"]
[DEBUG] [2:37:47 PM] parseCmdArgs.swift:3 parseCmdArgs(_:) - PARSECMDARGS: Parsing args: ["join-with", "up"], subcommand: 'join-with'
[DEBUG] [2:37:47 PM] parseCmdArgs.swift:8 parseCmdArgs(_:) - PARSECMDARGS: Found parser for subcommand 'join-with'
[DEBUG] [2:37:47 PM] parseCmdArgs.swift:12 parseCmdArgs(_:) - PARSECMDARGS: Successfully parsed to JoinWithCmdArgs
[DEBUG] [2:37:47 PM] cmdManifest.swift:5 toCommand() - CMDMANIFEST: Converting CmdArgs to Command - kind: joinWith
[DEBUG] [2:37:47 PM] cmdManifest.swift:84 toCommand() - CMDMANIFEST: Created command: JoinWithCommand
[DEBUG] [2:37:47 PM] parseCommand.swift:23 parseCommand(_:) - PARSECOMMAND: Successfully parsed command: JoinWithCommand
[DEBUG] [2:37:47 PM] parseCommand.swift:5 parseCommand(_:) - PARSECOMMAND: Parsing command string: 'mode main'
[DEBUG] [2:37:47 PM] parseCommand.swift:11 parseCommand(_:) - PARSECOMMAND: Split into args: ["mode", "main"]
[DEBUG] [2:37:47 PM] parseCommand.swift:19 parseCommand(_:) - PARSECOMMAND: Parsing command args: ["mode", "main"]
[DEBUG] [2:37:47 PM] parseCmdArgs.swift:3 parseCmdArgs(_:) - PARSECMDARGS: Parsing args: ["mode", "main"], subcommand: 'mode'
[DEBUG] [2:37:47 PM] parseCmdArgs.swift:8 parseCmdArgs(_:) - PARSECMDARGS: Found parser for subcommand 'mode'
[DEBUG] [2:37:47 PM] parseCmdArgs.swift:12 parseCmdArgs(_:) - PARSECMDARGS: Successfully parsed to ModeCmdArgs
[DEBUG] [2:37:47 PM] cmdManifest.swift:5 toCommand() - CMDMANIFEST: Converting CmdArgs to Command - kind: mode
[DEBUG] [2:37:47 PM] cmdManifest.swift:84 toCommand() - CMDMANIFEST: Created command: ModeCommand
[DEBUG] [2:37:47 PM] parseCommand.swift:23 parseCommand(_:) - PARSECOMMAND: Successfully parsed command: ModeCommand
[DEBUG] [2:37:47 PM] parseCommand.swift:5 parseCommand(_:) - PARSECOMMAND: Parsing command string: 'join-with right'
[DEBUG] [2:37:47 PM] parseCommand.swift:11 parseCommand(_:) - PARSECOMMAND: Split into args: ["join-with", "right"]
[DEBUG] [2:37:47 PM] parseCommand.swift:19 parseCommand(_:) - PARSECOMMAND: Parsing command args: ["join-with", "right"]
[DEBUG] [2:37:47 PM] parseCmdArgs.swift:3 parseCmdArgs(_:) - PARSECMDARGS: Parsing args: ["join-with", "right"], subcommand: 'join-with'
[DEBUG] [2:37:47 PM] parseCmdArgs.swift:8 parseCmdArgs(_:) - PARSECMDARGS: Found parser for subcommand 'join-with'
[DEBUG] [2:37:47 PM] parseCmdArgs.swift:12 parseCmdArgs(_:) - PARSECMDARGS: Successfully parsed to JoinWithCmdArgs
[DEBUG] [2:37:47 PM] cmdManifest.swift:5 toCommand() - CMDMANIFEST: Converting CmdArgs to Command - kind: joinWith
[DEBUG] [2:37:47 PM] cmdManifest.swift:84 toCommand() - CMDMANIFEST: Created command: JoinWithCommand
[DEBUG] [2:37:47 PM] parseCommand.swift:23 parseCommand(_:) - PARSECOMMAND: Successfully parsed command: JoinWithCommand
[DEBUG] [2:37:47 PM] parseCommand.swift:5 parseCommand(_:) - PARSECOMMAND: Parsing command string: 'mode main'
[DEBUG] [2:37:47 PM] parseCommand.swift:11 parseCommand(_:) - PARSECOMMAND: Split into args: ["mode", "main"]
[DEBUG] [2:37:47 PM] parseCommand.swift:19 parseCommand(_:) - PARSECOMMAND: Parsing command args: ["mode", "main"]
[DEBUG] [2:37:47 PM] parseCmdArgs.swift:3 parseCmdArgs(_:) - PARSECMDARGS: Parsing args: ["mode", "main"], subcommand: 'mode'
[DEBUG] [2:37:47 PM] parseCmdArgs.swift:8 parseCmdArgs(_:) - PARSECMDARGS: Found parser for subcommand 'mode'
[DEBUG] [2:37:47 PM] parseCmdArgs.swift:12 parseCmdArgs(_:) - PARSECMDARGS: Successfully parsed to ModeCmdArgs
[DEBUG] [2:37:47 PM] cmdManifest.swift:5 toCommand() - CMDMANIFEST: Converting CmdArgs to Command - kind: mode
[DEBUG] [2:37:47 PM] cmdManifest.swift:84 toCommand() - CMDMANIFEST: Created command: ModeCommand
[DEBUG] [2:37:47 PM] parseCommand.swift:23 parseCommand(_:) - PARSECOMMAND: Successfully parsed command: ModeCommand
[DEBUG] [2:37:47 PM] parseCommand.swift:5 parseCommand(_:) - PARSECOMMAND: Parsing command string: 'close-all-windows-but-current'
[DEBUG] [2:37:47 PM] parseCommand.swift:11 parseCommand(_:) - PARSECOMMAND: Split into args: ["close-all-windows-but-current"]
[DEBUG] [2:37:47 PM] parseCommand.swift:19 parseCommand(_:) - PARSECOMMAND: Parsing command args: ["close-all-windows-but-current"]
[DEBUG] [2:37:47 PM] parseCmdArgs.swift:3 parseCmdArgs(_:) - PARSECMDARGS: Parsing args: ["close-all-windows-but-current"], subcommand: 'close-all-windows-but-current'
[DEBUG] [2:37:47 PM] parseCmdArgs.swift:8 parseCmdArgs(_:) - PARSECMDARGS: Found parser for subcommand 'close-all-windows-but-current'
[DEBUG] [2:37:47 PM] parseCmdArgs.swift:12 parseCmdArgs(_:) - PARSECMDARGS: Successfully parsed to CloseAllWindowsButCurrentCmdArgs
[DEBUG] [2:37:47 PM] cmdManifest.swift:5 toCommand() - CMDMANIFEST: Converting CmdArgs to Command - kind: closeAllWindowsButCurrent
[DEBUG] [2:37:47 PM] cmdManifest.swift:84 toCommand() - CMDMANIFEST: Created command: CloseAllWindowsButCurrentCommand
[DEBUG] [2:37:47 PM] parseCommand.swift:23 parseCommand(_:) - PARSECOMMAND: Successfully parsed command: CloseAllWindowsButCurrentCommand
[DEBUG] [2:37:47 PM] parseCommand.swift:5 parseCommand(_:) - PARSECOMMAND: Parsing command string: 'mode main'
[DEBUG] [2:37:47 PM] parseCommand.swift:11 parseCommand(_:) - PARSECOMMAND: Split into args: ["mode", "main"]
[DEBUG] [2:37:47 PM] parseCommand.swift:19 parseCommand(_:) - PARSECOMMAND: Parsing command args: ["mode", "main"]
[DEBUG] [2:37:47 PM] parseCmdArgs.swift:3 parseCmdArgs(_:) - PARSECMDARGS: Parsing args: ["mode", "main"], subcommand: 'mode'
[DEBUG] [2:37:47 PM] parseCmdArgs.swift:8 parseCmdArgs(_:) - PARSECMDARGS: Found parser for subcommand 'mode'
[DEBUG] [2:37:47 PM] parseCmdArgs.swift:12 parseCmdArgs(_:) - PARSECMDARGS: Successfully parsed to ModeCmdArgs
[DEBUG] [2:37:47 PM] cmdManifest.swift:5 toCommand() - CMDMANIFEST: Converting CmdArgs to Command - kind: mode
[DEBUG] [2:37:47 PM] cmdManifest.swift:84 toCommand() - CMDMANIFEST: Created command: ModeCommand
[DEBUG] [2:37:47 PM] parseCommand.swift:23 parseCommand(_:) - PARSECOMMAND: Successfully parsed command: ModeCommand
[DEBUG] [2:37:47 PM] parseCommand.swift:5 parseCommand(_:) - PARSECOMMAND: Parsing command string: 'volume down'
[DEBUG] [2:37:47 PM] parseCommand.swift:11 parseCommand(_:) - PARSECOMMAND: Split into args: ["volume", "down"]
[DEBUG] [2:37:47 PM] parseCommand.swift:19 parseCommand(_:) - PARSECOMMAND: Parsing command args: ["volume", "down"]
[DEBUG] [2:37:47 PM] parseCmdArgs.swift:3 parseCmdArgs(_:) - PARSECMDARGS: Parsing args: ["volume", "down"], subcommand: 'volume'
[DEBUG] [2:37:47 PM] parseCmdArgs.swift:8 parseCmdArgs(_:) - PARSECMDARGS: Found parser for subcommand 'volume'
[DEBUG] [2:37:47 PM] parseCmdArgs.swift:12 parseCmdArgs(_:) - PARSECMDARGS: Successfully parsed to VolumeCmdArgs
[DEBUG] [2:37:47 PM] cmdManifest.swift:5 toCommand() - CMDMANIFEST: Converting CmdArgs to Command - kind: volume
[DEBUG] [2:37:47 PM] cmdManifest.swift:84 toCommand() - CMDMANIFEST: Created command: VolumeCommand
[DEBUG] [2:37:47 PM] parseCommand.swift:23 parseCommand(_:) - PARSECOMMAND: Successfully parsed command: VolumeCommand
[DEBUG] [2:37:47 PM] parseCommand.swift:5 parseCommand(_:) - PARSECOMMAND: Parsing command string: 'reload-config'
[DEBUG] [2:37:47 PM] parseCommand.swift:11 parseCommand(_:) - PARSECOMMAND: Split into args: ["reload-config"]
[DEBUG] [2:37:47 PM] parseCommand.swift:19 parseCommand(_:) - PARSECOMMAND: Parsing command args: ["reload-config"]
[DEBUG] [2:37:47 PM] parseCmdArgs.swift:3 parseCmdArgs(_:) - PARSECMDARGS: Parsing args: ["reload-config"], subcommand: 'reload-config'
[DEBUG] [2:37:47 PM] parseCmdArgs.swift:8 parseCmdArgs(_:) - PARSECMDARGS: Found parser for subcommand 'reload-config'
[DEBUG] [2:37:47 PM] parseCmdArgs.swift:12 parseCmdArgs(_:) - PARSECMDARGS: Successfully parsed to ReloadConfigCmdArgs
[DEBUG] [2:37:47 PM] cmdManifest.swift:5 toCommand() - CMDMANIFEST: Converting CmdArgs to Command - kind: reloadConfig
[DEBUG] [2:37:47 PM] cmdManifest.swift:84 toCommand() - CMDMANIFEST: Created command: ReloadConfigCommand
[DEBUG] [2:37:47 PM] parseCommand.swift:23 parseCommand(_:) - PARSECOMMAND: Successfully parsed command: ReloadConfigCommand
[DEBUG] [2:37:47 PM] parseCommand.swift:5 parseCommand(_:) - PARSECOMMAND: Parsing command string: 'mode main'
[DEBUG] [2:37:47 PM] parseCommand.swift:11 parseCommand(_:) - PARSECOMMAND: Split into args: ["mode", "main"]
[DEBUG] [2:37:47 PM] parseCommand.swift:19 parseCommand(_:) - PARSECOMMAND: Parsing command args: ["mode", "main"]
[DEBUG] [2:37:47 PM] parseCmdArgs.swift:3 parseCmdArgs(_:) - PARSECMDARGS: Parsing args: ["mode", "main"], subcommand: 'mode'
[DEBUG] [2:37:47 PM] parseCmdArgs.swift:8 parseCmdArgs(_:) - PARSECMDARGS: Found parser for subcommand 'mode'
[DEBUG] [2:37:47 PM] parseCmdArgs.swift:12 parseCmdArgs(_:) - PARSECMDARGS: Successfully parsed to ModeCmdArgs
[DEBUG] [2:37:47 PM] cmdManifest.swift:5 toCommand() - CMDMANIFEST: Converting CmdArgs to Command - kind: mode
[DEBUG] [2:37:47 PM] cmdManifest.swift:84 toCommand() - CMDMANIFEST: Created command: ModeCommand
[DEBUG] [2:37:47 PM] parseCommand.swift:23 parseCommand(_:) - PARSECOMMAND: Successfully parsed command: ModeCommand
[DEBUG] [2:37:47 PM] parseCommand.swift:5 parseCommand(_:) - PARSECOMMAND: Parsing command string: 'layout floating tiling'
[DEBUG] [2:37:47 PM] parseCommand.swift:11 parseCommand(_:) - PARSECOMMAND: Split into args: ["layout", "floating", "tiling"]
[DEBUG] [2:37:47 PM] parseCommand.swift:19 parseCommand(_:) - PARSECOMMAND: Parsing command args: ["layout", "floating", "tiling"]
[DEBUG] [2:37:47 PM] parseCmdArgs.swift:3 parseCmdArgs(_:) - PARSECMDARGS: Parsing args: ["layout", "floating", "tiling"], subcommand: 'layout'
[DEBUG] [2:37:47 PM] parseCmdArgs.swift:8 parseCmdArgs(_:) - PARSECMDARGS: Found parser for subcommand 'layout'
[DEBUG] [2:37:47 PM] parseCmdArgs.swift:12 parseCmdArgs(_:) - PARSECMDARGS: Successfully parsed to LayoutCmdArgs
[DEBUG] [2:37:47 PM] cmdManifest.swift:5 toCommand() - CMDMANIFEST: Converting CmdArgs to Command - kind: layout
[DEBUG] [2:37:47 PM] cmdManifest.swift:36 toCommand() - CMDMANIFEST: Creating LayoutCommand with toggleBetween: [Common.LayoutCmdArgs.LayoutDescription.floating, Common.LayoutCmdArgs.LayoutDescription.tiling]
[DEBUG] [2:37:47 PM] LayoutCommand.swift:9 init(args:) - COMMAND: LayoutCommand initialized with args: [Common.LayoutCmdArgs.LayoutDescription.floating, Common.LayoutCmdArgs.LayoutDescription.tiling]
[DEBUG] [2:37:47 PM] cmdManifest.swift:84 toCommand() - CMDMANIFEST: Created command: LayoutCommand
[DEBUG] [2:37:47 PM] parseCommand.swift:23 parseCommand(_:) - PARSECOMMAND: Successfully parsed command: LayoutCommand
[DEBUG] [2:37:47 PM] parseCommand.swift:5 parseCommand(_:) - PARSECOMMAND: Parsing command string: 'mode main'
[DEBUG] [2:37:47 PM] parseCommand.swift:11 parseCommand(_:) - PARSECOMMAND: Split into args: ["mode", "main"]
[DEBUG] [2:37:47 PM] parseCommand.swift:19 parseCommand(_:) - PARSECOMMAND: Parsing command args: ["mode", "main"]
[DEBUG] [2:37:47 PM] parseCmdArgs.swift:3 parseCmdArgs(_:) - PARSECMDARGS: Parsing args: ["mode", "main"], subcommand: 'mode'
[DEBUG] [2:37:47 PM] parseCmdArgs.swift:8 parseCmdArgs(_:) - PARSECMDARGS: Found parser for subcommand 'mode'
[DEBUG] [2:37:47 PM] parseCmdArgs.swift:12 parseCmdArgs(_:) - PARSECMDARGS: Successfully parsed to ModeCmdArgs
[DEBUG] [2:37:47 PM] cmdManifest.swift:5 toCommand() - CMDMANIFEST: Converting CmdArgs to Command - kind: mode
[DEBUG] [2:37:47 PM] cmdManifest.swift:84 toCommand() - CMDMANIFEST: Created command: ModeCommand
[DEBUG] [2:37:47 PM] parseCommand.swift:23 parseCommand(_:) - PARSECOMMAND: Successfully parsed command: ModeCommand
[DEBUG] [2:37:47 PM] parseCommand.swift:5 parseCommand(_:) - PARSECOMMAND: Parsing command string: 'flatten-workspace-tree'
[DEBUG] [2:37:47 PM] parseCommand.swift:11 parseCommand(_:) - PARSECOMMAND: Split into args: ["flatten-workspace-tree"]
[DEBUG] [2:37:47 PM] parseCommand.swift:19 parseCommand(_:) - PARSECOMMAND: Parsing command args: ["flatten-workspace-tree"]
[DEBUG] [2:37:47 PM] parseCmdArgs.swift:3 parseCmdArgs(_:) - PARSECMDARGS: Parsing args: ["flatten-workspace-tree"], subcommand: 'flatten-workspace-tree'
[DEBUG] [2:37:47 PM] parseCmdArgs.swift:8 parseCmdArgs(_:) - PARSECMDARGS: Found parser for subcommand 'flatten-workspace-tree'
[DEBUG] [2:37:47 PM] parseCmdArgs.swift:12 parseCmdArgs(_:) - PARSECMDARGS: Successfully parsed to FlattenWorkspaceTreeCmdArgs
[DEBUG] [2:37:47 PM] cmdManifest.swift:5 toCommand() - CMDMANIFEST: Converting CmdArgs to Command - kind: flattenWorkspaceTree
[DEBUG] [2:37:47 PM] cmdManifest.swift:84 toCommand() - CMDMANIFEST: Created command: FlattenWorkspaceTreeCommand
[DEBUG] [2:37:47 PM] parseCommand.swift:23 parseCommand(_:) - PARSECOMMAND: Successfully parsed command: FlattenWorkspaceTreeCommand
[DEBUG] [2:37:47 PM] parseCommand.swift:5 parseCommand(_:) - PARSECOMMAND: Parsing command string: 'mode main'
[DEBUG] [2:37:47 PM] parseCommand.swift:11 parseCommand(_:) - PARSECOMMAND: Split into args: ["mode", "main"]
[DEBUG] [2:37:47 PM] parseCommand.swift:19 parseCommand(_:) - PARSECOMMAND: Parsing command args: ["mode", "main"]
[DEBUG] [2:37:47 PM] parseCmdArgs.swift:3 parseCmdArgs(_:) - PARSECMDARGS: Parsing args: ["mode", "main"], subcommand: 'mode'
[DEBUG] [2:37:47 PM] parseCmdArgs.swift:8 parseCmdArgs(_:) - PARSECMDARGS: Found parser for subcommand 'mode'
[DEBUG] [2:37:47 PM] parseCmdArgs.swift:12 parseCmdArgs(_:) - PARSECMDARGS: Successfully parsed to ModeCmdArgs
[DEBUG] [2:37:47 PM] cmdManifest.swift:5 toCommand() - CMDMANIFEST: Converting CmdArgs to Command - kind: mode
[DEBUG] [2:37:47 PM] cmdManifest.swift:84 toCommand() - CMDMANIFEST: Created command: ModeCommand
[DEBUG] [2:37:47 PM] parseCommand.swift:23 parseCommand(_:) - PARSECOMMAND: Successfully parsed command: ModeCommand
[DEBUG] [2:37:47 PM] parseCommand.swift:5 parseCommand(_:) - PARSECOMMAND: Parsing command string: 'volume set 0'
[DEBUG] [2:37:47 PM] parseCommand.swift:11 parseCommand(_:) - PARSECOMMAND: Split into args: ["volume", "set", "0"]
[DEBUG] [2:37:47 PM] parseCommand.swift:19 parseCommand(_:) - PARSECOMMAND: Parsing command args: ["volume", "set", "0"]
[DEBUG] [2:37:47 PM] parseCmdArgs.swift:3 parseCmdArgs(_:) - PARSECMDARGS: Parsing args: ["volume", "set", "0"], subcommand: 'volume'
[DEBUG] [2:37:47 PM] parseCmdArgs.swift:8 parseCmdArgs(_:) - PARSECMDARGS: Found parser for subcommand 'volume'
[DEBUG] [2:37:47 PM] parseCmdArgs.swift:12 parseCmdArgs(_:) - PARSECMDARGS: Successfully parsed to VolumeCmdArgs
[DEBUG] [2:37:47 PM] cmdManifest.swift:5 toCommand() - CMDMANIFEST: Converting CmdArgs to Command - kind: volume
[DEBUG] [2:37:47 PM] cmdManifest.swift:84 toCommand() - CMDMANIFEST: Created command: VolumeCommand
[DEBUG] [2:37:47 PM] parseCommand.swift:23 parseCommand(_:) - PARSECOMMAND: Successfully parsed command: VolumeCommand
[DEBUG] [2:37:47 PM] parseCommand.swift:5 parseCommand(_:) - PARSECOMMAND: Parsing command string: 'mode main'
[DEBUG] [2:37:47 PM] parseCommand.swift:11 parseCommand(_:) - PARSECOMMAND: Split into args: ["mode", "main"]
[DEBUG] [2:37:47 PM] parseCommand.swift:19 parseCommand(_:) - PARSECOMMAND: Parsing command args: ["mode", "main"]
[DEBUG] [2:37:47 PM] parseCmdArgs.swift:3 parseCmdArgs(_:) - PARSECMDARGS: Parsing args: ["mode", "main"], subcommand: 'mode'
[DEBUG] [2:37:47 PM] parseCmdArgs.swift:8 parseCmdArgs(_:) - PARSECMDARGS: Found parser for subcommand 'mode'
[DEBUG] [2:37:47 PM] parseCmdArgs.swift:12 parseCmdArgs(_:) - PARSECMDARGS: Successfully parsed to ModeCmdArgs
[DEBUG] [2:37:47 PM] cmdManifest.swift:5 toCommand() - CMDMANIFEST: Converting CmdArgs to Command - kind: mode
[DEBUG] [2:37:47 PM] cmdManifest.swift:84 toCommand() - CMDMANIFEST: Created command: ModeCommand
[DEBUG] [2:37:47 PM] parseCommand.swift:23 parseCommand(_:) - PARSECOMMAND: Successfully parsed command: ModeCommand
[DEBUG] [2:37:47 PM] parseCommand.swift:5 parseCommand(_:) - PARSECOMMAND: Parsing command string: 'volume up'
[DEBUG] [2:37:47 PM] parseCommand.swift:11 parseCommand(_:) - PARSECOMMAND: Split into args: ["volume", "up"]
[DEBUG] [2:37:47 PM] parseCommand.swift:19 parseCommand(_:) - PARSECOMMAND: Parsing command args: ["volume", "up"]
[DEBUG] [2:37:47 PM] parseCmdArgs.swift:3 parseCmdArgs(_:) - PARSECMDARGS: Parsing args: ["volume", "up"], subcommand: 'volume'
[DEBUG] [2:37:47 PM] parseCmdArgs.swift:8 parseCmdArgs(_:) - PARSECMDARGS: Found parser for subcommand 'volume'
[DEBUG] [2:37:47 PM] parseCmdArgs.swift:12 parseCmdArgs(_:) - PARSECMDARGS: Successfully parsed to VolumeCmdArgs
[DEBUG] [2:37:47 PM] cmdManifest.swift:5 toCommand() - CMDMANIFEST: Converting CmdArgs to Command - kind: volume
[DEBUG] [2:37:47 PM] cmdManifest.swift:84 toCommand() - CMDMANIFEST: Created command: VolumeCommand
[DEBUG] [2:37:47 PM] parseCommand.swift:23 parseCommand(_:) - PARSECOMMAND: Successfully parsed command: VolumeCommand
[DEBUG] [2:37:52 PM] RefreshDebouncer.swift:25 debounce(event:screenIsDefinitelyUnlocked:optimisticallyPreLayoutWorkspaces:) - DEBOUNCE: Using fixed delay 50.0ms for event: globalObserverLeftMouseUp
[DEBUG] [2:37:52 PM] RefreshDebouncer.swift:47 debounceWithFixedDelay(event:screenIsDefinitelyUnlocked:optimisticallyPreLayoutWorkspaces:) - DEBOUNCE: Task scheduled, will wait 50.0ms
[DEBUG] [2:37:52 PM] RefreshDebouncer.swift:58 debounceWithFixedDelay(event:screenIsDefinitelyUnlocked:optimisticallyPreLayoutWorkspaces:) - DEBOUNCE: Executing refresh after 54.10802364349365ms
[DEBUG] [2:37:52 PM] refresh.swift:51 runRefreshSessionBlocking(_:layoutWorkspaces:optimisticallyPreLayoutWorkspaces:) - REFRESH: Starting blocking refresh for event: globalObserverLeftMouseUp
[DEBUG] [2:37:53 PM] refresh.swift:57 runRefreshSessionBlocking(_:layoutWorkspaces:optimisticallyPreLayoutWorkspaces:) - REFRESH: Completed blocking refresh in 31.9ms
[DEBUG] [2:38:09 PM] RefreshDebouncer.swift:25 debounce(event:screenIsDefinitelyUnlocked:optimisticallyPreLayoutWorkspaces:) - DEBOUNCE: Using fixed delay 50.0ms for event: globalObserverLeftMouseUp
[DEBUG] [2:38:09 PM] RefreshDebouncer.swift:47 debounceWithFixedDelay(event:screenIsDefinitelyUnlocked:optimisticallyPreLayoutWorkspaces:) - DEBOUNCE: Task scheduled, will wait 50.0ms
[DEBUG] [2:38:09 PM] RefreshDebouncer.swift:58 debounceWithFixedDelay(event:screenIsDefinitelyUnlocked:optimisticallyPreLayoutWorkspaces:) - DEBOUNCE: Executing refresh after 54.759979248046875ms
[DEBUG] [2:38:09 PM] refresh.swift:51 runRefreshSessionBlocking(_:layoutWorkspaces:optimisticallyPreLayoutWorkspaces:) - REFRESH: Starting blocking refresh for event: globalObserverLeftMouseUp
[DEBUG] [2:38:09 PM] refresh.swift:57 runRefreshSessionBlocking(_:layoutWorkspaces:optimisticallyPreLayoutWorkspaces:) - REFRESH: Completed blocking refresh in 26.8ms
[DEBUG] [2:39:18 PM] RefreshDebouncer.swift:25 debounce(event:screenIsDefinitelyUnlocked:optimisticallyPreLayoutWorkspaces:) - DEBOUNCE: Using fixed delay 50.0ms for event: globalObserver(NSWorkspaceDidActivateApplicationNotification)
[DEBUG] [2:39:18 PM] RefreshDebouncer.swift:47 debounceWithFixedDelay(event:screenIsDefinitelyUnlocked:optimisticallyPreLayoutWorkspaces:) - DEBOUNCE: Task scheduled, will wait 50.0ms
[DEBUG] [2:39:18 PM] RefreshDebouncer.swift:58 debounceWithFixedDelay(event:screenIsDefinitelyUnlocked:optimisticallyPreLayoutWorkspaces:) - DEBOUNCE: Executing refresh after 51.957011222839355ms
[DEBUG] [2:39:18 PM] refresh.swift:51 runRefreshSessionBlocking(_:layoutWorkspaces:optimisticallyPreLayoutWorkspaces:) - REFRESH: Starting blocking refresh for event: globalObserver(NSWorkspaceDidActivateApplicationNotification)
[DEBUG] [2:39:18 PM] refresh.swift:57 runRefreshSessionBlocking(_:layoutWorkspaces:optimisticallyPreLayoutWorkspaces:) - REFRESH: Completed blocking refresh in 24.3ms
[DEBUG] [2:39:18 PM] RefreshDebouncer.swift:25 debounce(event:screenIsDefinitelyUnlocked:optimisticallyPreLayoutWorkspaces:) - DEBOUNCE: Using fixed delay 50.0ms for event: globalObserverLeftMouseUp
[DEBUG] [2:39:18 PM] RefreshDebouncer.swift:47 debounceWithFixedDelay(event:screenIsDefinitelyUnlocked:optimisticallyPreLayoutWorkspaces:) - DEBOUNCE: Task scheduled, will wait 50.0ms
[DEBUG] [2:39:18 PM] RefreshDebouncer.swift:58 debounceWithFixedDelay(event:screenIsDefinitelyUnlocked:optimisticallyPreLayoutWorkspaces:) - DEBOUNCE: Executing refresh after 55.21702766418457ms
[DEBUG] [2:39:18 PM] refresh.swift:51 runRefreshSessionBlocking(_:layoutWorkspaces:optimisticallyPreLayoutWorkspaces:) - REFRESH: Starting blocking refresh for event: globalObserverLeftMouseUp
[DEBUG] [2:39:18 PM] refresh.swift:57 runRefreshSessionBlocking(_:layoutWorkspaces:optimisticallyPreLayoutWorkspaces:) - REFRESH: Completed blocking refresh in 24.3ms
[DEBUG] [2:39:19 PM] RefreshDebouncer.swift:25 debounce(event:screenIsDefinitelyUnlocked:optimisticallyPreLayoutWorkspaces:) - DEBOUNCE: Using fixed delay 50.0ms for event: ax(AXFocusedWindowChanged)
[DEBUG] [2:39:19 PM] RefreshDebouncer.swift:47 debounceWithFixedDelay(event:screenIsDefinitelyUnlocked:optimisticallyPreLayoutWorkspaces:) - DEBOUNCE: Task scheduled, will wait 50.0ms
[DEBUG] [2:39:19 PM] RefreshDebouncer.swift:58 debounceWithFixedDelay(event:screenIsDefinitelyUnlocked:optimisticallyPreLayoutWorkspaces:) - DEBOUNCE: Executing refresh after 55.24802207946777ms
[DEBUG] [2:39:19 PM] refresh.swift:51 runRefreshSessionBlocking(_:layoutWorkspaces:optimisticallyPreLayoutWorkspaces:) - REFRESH: Starting blocking refresh for event: ax(AXFocusedWindowChanged)
[DEBUG] [2:39:19 PM] refresh.swift:57 runRefreshSessionBlocking(_:layoutWorkspaces:optimisticallyPreLayoutWorkspaces:) - REFRESH: Completed blocking refresh in 28.8ms
[DEBUG] [2:39:19 PM] RefreshDebouncer.swift:25 debounce(event:screenIsDefinitelyUnlocked:optimisticallyPreLayoutWorkspaces:) - DEBOUNCE: Using fixed delay 50.0ms for event: globalObserverLeftMouseUp
[DEBUG] [2:39:19 PM] RefreshDebouncer.swift:47 debounceWithFixedDelay(event:screenIsDefinitelyUnlocked:optimisticallyPreLayoutWorkspaces:) - DEBOUNCE: Task scheduled, will wait 50.0ms
[DEBUG] [2:39:19 PM] RefreshDebouncer.swift:58 debounceWithFixedDelay(event:screenIsDefinitelyUnlocked:optimisticallyPreLayoutWorkspaces:) - DEBOUNCE: Executing refresh after 55.28295040130615ms
[DEBUG] [2:39:19 PM] refresh.swift:51 runRefreshSessionBlocking(_:layoutWorkspaces:optimisticallyPreLayoutWorkspaces:) - REFRESH: Starting blocking refresh for event: globalObserverLeftMouseUp
[DEBUG] [2:39:19 PM] refresh.swift:57 runRefreshSessionBlocking(_:layoutWorkspaces:optimisticallyPreLayoutWorkspaces:) - REFRESH: Completed blocking refresh in 28.4ms
[DEBUG] [2:39:20 PM] HotkeyBinding.swift:37 activateMode(_:) - HOTKEY: alt-shift-h pressed
[DEBUG] [2:39:20 PM] HotkeyBinding.swift:41 activateMode(_:) - HOTKEY: Will execute 1 command(s)
[DEBUG] [2:39:20 PM] refresh.swift:86 runSession(_:_:body:) - SESSION: Starting session for event: hotkeyBinding
[DEBUG] [2:39:20 PM] refresh.swift:106 runSession(_:_:body:) - SESSION: Executing body
[DEBUG] [2:39:20 PM] Command.swift:43 runCmdSeq(_:_:) - CMDSEQ: Running 1 command(s)
[DEBUG] [2:39:20 PM] Command.swift:47 runCmdSeq(_:_:) - CMDSEQ: Executing command 1/1: MoveCommand
[DEBUG] [2:39:20 PM] MoveCommand.swift:10 run(_:_:) - COMMAND: MoveCommand starting - direction: left
[DEBUG] [2:39:20 PM] MoveCommand.swift:26 run(_:_:) - COMMAND: Moving window: 42803
[DEBUG] [2:39:20 PM] MoveCommand.swift:46 run(_:_:) - COMMAND: Moving out of current container
[DEBUG] [2:39:20 PM] MoveCommand.swift:23 run(_:_:) - COMMAND: MoveCommand completed in 3.8ms
[DEBUG] [2:39:20 PM] Command.swift:50 runCmdSeq(_:_:) - CMDSEQ: Command MoveCommand returned: true
[DEBUG] [2:39:20 PM] Command.swift:53 runCmdSeq(_:_:) - CMDSEQ: Sequence completed with overall success: true
[DEBUG] [2:39:20 PM] refresh.swift:92 runSession(_:_:body:) - SESSION: Completed in 22.5ms
[DEBUG] [2:39:20 PM] HotkeyBinding.swift:50 activateMode(_:) - HOTKEY: Completed in 24.0ms
[DEBUG] [2:39:20 PM] refresh.swift:51 runRefreshSessionBlocking(_:layoutWorkspaces:optimisticallyPreLayoutWorkspaces:) - REFRESH: Starting blocking refresh for event: hotkeyBinding
[DEBUG] [2:39:20 PM] RefreshDebouncer.swift:25 debounce(event:screenIsDefinitelyUnlocked:optimisticallyPreLayoutWorkspaces:) - DEBOUNCE: Using fixed delay 50.0ms for event: ax(AXResized)
[DEBUG] [2:39:20 PM] RefreshDebouncer.swift:47 debounceWithFixedDelay(event:screenIsDefinitelyUnlocked:optimisticallyPreLayoutWorkspaces:) - DEBOUNCE: Task scheduled, will wait 50.0ms
[DEBUG] [2:39:20 PM] RefreshDebouncer.swift:25 debounce(event:screenIsDefinitelyUnlocked:optimisticallyPreLayoutWorkspaces:) - DEBOUNCE: Using fixed delay 50.0ms for event: ax(AXMoved)
[DEBUG] [2:39:20 PM] RefreshDebouncer.swift:47 debounceWithFixedDelay(event:screenIsDefinitelyUnlocked:optimisticallyPreLayoutWorkspaces:) - DEBOUNCE: Task scheduled, will wait 50.0ms
[DEBUG] [2:39:20 PM] RefreshDebouncer.swift:54 debounceWithFixedDelay(event:screenIsDefinitelyUnlocked:optimisticallyPreLayoutWorkspaces:) - DEBOUNCE: Task cancelled after 7.34102725982666ms
[DEBUG] [2:39:20 PM] RefreshDebouncer.swift:25 debounce(event:screenIsDefinitelyUnlocked:optimisticallyPreLayoutWorkspaces:) - DEBOUNCE: Using fixed delay 50.0ms for event: ax(AXResized)
[DEBUG] [2:39:20 PM] RefreshDebouncer.swift:25 debounce(event:screenIsDefinitelyUnlocked:optimisticallyPreLayoutWorkspaces:) - DEBOUNCE: Using fixed delay 50.0ms for event: ax(AXResized)
[DEBUG] [2:39:20 PM] RefreshDebouncer.swift:25 debounce(event:screenIsDefinitelyUnlocked:optimisticallyPreLayoutWorkspaces:) - DEBOUNCE: Using fixed delay 50.0ms for event: ax(AXMoved)
[DEBUG] [2:39:20 PM] RefreshDebouncer.swift:25 debounce(event:screenIsDefinitelyUnlocked:optimisticallyPreLayoutWorkspaces:) - DEBOUNCE: Using fixed delay 50.0ms for event: ax(AXResized)
[DEBUG] [2:39:20 PM] RefreshDebouncer.swift:25 debounce(event:screenIsDefinitelyUnlocked:optimisticallyPreLayoutWorkspaces:) - DEBOUNCE: Using fixed delay 50.0ms for event: ax(AXMoved)
[DEBUG] [2:39:20 PM] RefreshDebouncer.swift:25 debounce(event:screenIsDefinitelyUnlocked:optimisticallyPreLayoutWorkspaces:) - DEBOUNCE: Using fixed delay 50.0ms for event: ax(AXResized)
[DEBUG] [2:39:20 PM] RefreshDebouncer.swift:47 debounceWithFixedDelay(event:screenIsDefinitelyUnlocked:optimisticallyPreLayoutWorkspaces:) - DEBOUNCE: Task scheduled, will wait 50.0ms
[DEBUG] [2:39:20 PM] RefreshDebouncer.swift:54 debounceWithFixedDelay(event:screenIsDefinitelyUnlocked:optimisticallyPreLayoutWorkspaces:) - DEBOUNCE: Task cancelled after 29.880046844482422ms
[DEBUG] [2:39:20 PM] RefreshDebouncer.swift:47 debounceWithFixedDelay(event:screenIsDefinitelyUnlocked:optimisticallyPreLayoutWorkspaces:) - DEBOUNCE: Task scheduled, will wait 50.0ms
[DEBUG] [2:39:20 PM] RefreshDebouncer.swift:47 debounceWithFixedDelay(event:screenIsDefinitelyUnlocked:optimisticallyPreLayoutWorkspaces:) - DEBOUNCE: Task scheduled, will wait 50.0ms
[DEBUG] [2:39:20 PM] RefreshDebouncer.swift:47 debounceWithFixedDelay(event:screenIsDefinitelyUnlocked:optimisticallyPreLayoutWorkspaces:) - DEBOUNCE: Task scheduled, will wait 50.0ms
[DEBUG] [2:39:20 PM] RefreshDebouncer.swift:47 debounceWithFixedDelay(event:screenIsDefinitelyUnlocked:optimisticallyPreLayoutWorkspaces:) - DEBOUNCE: Task scheduled, will wait 50.0ms
[DEBUG] [2:39:20 PM] RefreshDebouncer.swift:47 debounceWithFixedDelay(event:screenIsDefinitelyUnlocked:optimisticallyPreLayoutWorkspaces:) - DEBOUNCE: Task scheduled, will wait 50.0ms
[DEBUG] [2:39:20 PM] RefreshDebouncer.swift:54 debounceWithFixedDelay(event:screenIsDefinitelyUnlocked:optimisticallyPreLayoutWorkspaces:) - DEBOUNCE: Task cancelled after 0.45096874237060547ms
[DEBUG] [2:39:20 PM] RefreshDebouncer.swift:54 debounceWithFixedDelay(event:screenIsDefinitelyUnlocked:optimisticallyPreLayoutWorkspaces:) - DEBOUNCE: Task cancelled after 0.2950429916381836ms
[DEBUG] [2:39:20 PM] RefreshDebouncer.swift:54 debounceWithFixedDelay(event:screenIsDefinitelyUnlocked:optimisticallyPreLayoutWorkspaces:) - DEBOUNCE: Task cancelled after 0.2809762954711914ms
[DEBUG] [2:39:20 PM] RefreshDebouncer.swift:54 debounceWithFixedDelay(event:screenIsDefinitelyUnlocked:optimisticallyPreLayoutWorkspaces:) - DEBOUNCE: Task cancelled after 0.26702880859375ms
[DEBUG] [2:39:20 PM] RefreshDebouncer.swift:54 debounceWithFixedDelay(event:screenIsDefinitelyUnlocked:optimisticallyPreLayoutWorkspaces:) - DEBOUNCE: Task cancelled after 0.2589225769042969ms
[DEBUG] [2:39:20 PM] refresh.swift:57 runRefreshSessionBlocking(_:layoutWorkspaces:optimisticallyPreLayoutWorkspaces:) - REFRESH: Completed blocking refresh in 110.3ms
[DEBUG] [2:39:20 PM] RefreshDebouncer.swift:58 debounceWithFixedDelay(event:screenIsDefinitelyUnlocked:optimisticallyPreLayoutWorkspaces:) - DEBOUNCE: Executing refresh after 52.5130033493042ms
[DEBUG] [2:39:20 PM] refresh.swift:51 runRefreshSessionBlocking(_:layoutWorkspaces:optimisticallyPreLayoutWorkspaces:) - REFRESH: Starting blocking refresh for event: ax(AXResized)
[DEBUG] [2:39:20 PM] refresh.swift:57 runRefreshSessionBlocking(_:layoutWorkspaces:optimisticallyPreLayoutWorkspaces:) - REFRESH: Completed blocking refresh in 23.2ms
[DEBUG] [2:39:30 PM] RefreshDebouncer.swift:25 debounce(event:screenIsDefinitelyUnlocked:optimisticallyPreLayoutWorkspaces:) - DEBOUNCE: Using fixed delay 50.0ms for event: globalObserver(NSWorkspaceDidActivateApplicationNotification)
[DEBUG] [2:39:30 PM] RefreshDebouncer.swift:47 debounceWithFixedDelay(event:screenIsDefinitelyUnlocked:optimisticallyPreLayoutWorkspaces:) - DEBOUNCE: Task scheduled, will wait 50.0ms
[DEBUG] [2:39:30 PM] RefreshDebouncer.swift:25 debounce(event:screenIsDefinitelyUnlocked:optimisticallyPreLayoutWorkspaces:) - DEBOUNCE: Using fixed delay 50.0ms for event: ax(AXFocusedWindowChanged)
[DEBUG] [2:39:30 PM] RefreshDebouncer.swift:47 debounceWithFixedDelay(event:screenIsDefinitelyUnlocked:optimisticallyPreLayoutWorkspaces:) - DEBOUNCE: Task scheduled, will wait 50.0ms
[DEBUG] [2:39:30 PM] RefreshDebouncer.swift:54 debounceWithFixedDelay(event:screenIsDefinitelyUnlocked:optimisticallyPreLayoutWorkspaces:) - DEBOUNCE: Task cancelled after 9.401082992553711ms
[DEBUG] [2:39:30 PM] RefreshDebouncer.swift:58 debounceWithFixedDelay(event:screenIsDefinitelyUnlocked:optimisticallyPreLayoutWorkspaces:) - DEBOUNCE: Executing refresh after 51.84590816497803ms
[DEBUG] [2:39:30 PM] refresh.swift:51 runRefreshSessionBlocking(_:layoutWorkspaces:optimisticallyPreLayoutWorkspaces:) - REFRESH: Starting blocking refresh for event: ax(AXFocusedWindowChanged)
[DEBUG] [2:39:30 PM] refresh.swift:86 runSession(_:_:body:) - SESSION: Starting session for event: globalObserverLeftMouseUp
[DEBUG] [2:39:30 PM] refresh.swift:57 runRefreshSessionBlocking(_:layoutWorkspaces:optimisticallyPreLayoutWorkspaces:) - REFRESH: Completed blocking refresh in 43.0ms
[DEBUG] [2:39:30 PM] refresh.swift:106 runSession(_:_:body:) - SESSION: Executing body
[DEBUG] [2:39:30 PM] refresh.swift:86 runSession(_:_:body:) - SESSION: Starting session for event: onFocusedMonitorChanged
[DEBUG] [2:39:30 PM] refresh.swift:92 runSession(_:_:body:) - SESSION: Completed in 37.3ms
[DEBUG] [2:39:30 PM] refresh.swift:51 runRefreshSessionBlocking(_:layoutWorkspaces:optimisticallyPreLayoutWorkspaces:) - REFRESH: Starting blocking refresh for event: globalObserverLeftMouseUp
[DEBUG] [2:39:30 PM] refresh.swift:106 runSession(_:_:body:) - SESSION: Executing body
[DEBUG] [2:39:30 PM] Command.swift:43 runCmdSeq(_:_:) - CMDSEQ: Running 1 command(s)
[DEBUG] [2:39:30 PM] Command.swift:47 runCmdSeq(_:_:) - CMDSEQ: Executing command 1/1: MoveMouseCommand
[DEBUG] [2:39:30 PM] Command.swift:50 runCmdSeq(_:_:) - CMDSEQ: Command MoveMouseCommand returned: true
[DEBUG] [2:39:30 PM] Command.swift:53 runCmdSeq(_:_:) - CMDSEQ: Sequence completed with overall success: true
[DEBUG] [2:39:30 PM] refresh.swift:92 runSession(_:_:body:) - SESSION: Completed in 63.1ms
[DEBUG] [2:39:30 PM] refresh.swift:57 runRefreshSessionBlocking(_:layoutWorkspaces:optimisticallyPreLayoutWorkspaces:) - REFRESH: Completed blocking refresh in 51.0ms
[DEBUG] [2:39:30 PM] refresh.swift:51 runRefreshSessionBlocking(_:layoutWorkspaces:optimisticallyPreLayoutWorkspaces:) - REFRESH: Starting blocking refresh for event: onFocusedMonitorChanged
[DEBUG] [2:39:30 PM] refresh.swift:57 runRefreshSessionBlocking(_:layoutWorkspaces:optimisticallyPreLayoutWorkspaces:) - REFRESH: Completed blocking refresh in 21.8ms
[DEBUG] [2:39:35 PM] RefreshDebouncer.swift:25 debounce(event:screenIsDefinitelyUnlocked:optimisticallyPreLayoutWorkspaces:) - DEBOUNCE: Using fixed delay 50.0ms for event: globalObserverLeftMouseUp
[DEBUG] [2:39:35 PM] RefreshDebouncer.swift:47 debounceWithFixedDelay(event:screenIsDefinitelyUnlocked:optimisticallyPreLayoutWorkspaces:) - DEBOUNCE: Task scheduled, will wait 50.0ms
[DEBUG] [2:39:35 PM] RefreshDebouncer.swift:58 debounceWithFixedDelay(event:screenIsDefinitelyUnlocked:optimisticallyPreLayoutWorkspaces:) - DEBOUNCE: Executing refresh after 51.651954650878906ms
[DEBUG] [2:39:35 PM] refresh.swift:51 runRefreshSessionBlocking(_:layoutWorkspaces:optimisticallyPreLayoutWorkspaces:) - REFRESH: Starting blocking refresh for event: globalObserverLeftMouseUp
[DEBUG] [2:39:35 PM] refresh.swift:57 runRefreshSessionBlocking(_:layoutWorkspaces:optimisticallyPreLayoutWorkspaces:) - REFRESH: Completed blocking refresh in 21.6ms
[DEBUG] [2:39:39 PM] RefreshDebouncer.swift:25 debounce(event:screenIsDefinitelyUnlocked:optimisticallyPreLayoutWorkspaces:) - DEBOUNCE: Using fixed delay 50.0ms for event: globalObserver(NSWorkspaceDidActivateApplicationNotification)
[DEBUG] [2:39:39 PM] RefreshDebouncer.swift:47 debounceWithFixedDelay(event:screenIsDefinitelyUnlocked:optimisticallyPreLayoutWorkspaces:) - DEBOUNCE: Task scheduled, will wait 50.0ms
[DEBUG] [2:39:39 PM] RefreshDebouncer.swift:58 debounceWithFixedDelay(event:screenIsDefinitelyUnlocked:optimisticallyPreLayoutWorkspaces:) - DEBOUNCE: Executing refresh after 53.138017654418945ms
[DEBUG] [2:39:39 PM] refresh.swift:51 runRefreshSessionBlocking(_:layoutWorkspaces:optimisticallyPreLayoutWorkspaces:) - REFRESH: Starting blocking refresh for event: globalObserver(NSWorkspaceDidActivateApplicationNotification)
[DEBUG] [2:39:39 PM] refresh.swift:86 runSession(_:_:body:) - SESSION: Starting session for event: onFocusedMonitorChanged
[DEBUG] [2:39:39 PM] refresh.swift:57 runRefreshSessionBlocking(_:layoutWorkspaces:optimisticallyPreLayoutWorkspaces:) - REFRESH: Completed blocking refresh in 35.0ms
[DEBUG] [2:39:39 PM] refresh.swift:106 runSession(_:_:body:) - SESSION: Executing body
[DEBUG] [2:39:39 PM] Command.swift:43 runCmdSeq(_:_:) - CMDSEQ: Running 1 command(s)
[DEBUG] [2:39:39 PM] Command.swift:47 runCmdSeq(_:_:) - CMDSEQ: Executing command 1/1: MoveMouseCommand
[DEBUG] [2:39:39 PM] Command.swift:50 runCmdSeq(_:_:) - CMDSEQ: Command MoveMouseCommand returned: true
[DEBUG] [2:39:39 PM] Command.swift:53 runCmdSeq(_:_:) - CMDSEQ: Sequence completed with overall success: true
[DEBUG] [2:39:39 PM] refresh.swift:92 runSession(_:_:body:) - SESSION: Completed in 15.5ms
[DEBUG] [2:39:39 PM] refresh.swift:51 runRefreshSessionBlocking(_:layoutWorkspaces:optimisticallyPreLayoutWorkspaces:) - REFRESH: Starting blocking refresh for event: onFocusedMonitorChanged
[DEBUG] [2:39:39 PM] RefreshDebouncer.swift:25 debounce(event:screenIsDefinitelyUnlocked:optimisticallyPreLayoutWorkspaces:) - DEBOUNCE: Using fixed delay 50.0ms for event: globalObserverLeftMouseUp
[DEBUG] [2:39:39 PM] RefreshDebouncer.swift:47 debounceWithFixedDelay(event:screenIsDefinitelyUnlocked:optimisticallyPreLayoutWorkspaces:) - DEBOUNCE: Task scheduled, will wait 50.0ms
[DEBUG] [2:39:39 PM] refresh.swift:57 runRefreshSessionBlocking(_:layoutWorkspaces:optimisticallyPreLayoutWorkspaces:) - REFRESH: Completed blocking refresh in 49.3ms
[DEBUG] [2:39:39 PM] RefreshDebouncer.swift:58 debounceWithFixedDelay(event:screenIsDefinitelyUnlocked:optimisticallyPreLayoutWorkspaces:) - DEBOUNCE: Executing refresh after 54.97598648071289ms
[DEBUG] [2:39:39 PM] refresh.swift:51 runRefreshSessionBlocking(_:layoutWorkspaces:optimisticallyPreLayoutWorkspaces:) - REFRESH: Starting blocking refresh for event: globalObserverLeftMouseUp
[DEBUG] [2:39:39 PM] refresh.swift:57 runRefreshSessionBlocking(_:layoutWorkspaces:optimisticallyPreLayoutWorkspaces:) - REFRESH: Completed blocking refresh in 21.9ms
[DEBUG] [2:39:40 PM] RefreshDebouncer.swift:25 debounce(event:screenIsDefinitelyUnlocked:optimisticallyPreLayoutWorkspaces:) - DEBOUNCE: Using fixed delay 50.0ms for event: globalObserverLeftMouseUp
[DEBUG] [2:39:40 PM] RefreshDebouncer.swift:47 debounceWithFixedDelay(event:screenIsDefinitelyUnlocked:optimisticallyPreLayoutWorkspaces:) - DEBOUNCE: Task scheduled, will wait 50.0ms
[DEBUG] [2:39:40 PM] RefreshDebouncer.swift:58 debounceWithFixedDelay(event:screenIsDefinitelyUnlocked:optimisticallyPreLayoutWorkspaces:) - DEBOUNCE: Executing refresh after 51.2920618057251ms
[DEBUG] [2:39:40 PM] refresh.swift:51 runRefreshSessionBlocking(_:layoutWorkspaces:optimisticallyPreLayoutWorkspaces:) - REFRESH: Starting blocking refresh for event: globalObserverLeftMouseUp
[DEBUG] [2:39:40 PM] refresh.swift:57 runRefreshSessionBlocking(_:layoutWorkspaces:optimisticallyPreLayoutWorkspaces:) - REFRESH: Completed blocking refresh in 26.6ms
[DEBUG] [2:39:41 PM] RefreshDebouncer.swift:25 debounce(event:screenIsDefinitelyUnlocked:optimisticallyPreLayoutWorkspaces:) - DEBOUNCE: Using fixed delay 50.0ms for event: globalObserverLeftMouseUp
[DEBUG] [2:39:41 PM] RefreshDebouncer.swift:47 debounceWithFixedDelay(event:screenIsDefinitelyUnlocked:optimisticallyPreLayoutWorkspaces:) - DEBOUNCE: Task scheduled, will wait 50.0ms
[DEBUG] [2:39:41 PM] RefreshDebouncer.swift:58 debounceWithFixedDelay(event:screenIsDefinitelyUnlocked:optimisticallyPreLayoutWorkspaces:) - DEBOUNCE: Executing refresh after 51.113009452819824ms
[DEBUG] [2:39:41 PM] refresh.swift:51 runRefreshSessionBlocking(_:layoutWorkspaces:optimisticallyPreLayoutWorkspaces:) - REFRESH: Starting blocking refresh for event: globalObserverLeftMouseUp
[DEBUG] [2:39:41 PM] refresh.swift:57 runRefreshSessionBlocking(_:layoutWorkspaces:optimisticallyPreLayoutWorkspaces:) - REFRESH: Completed blocking refresh in 21.0ms
[DEBUG] [2:39:42 PM] RefreshDebouncer.swift:25 debounce(event:screenIsDefinitelyUnlocked:optimisticallyPreLayoutWorkspaces:) - DEBOUNCE: Using fixed delay 50.0ms for event: globalObserverLeftMouseUp
[DEBUG] [2:39:42 PM] RefreshDebouncer.swift:47 debounceWithFixedDelay(event:screenIsDefinitelyUnlocked:optimisticallyPreLayoutWorkspaces:) - DEBOUNCE: Task scheduled, will wait 50.0ms
[DEBUG] [2:39:42 PM] RefreshDebouncer.swift:58 debounceWithFixedDelay(event:screenIsDefinitelyUnlocked:optimisticallyPreLayoutWorkspaces:) - DEBOUNCE: Executing refresh after 54.14605140686035ms
[DEBUG] [2:39:42 PM] refresh.swift:51 runRefreshSessionBlocking(_:layoutWorkspaces:optimisticallyPreLayoutWorkspaces:) - REFRESH: Starting blocking refresh for event: globalObserverLeftMouseUp
[DEBUG] [2:39:42 PM] refresh.swift:57 runRefreshSessionBlocking(_:layoutWorkspaces:optimisticallyPreLayoutWorkspaces:) - REFRESH: Completed blocking refresh in 26.5ms
[DEBUG] [2:39:43 PM] RefreshDebouncer.swift:25 debounce(event:screenIsDefinitelyUnlocked:optimisticallyPreLayoutWorkspaces:) - DEBOUNCE: Using fixed delay 50.0ms for event: ax(AXWindowCreated)
[DEBUG] [2:39:43 PM] RefreshDebouncer.swift:47 debounceWithFixedDelay(event:screenIsDefinitelyUnlocked:optimisticallyPreLayoutWorkspaces:) - DEBOUNCE: Task scheduled, will wait 50.0ms
[DEBUG] [2:39:43 PM] RefreshDebouncer.swift:58 debounceWithFixedDelay(event:screenIsDefinitelyUnlocked:optimisticallyPreLayoutWorkspaces:) - DEBOUNCE: Executing refresh after 50.41003227233887ms
[DEBUG] [2:39:43 PM] refresh.swift:51 runRefreshSessionBlocking(_:layoutWorkspaces:optimisticallyPreLayoutWorkspaces:) - REFRESH: Starting blocking refresh for event: ax(AXWindowCreated)
[DEBUG] [2:39:44 PM] refresh.swift:57 runRefreshSessionBlocking(_:layoutWorkspaces:optimisticallyPreLayoutWorkspaces:) - REFRESH: Completed blocking refresh in 18.8ms
[DEBUG] [2:39:45 PM] RefreshDebouncer.swift:25 debounce(event:screenIsDefinitelyUnlocked:optimisticallyPreLayoutWorkspaces:) - DEBOUNCE: Using fixed delay 50.0ms for event: globalObserverLeftMouseUp
[DEBUG] [2:39:45 PM] RefreshDebouncer.swift:47 debounceWithFixedDelay(event:screenIsDefinitelyUnlocked:optimisticallyPreLayoutWorkspaces:) - DEBOUNCE: Task scheduled, will wait 50.0ms
[DEBUG] [2:39:45 PM] RefreshDebouncer.swift:58 debounceWithFixedDelay(event:screenIsDefinitelyUnlocked:optimisticallyPreLayoutWorkspaces:) - DEBOUNCE: Executing refresh after 55.264949798583984ms
[DEBUG] [2:39:45 PM] refresh.swift:51 runRefreshSessionBlocking(_:layoutWorkspaces:optimisticallyPreLayoutWorkspaces:) - REFRESH: Starting blocking refresh for event: globalObserverLeftMouseUp
[DEBUG] [2:39:46 PM] refresh.swift:57 runRefreshSessionBlocking(_:layoutWorkspaces:optimisticallyPreLayoutWorkspaces:) - REFRESH: Completed blocking refresh in 29.4ms
[DEBUG] [2:39:46 PM] RefreshDebouncer.swift:25 debounce(event:screenIsDefinitelyUnlocked:optimisticallyPreLayoutWorkspaces:) - DEBOUNCE: Using fixed delay 50.0ms for event: ax(AXWindowCreated)
[DEBUG] [2:39:46 PM] RefreshDebouncer.swift:47 debounceWithFixedDelay(event:screenIsDefinitelyUnlocked:optimisticallyPreLayoutWorkspaces:) - DEBOUNCE: Task scheduled, will wait 50.0ms
[DEBUG] [2:39:46 PM] RefreshDebouncer.swift:58 debounceWithFixedDelay(event:screenIsDefinitelyUnlocked:optimisticallyPreLayoutWorkspaces:) - DEBOUNCE: Executing refresh after 53.75194549560547ms
[DEBUG] [2:39:46 PM] refresh.swift:51 runRefreshSessionBlocking(_:layoutWorkspaces:optimisticallyPreLayoutWorkspaces:) - REFRESH: Starting blocking refresh for event: ax(AXWindowCreated)
[DEBUG] [2:39:46 PM] refresh.swift:57 runRefreshSessionBlocking(_:layoutWorkspaces:optimisticallyPreLayoutWorkspaces:) - REFRESH: Completed blocking refresh in 16.6ms
[DEBUG] [2:39:47 PM] RefreshDebouncer.swift:25 debounce(event:screenIsDefinitelyUnlocked:optimisticallyPreLayoutWorkspaces:) - DEBOUNCE: Using fixed delay 50.0ms for event: ax(AXWindowCreated)
[DEBUG] [2:39:47 PM] RefreshDebouncer.swift:47 debounceWithFixedDelay(event:screenIsDefinitelyUnlocked:optimisticallyPreLayoutWorkspaces:) - DEBOUNCE: Task scheduled, will wait 50.0ms
[DEBUG] [2:39:47 PM] RefreshDebouncer.swift:58 debounceWithFixedDelay(event:screenIsDefinitelyUnlocked:optimisticallyPreLayoutWorkspaces:) - DEBOUNCE: Executing refresh after 50.67408084869385ms
[DEBUG] [2:39:47 PM] refresh.swift:51 runRefreshSessionBlocking(_:layoutWorkspaces:optimisticallyPreLayoutWorkspaces:) - REFRESH: Starting blocking refresh for event: ax(AXWindowCreated)
[DEBUG] [2:39:47 PM] refresh.swift:57 runRefreshSessionBlocking(_:layoutWorkspaces:optimisticallyPreLayoutWorkspaces:) - REFRESH: Completed blocking refresh in 21.6ms
[DEBUG] [2:39:48 PM] RefreshDebouncer.swift:25 debounce(event:screenIsDefinitelyUnlocked:optimisticallyPreLayoutWorkspaces:) - DEBOUNCE: Using fixed delay 50.0ms for event: globalObserverLeftMouseUp
[DEBUG] [2:39:48 PM] RefreshDebouncer.swift:47 debounceWithFixedDelay(event:screenIsDefinitelyUnlocked:optimisticallyPreLayoutWorkspaces:) - DEBOUNCE: Task scheduled, will wait 50.0ms
[DEBUG] [2:39:48 PM] RefreshDebouncer.swift:58 debounceWithFixedDelay(event:screenIsDefinitelyUnlocked:optimisticallyPreLayoutWorkspaces:) - DEBOUNCE: Executing refresh after 55.15003204345703ms
[DEBUG] [2:39:48 PM] refresh.swift:51 runRefreshSessionBlocking(_:layoutWorkspaces:optimisticallyPreLayoutWorkspaces:) - REFRESH: Starting blocking refresh for event: globalObserverLeftMouseUp
[DEBUG] [2:39:48 PM] refresh.swift:57 runRefreshSessionBlocking(_:layoutWorkspaces:optimisticallyPreLayoutWorkspaces:) - REFRESH: Completed blocking refresh in 20.9ms
[DEBUG] [2:41:17 PM] RefreshDebouncer.swift:25 debounce(event:screenIsDefinitelyUnlocked:optimisticallyPreLayoutWorkspaces:) - DEBOUNCE: Using fixed delay 50.0ms for event: globalObserver(NSWorkspaceDidActivateApplicationNotification)
[DEBUG] [2:41:17 PM] RefreshDebouncer.swift:47 debounceWithFixedDelay(event:screenIsDefinitelyUnlocked:optimisticallyPreLayoutWorkspaces:) - DEBOUNCE: Task scheduled, will wait 50.0ms
[DEBUG] [2:41:17 PM] RefreshDebouncer.swift:58 debounceWithFixedDelay(event:screenIsDefinitelyUnlocked:optimisticallyPreLayoutWorkspaces:) - DEBOUNCE: Executing refresh after 53.62498760223389ms
[DEBUG] [2:41:17 PM] refresh.swift:51 runRefreshSessionBlocking(_:layoutWorkspaces:optimisticallyPreLayoutWorkspaces:) - REFRESH: Starting blocking refresh for event: globalObserver(NSWorkspaceDidActivateApplicationNotification)
[DEBUG] [2:41:17 PM] refresh.swift:86 runSession(_:_:body:) - SESSION: Starting session for event: onFocusedMonitorChanged
[DEBUG] [2:41:17 PM] refresh.swift:57 runRefreshSessionBlocking(_:layoutWorkspaces:optimisticallyPreLayoutWorkspaces:) - REFRESH: Completed blocking refresh in 8.8ms
[DEBUG] [2:41:17 PM] refresh.swift:106 runSession(_:_:body:) - SESSION: Executing body
[DEBUG] [2:41:17 PM] Command.swift:43 runCmdSeq(_:_:) - CMDSEQ: Running 1 command(s)
[DEBUG] [2:41:17 PM] Command.swift:47 runCmdSeq(_:_:) - CMDSEQ: Executing command 1/1: MoveMouseCommand
[DEBUG] [2:41:17 PM] Command.swift:50 runCmdSeq(_:_:) - CMDSEQ: Command MoveMouseCommand returned: true
[DEBUG] [2:41:17 PM] Command.swift:53 runCmdSeq(_:_:) - CMDSEQ: Sequence completed with overall success: true
[DEBUG] [2:41:17 PM] refresh.swift:92 runSession(_:_:body:) - SESSION: Completed in 30.7ms
[DEBUG] [2:41:17 PM] refresh.swift:51 runRefreshSessionBlocking(_:layoutWorkspaces:optimisticallyPreLayoutWorkspaces:) - REFRESH: Starting blocking refresh for event: onFocusedMonitorChanged
[DEBUG] [2:41:17 PM] RefreshDebouncer.swift:25 debounce(event:screenIsDefinitelyUnlocked:optimisticallyPreLayoutWorkspaces:) - DEBOUNCE: Using fixed delay 50.0ms for event: globalObserverLeftMouseUp
[DEBUG] [2:41:17 PM] RefreshDebouncer.swift:47 debounceWithFixedDelay(event:screenIsDefinitelyUnlocked:optimisticallyPreLayoutWorkspaces:) - DEBOUNCE: Task scheduled, will wait 50.0ms
[DEBUG] [2:41:17 PM] refresh.swift:57 runRefreshSessionBlocking(_:layoutWorkspaces:optimisticallyPreLayoutWorkspaces:) - REFRESH: Completed blocking refresh in 30.8ms
[DEBUG] [2:41:18 PM] RefreshDebouncer.swift:58 debounceWithFixedDelay(event:screenIsDefinitelyUnlocked:optimisticallyPreLayoutWorkspaces:) - DEBOUNCE: Executing refresh after 55.27698993682861ms
[DEBUG] [2:41:18 PM] refresh.swift:51 runRefreshSessionBlocking(_:layoutWorkspaces:optimisticallyPreLayoutWorkspaces:) - REFRESH: Starting blocking refresh for event: globalObserverLeftMouseUp
[DEBUG] [2:41:18 PM] refresh.swift:57 runRefreshSessionBlocking(_:layoutWorkspaces:optimisticallyPreLayoutWorkspaces:) - REFRESH: Completed blocking refresh in 16.8ms
[DEBUG] [2:41:18 PM] RefreshDebouncer.swift:25 debounce(event:screenIsDefinitelyUnlocked:optimisticallyPreLayoutWorkspaces:) - DEBOUNCE: Using fixed delay 50.0ms for event: globalObserverLeftMouseUp
[DEBUG] [2:41:18 PM] RefreshDebouncer.swift:47 debounceWithFixedDelay(event:screenIsDefinitelyUnlocked:optimisticallyPreLayoutWorkspaces:) - DEBOUNCE: Task scheduled, will wait 50.0ms
[DEBUG] [2:41:18 PM] RefreshDebouncer.swift:58 debounceWithFixedDelay(event:screenIsDefinitelyUnlocked:optimisticallyPreLayoutWorkspaces:) - DEBOUNCE: Executing refresh after 53.8179874420166ms
[DEBUG] [2:41:18 PM] refresh.swift:51 runRefreshSessionBlocking(_:layoutWorkspaces:optimisticallyPreLayoutWorkspaces:) - REFRESH: Starting blocking refresh for event: globalObserverLeftMouseUp
[DEBUG] [2:41:18 PM] refresh.swift:57 runRefreshSessionBlocking(_:layoutWorkspaces:optimisticallyPreLayoutWorkspaces:) - REFRESH: Completed blocking refresh in 21.4ms
[DEBUG] [2:41:20 PM] RefreshDebouncer.swift:25 debounce(event:screenIsDefinitelyUnlocked:optimisticallyPreLayoutWorkspaces:) - DEBOUNCE: Using fixed delay 50.0ms for event: globalObserver(NSWorkspaceDidActivateApplicationNotification)
[DEBUG] [2:41:20 PM] RefreshDebouncer.swift:47 debounceWithFixedDelay(event:screenIsDefinitelyUnlocked:optimisticallyPreLayoutWorkspaces:) - DEBOUNCE: Task scheduled, will wait 50.0ms
[DEBUG] [2:41:20 PM] RefreshDebouncer.swift:25 debounce(event:screenIsDefinitelyUnlocked:optimisticallyPreLayoutWorkspaces:) - DEBOUNCE: Using fixed delay 50.0ms for event: ax(AXFocusedWindowChanged)
[DEBUG] [2:41:20 PM] RefreshDebouncer.swift:47 debounceWithFixedDelay(event:screenIsDefinitelyUnlocked:optimisticallyPreLayoutWorkspaces:) - DEBOUNCE: Task scheduled, will wait 50.0ms
[DEBUG] [2:41:20 PM] RefreshDebouncer.swift:54 debounceWithFixedDelay(event:screenIsDefinitelyUnlocked:optimisticallyPreLayoutWorkspaces:) - DEBOUNCE: Task cancelled after 15.249013900756836ms
[DEBUG] [2:41:20 PM] RefreshDebouncer.swift:58 debounceWithFixedDelay(event:screenIsDefinitelyUnlocked:optimisticallyPreLayoutWorkspaces:) - DEBOUNCE: Executing refresh after 53.55703830718994ms
[DEBUG] [2:41:20 PM] refresh.swift:51 runRefreshSessionBlocking(_:layoutWorkspaces:optimisticallyPreLayoutWorkspaces:) - REFRESH: Starting blocking refresh for event: ax(AXFocusedWindowChanged)
[DEBUG] [2:41:20 PM] refresh.swift:86 runSession(_:_:body:) - SESSION: Starting session for event: onFocusedMonitorChanged
[DEBUG] [2:41:20 PM] refresh.swift:106 runSession(_:_:body:) - SESSION: Executing body
[DEBUG] [2:41:20 PM] Command.swift:43 runCmdSeq(_:_:) - CMDSEQ: Running 1 command(s)
[DEBUG] [2:41:20 PM] Command.swift:47 runCmdSeq(_:_:) - CMDSEQ: Executing command 1/1: MoveMouseCommand
[DEBUG] [2:41:20 PM] Command.swift:50 runCmdSeq(_:_:) - CMDSEQ: Command MoveMouseCommand returned: true
[DEBUG] [2:41:20 PM] Command.swift:53 runCmdSeq(_:_:) - CMDSEQ: Sequence completed with overall success: true
[DEBUG] [2:41:20 PM] refresh.swift:57 runRefreshSessionBlocking(_:layoutWorkspaces:optimisticallyPreLayoutWorkspaces:) - REFRESH: Completed blocking refresh in 29.5ms
[DEBUG] [2:41:20 PM] refresh.swift:92 runSession(_:_:body:) - SESSION: Completed in 12.9ms
[DEBUG] [2:41:20 PM] refresh.swift:51 runRefreshSessionBlocking(_:layoutWorkspaces:optimisticallyPreLayoutWorkspaces:) - REFRESH: Starting blocking refresh for event: onFocusedMonitorChanged
[DEBUG] [2:41:20 PM] RefreshDebouncer.swift:25 debounce(event:screenIsDefinitelyUnlocked:optimisticallyPreLayoutWorkspaces:) - DEBOUNCE: Using fixed delay 50.0ms for event: globalObserverLeftMouseUp
[DEBUG] [2:41:20 PM] RefreshDebouncer.swift:47 debounceWithFixedDelay(event:screenIsDefinitelyUnlocked:optimisticallyPreLayoutWorkspaces:) - DEBOUNCE: Task scheduled, will wait 50.0ms
[DEBUG] [2:41:20 PM] refresh.swift:57 runRefreshSessionBlocking(_:layoutWorkspaces:optimisticallyPreLayoutWorkspaces:) - REFRESH: Completed blocking refresh in 32.6ms
[DEBUG] [2:41:20 PM] RefreshDebouncer.swift:58 debounceWithFixedDelay(event:screenIsDefinitelyUnlocked:optimisticallyPreLayoutWorkspaces:) - DEBOUNCE: Executing refresh after 55.01091480255127ms
[DEBUG] [2:41:20 PM] refresh.swift:51 runRefreshSessionBlocking(_:layoutWorkspaces:optimisticallyPreLayoutWorkspaces:) - REFRESH: Starting blocking refresh for event: globalObserverLeftMouseUp
[DEBUG] [2:41:20 PM] refresh.swift:57 runRefreshSessionBlocking(_:layoutWorkspaces:optimisticallyPreLayoutWorkspaces:) - REFRESH: Completed blocking refresh in 17.6ms
[DEBUG] [2:41:21 PM] RefreshDebouncer.swift:25 debounce(event:screenIsDefinitelyUnlocked:optimisticallyPreLayoutWorkspaces:) - DEBOUNCE: Using fixed delay 50.0ms for event: ax(AXWindowCreated)
[DEBUG] [2:41:21 PM] RefreshDebouncer.swift:47 debounceWithFixedDelay(event:screenIsDefinitelyUnlocked:optimisticallyPreLayoutWorkspaces:) - DEBOUNCE: Task scheduled, will wait 50.0ms
[DEBUG] [2:41:21 PM] RefreshDebouncer.swift:58 debounceWithFixedDelay(event:screenIsDefinitelyUnlocked:optimisticallyPreLayoutWorkspaces:) - DEBOUNCE: Executing refresh after 54.32999134063721ms
[DEBUG] [2:41:21 PM] refresh.swift:51 runRefreshSessionBlocking(_:layoutWorkspaces:optimisticallyPreLayoutWorkspaces:) - REFRESH: Starting blocking refresh for event: ax(AXWindowCreated)
[DEBUG] [2:41:21 PM] refresh.swift:57 runRefreshSessionBlocking(_:layoutWorkspaces:optimisticallyPreLayoutWorkspaces:) - REFRESH: Completed blocking refresh in 31.6ms
[DEBUG] [2:41:21 PM] RefreshDebouncer.swift:25 debounce(event:screenIsDefinitelyUnlocked:optimisticallyPreLayoutWorkspaces:) - DEBOUNCE: Using fixed delay 50.0ms for event: ax(AXResized)
[DEBUG] [2:41:21 PM] RefreshDebouncer.swift:47 debounceWithFixedDelay(event:screenIsDefinitelyUnlocked:optimisticallyPreLayoutWorkspaces:) - DEBOUNCE: Task scheduled, will wait 50.0ms
[DEBUG] [2:41:21 PM] RefreshDebouncer.swift:25 debounce(event:screenIsDefinitelyUnlocked:optimisticallyPreLayoutWorkspaces:) - DEBOUNCE: Using fixed delay 50.0ms for event: ax(AXResized)
[DEBUG] [2:41:21 PM] RefreshDebouncer.swift:47 debounceWithFixedDelay(event:screenIsDefinitelyUnlocked:optimisticallyPreLayoutWorkspaces:) - DEBOUNCE: Task scheduled, will wait 50.0ms
[DEBUG] [2:41:21 PM] RefreshDebouncer.swift:54 debounceWithFixedDelay(event:screenIsDefinitelyUnlocked:optimisticallyPreLayoutWorkspaces:) - DEBOUNCE: Task cancelled after 50.2619743347168ms
[DEBUG] [2:41:21 PM] RefreshDebouncer.swift:58 debounceWithFixedDelay(event:screenIsDefinitelyUnlocked:optimisticallyPreLayoutWorkspaces:) - DEBOUNCE: Executing refresh after 52.99997329711914ms
[DEBUG] [2:41:21 PM] refresh.swift:51 runRefreshSessionBlocking(_:layoutWorkspaces:optimisticallyPreLayoutWorkspaces:) - REFRESH: Starting blocking refresh for event: ax(AXResized)
[DEBUG] [2:41:21 PM] refresh.swift:57 runRefreshSessionBlocking(_:layoutWorkspaces:optimisticallyPreLayoutWorkspaces:) - REFRESH: Completed blocking refresh in 34.4ms
[DEBUG] [2:41:21 PM] RefreshDebouncer.swift:25 debounce(event:screenIsDefinitelyUnlocked:optimisticallyPreLayoutWorkspaces:) - DEBOUNCE: Using fixed delay 50.0ms for event: ax(AXResized)
[DEBUG] [2:41:21 PM] RefreshDebouncer.swift:47 debounceWithFixedDelay(event:screenIsDefinitelyUnlocked:optimisticallyPreLayoutWorkspaces:) - DEBOUNCE: Task scheduled, will wait 50.0ms
[DEBUG] [2:41:21 PM] RefreshDebouncer.swift:58 debounceWithFixedDelay(event:screenIsDefinitelyUnlocked:optimisticallyPreLayoutWorkspaces:) - DEBOUNCE: Executing refresh after 51.856040954589844ms
[DEBUG] [2:41:21 PM] refresh.swift:51 runRefreshSessionBlocking(_:layoutWorkspaces:optimisticallyPreLayoutWorkspaces:) - REFRESH: Starting blocking refresh for event: ax(AXResized)
[DEBUG] [2:41:21 PM] refresh.swift:57 runRefreshSessionBlocking(_:layoutWorkspaces:optimisticallyPreLayoutWorkspaces:) - REFRESH: Completed blocking refresh in 30.3ms
[DEBUG] [2:41:21 PM] RefreshDebouncer.swift:25 debounce(event:screenIsDefinitelyUnlocked:optimisticallyPreLayoutWorkspaces:) - DEBOUNCE: Using fixed delay 50.0ms for event: ax(AXResized)
[DEBUG] [2:41:21 PM] RefreshDebouncer.swift:47 debounceWithFixedDelay(event:screenIsDefinitelyUnlocked:optimisticallyPreLayoutWorkspaces:) - DEBOUNCE: Task scheduled, will wait 50.0ms
[DEBUG] [2:41:21 PM] RefreshDebouncer.swift:58 debounceWithFixedDelay(event:screenIsDefinitelyUnlocked:optimisticallyPreLayoutWorkspaces:) - DEBOUNCE: Executing refresh after 55.12595176696777ms
[DEBUG] [2:41:21 PM] refresh.swift:51 runRefreshSessionBlocking(_:layoutWorkspaces:optimisticallyPreLayoutWorkspaces:) - REFRESH: Starting blocking refresh for event: ax(AXResized)
[DEBUG] [2:41:21 PM] refresh.swift:57 runRefreshSessionBlocking(_:layoutWorkspaces:optimisticallyPreLayoutWorkspaces:) - REFRESH: Completed blocking refresh in 18.9ms
[DEBUG] [2:41:21 PM] RefreshDebouncer.swift:25 debounce(event:screenIsDefinitelyUnlocked:optimisticallyPreLayoutWorkspaces:) - DEBOUNCE: Using fixed delay 50.0ms for event: ax(AXUIElementDestroyed)
[DEBUG] [2:41:21 PM] RefreshDebouncer.swift:47 debounceWithFixedDelay(event:screenIsDefinitelyUnlocked:optimisticallyPreLayoutWorkspaces:) - DEBOUNCE: Task scheduled, will wait 50.0ms
[DEBUG] [2:41:21 PM] RefreshDebouncer.swift:58 debounceWithFixedDelay(event:screenIsDefinitelyUnlocked:optimisticallyPreLayoutWorkspaces:) - DEBOUNCE: Executing refresh after 51.24497413635254ms
[DEBUG] [2:41:21 PM] refresh.swift:51 runRefreshSessionBlocking(_:layoutWorkspaces:optimisticallyPreLayoutWorkspaces:) - REFRESH: Starting blocking refresh for event: ax(AXUIElementDestroyed)
[DEBUG] [2:41:21 PM] refresh.swift:57 runRefreshSessionBlocking(_:layoutWorkspaces:optimisticallyPreLayoutWorkspaces:) - REFRESH: Completed blocking refresh in 26.2ms
[DEBUG] [2:43:29 PM] RefreshDebouncer.swift:25 debounce(event:screenIsDefinitelyUnlocked:optimisticallyPreLayoutWorkspaces:) - DEBOUNCE: Using fixed delay 50.0ms for event: globalObserver(NSWorkspaceDidActivateApplicationNotification)
[DEBUG] [2:43:29 PM] RefreshDebouncer.swift:47 debounceWithFixedDelay(event:screenIsDefinitelyUnlocked:optimisticallyPreLayoutWorkspaces:) - DEBOUNCE: Task scheduled, will wait 50.0ms
[DEBUG] [2:43:29 PM] RefreshDebouncer.swift:25 debounce(event:screenIsDefinitelyUnlocked:optimisticallyPreLayoutWorkspaces:) - DEBOUNCE: Using fixed delay 50.0ms for event: ax(AXFocusedWindowChanged)
[DEBUG] [2:43:29 PM] RefreshDebouncer.swift:47 debounceWithFixedDelay(event:screenIsDefinitelyUnlocked:optimisticallyPreLayoutWorkspaces:) - DEBOUNCE: Task scheduled, will wait 50.0ms
[DEBUG] [2:43:29 PM] RefreshDebouncer.swift:54 debounceWithFixedDelay(event:screenIsDefinitelyUnlocked:optimisticallyPreLayoutWorkspaces:) - DEBOUNCE: Task cancelled after 2.541065216064453ms
[DEBUG] [2:43:29 PM] RefreshDebouncer.swift:58 debounceWithFixedDelay(event:screenIsDefinitelyUnlocked:optimisticallyPreLayoutWorkspaces:) - DEBOUNCE: Executing refresh after 51.88703536987305ms
[DEBUG] [2:43:29 PM] refresh.swift:51 runRefreshSessionBlocking(_:layoutWorkspaces:optimisticallyPreLayoutWorkspaces:) - REFRESH: Starting blocking refresh for event: ax(AXFocusedWindowChanged)
[DEBUG] [2:43:29 PM] refresh.swift:57 runRefreshSessionBlocking(_:layoutWorkspaces:optimisticallyPreLayoutWorkspaces:) - REFRESH: Completed blocking refresh in 22.5ms
[DEBUG] [2:43:29 PM] RefreshDebouncer.swift:25 debounce(event:screenIsDefinitelyUnlocked:optimisticallyPreLayoutWorkspaces:) - DEBOUNCE: Using fixed delay 50.0ms for event: globalObserverLeftMouseUp
[DEBUG] [2:43:29 PM] RefreshDebouncer.swift:47 debounceWithFixedDelay(event:screenIsDefinitelyUnlocked:optimisticallyPreLayoutWorkspaces:) - DEBOUNCE: Task scheduled, will wait 50.0ms
[DEBUG] [2:43:29 PM] RefreshDebouncer.swift:58 debounceWithFixedDelay(event:screenIsDefinitelyUnlocked:optimisticallyPreLayoutWorkspaces:) - DEBOUNCE: Executing refresh after 54.83806133270264ms
[DEBUG] [2:43:29 PM] refresh.swift:51 runRefreshSessionBlocking(_:layoutWorkspaces:optimisticallyPreLayoutWorkspaces:) - REFRESH: Starting blocking refresh for event: globalObserverLeftMouseUp
[DEBUG] [2:43:29 PM] refresh.swift:57 runRefreshSessionBlocking(_:layoutWorkspaces:optimisticallyPreLayoutWorkspaces:) - REFRESH: Completed blocking refresh in 17.9ms
[DEBUG] [2:43:36 PM] RefreshDebouncer.swift:25 debounce(event:screenIsDefinitelyUnlocked:optimisticallyPreLayoutWorkspaces:) - DEBOUNCE: Using fixed delay 50.0ms for event: globalObserver(NSWorkspaceDidActivateApplicationNotification)
[DEBUG] [2:43:36 PM] RefreshDebouncer.swift:47 debounceWithFixedDelay(event:screenIsDefinitelyUnlocked:optimisticallyPreLayoutWorkspaces:) - DEBOUNCE: Task scheduled, will wait 50.0ms
[DEBUG] [2:43:36 PM] RefreshDebouncer.swift:58 debounceWithFixedDelay(event:screenIsDefinitelyUnlocked:optimisticallyPreLayoutWorkspaces:) - DEBOUNCE: Executing refresh after 54.70407009124756ms
[DEBUG] [2:43:36 PM] refresh.swift:51 runRefreshSessionBlocking(_:layoutWorkspaces:optimisticallyPreLayoutWorkspaces:) - REFRESH: Starting blocking refresh for event: globalObserver(NSWorkspaceDidActivateApplicationNotification)
[DEBUG] [2:43:36 PM] refresh.swift:57 runRefreshSessionBlocking(_:layoutWorkspaces:optimisticallyPreLayoutWorkspaces:) - REFRESH: Completed blocking refresh in 26.0ms
[DEBUG] [2:43:36 PM] RefreshDebouncer.swift:25 debounce(event:screenIsDefinitelyUnlocked:optimisticallyPreLayoutWorkspaces:) - DEBOUNCE: Using fixed delay 50.0ms for event: globalObserverLeftMouseUp
[DEBUG] [2:43:36 PM] RefreshDebouncer.swift:47 debounceWithFixedDelay(event:screenIsDefinitelyUnlocked:optimisticallyPreLayoutWorkspaces:) - DEBOUNCE: Task scheduled, will wait 50.0ms
[DEBUG] [2:43:36 PM] RefreshDebouncer.swift:58 debounceWithFixedDelay(event:screenIsDefinitelyUnlocked:optimisticallyPreLayoutWorkspaces:) - DEBOUNCE: Executing refresh after 50.2009391784668ms
[DEBUG] [2:43:36 PM] refresh.swift:51 runRefreshSessionBlocking(_:layoutWorkspaces:optimisticallyPreLayoutWorkspaces:) - REFRESH: Starting blocking refresh for event: globalObserverLeftMouseUp
[DEBUG] [2:43:36 PM] refresh.swift:57 runRefreshSessionBlocking(_:layoutWorkspaces:optimisticallyPreLayoutWorkspaces:) - REFRESH: Completed blocking refresh in 21.4ms
[DEBUG] [2:43:37 PM] RefreshDebouncer.swift:25 debounce(event:screenIsDefinitelyUnlocked:optimisticallyPreLayoutWorkspaces:) - DEBOUNCE: Using fixed delay 50.0ms for event: ax(AXWindowCreated)
[DEBUG] [2:43:37 PM] RefreshDebouncer.swift:47 debounceWithFixedDelay(event:screenIsDefinitelyUnlocked:optimisticallyPreLayoutWorkspaces:) - DEBOUNCE: Task scheduled, will wait 50.0ms
[DEBUG] [2:43:37 PM] RefreshDebouncer.swift:58 debounceWithFixedDelay(event:screenIsDefinitelyUnlocked:optimisticallyPreLayoutWorkspaces:) - DEBOUNCE: Executing refresh after 52.484989166259766ms
[DEBUG] [2:43:37 PM] refresh.swift:51 runRefreshSessionBlocking(_:layoutWorkspaces:optimisticallyPreLayoutWorkspaces:) - REFRESH: Starting blocking refresh for event: ax(AXWindowCreated)
[DEBUG] [2:43:37 PM] refresh.swift:57 runRefreshSessionBlocking(_:layoutWorkspaces:optimisticallyPreLayoutWorkspaces:) - REFRESH: Completed blocking refresh in 21.5ms
[DEBUG] [2:43:37 PM] RefreshDebouncer.swift:25 debounce(event:screenIsDefinitelyUnlocked:optimisticallyPreLayoutWorkspaces:) - DEBOUNCE: Using fixed delay 50.0ms for event: ax(AXFocusedWindowChanged)
[DEBUG] [2:43:37 PM] RefreshDebouncer.swift:47 debounceWithFixedDelay(event:screenIsDefinitelyUnlocked:optimisticallyPreLayoutWorkspaces:) - DEBOUNCE: Task scheduled, will wait 50.0ms
[DEBUG] [2:43:38 PM] RefreshDebouncer.swift:58 debounceWithFixedDelay(event:screenIsDefinitelyUnlocked:optimisticallyPreLayoutWorkspaces:) - DEBOUNCE: Executing refresh after 52.76000499725342ms
[DEBUG] [2:43:38 PM] refresh.swift:51 runRefreshSessionBlocking(_:layoutWorkspaces:optimisticallyPreLayoutWorkspaces:) - REFRESH: Starting blocking refresh for event: ax(AXFocusedWindowChanged)
[DEBUG] [2:43:38 PM] refresh.swift:57 runRefreshSessionBlocking(_:layoutWorkspaces:optimisticallyPreLayoutWorkspaces:) - REFRESH: Completed blocking refresh in 28.1ms
[DEBUG] [2:43:38 PM] RefreshDebouncer.swift:25 debounce(event:screenIsDefinitelyUnlocked:optimisticallyPreLayoutWorkspaces:) - DEBOUNCE: Using fixed delay 50.0ms for event: globalObserverLeftMouseUp
[DEBUG] [2:43:38 PM] RefreshDebouncer.swift:47 debounceWithFixedDelay(event:screenIsDefinitelyUnlocked:optimisticallyPreLayoutWorkspaces:) - DEBOUNCE: Task scheduled, will wait 50.0ms
[DEBUG] [2:43:38 PM] RefreshDebouncer.swift:58 debounceWithFixedDelay(event:screenIsDefinitelyUnlocked:optimisticallyPreLayoutWorkspaces:) - DEBOUNCE: Executing refresh after 54.147958755493164ms
[DEBUG] [2:43:38 PM] refresh.swift:51 runRefreshSessionBlocking(_:layoutWorkspaces:optimisticallyPreLayoutWorkspaces:) - REFRESH: Starting blocking refresh for event: globalObserverLeftMouseUp
[DEBUG] [2:43:38 PM] refresh.swift:57 runRefreshSessionBlocking(_:layoutWorkspaces:optimisticallyPreLayoutWorkspaces:) - REFRESH: Completed blocking refresh in 20.9ms
[DEBUG] [2:44:44 PM] RefreshDebouncer.swift:25 debounce(event:screenIsDefinitelyUnlocked:optimisticallyPreLayoutWorkspaces:) - DEBOUNCE: Using fixed delay 50.0ms for event: globalObserverLeftMouseUp
[DEBUG] [2:44:44 PM] RefreshDebouncer.swift:47 debounceWithFixedDelay(event:screenIsDefinitelyUnlocked:optimisticallyPreLayoutWorkspaces:) - DEBOUNCE: Task scheduled, will wait 50.0ms
[DEBUG] [2:44:44 PM] RefreshDebouncer.swift:58 debounceWithFixedDelay(event:screenIsDefinitelyUnlocked:optimisticallyPreLayoutWorkspaces:) - DEBOUNCE: Executing refresh after 51.46801471710205ms
[DEBUG] [2:44:44 PM] refresh.swift:51 runRefreshSessionBlocking(_:layoutWorkspaces:optimisticallyPreLayoutWorkspaces:) - REFRESH: Starting blocking refresh for event: globalObserverLeftMouseUp
[DEBUG] [2:44:44 PM] refresh.swift:57 runRefreshSessionBlocking(_:layoutWorkspaces:optimisticallyPreLayoutWorkspaces:) - REFRESH: Completed blocking refresh in 31.5ms
[DEBUG] [2:44:47 PM] RefreshDebouncer.swift:25 debounce(event:screenIsDefinitelyUnlocked:optimisticallyPreLayoutWorkspaces:) - DEBOUNCE: Using fixed delay 50.0ms for event: globalObserverLeftMouseUp
[DEBUG] [2:44:47 PM] RefreshDebouncer.swift:47 debounceWithFixedDelay(event:screenIsDefinitelyUnlocked:optimisticallyPreLayoutWorkspaces:) - DEBOUNCE: Task scheduled, will wait 50.0ms
[DEBUG] [2:44:47 PM] RefreshDebouncer.swift:58 debounceWithFixedDelay(event:screenIsDefinitelyUnlocked:optimisticallyPreLayoutWorkspaces:) - DEBOUNCE: Executing refresh after 55.612921714782715ms
[DEBUG] [2:44:47 PM] refresh.swift:51 runRefreshSessionBlocking(_:layoutWorkspaces:optimisticallyPreLayoutWorkspaces:) - REFRESH: Starting blocking refresh for event: globalObserverLeftMouseUp
[DEBUG] [2:44:47 PM] refresh.swift:57 runRefreshSessionBlocking(_:layoutWorkspaces:optimisticallyPreLayoutWorkspaces:) - REFRESH: Completed blocking refresh in 29.1ms
[DEBUG] [2:44:52 PM] RefreshDebouncer.swift:25 debounce(event:screenIsDefinitelyUnlocked:optimisticallyPreLayoutWorkspaces:) - DEBOUNCE: Using fixed delay 50.0ms for event: globalObserverLeftMouseUp
[DEBUG] [2:44:52 PM] RefreshDebouncer.swift:47 debounceWithFixedDelay(event:screenIsDefinitelyUnlocked:optimisticallyPreLayoutWorkspaces:) - DEBOUNCE: Task scheduled, will wait 50.0ms
[DEBUG] [2:44:52 PM] RefreshDebouncer.swift:58 debounceWithFixedDelay(event:screenIsDefinitelyUnlocked:optimisticallyPreLayoutWorkspaces:) - DEBOUNCE: Executing refresh after 52.36697196960449ms
[DEBUG] [2:44:52 PM] refresh.swift:51 runRefreshSessionBlocking(_:layoutWorkspaces:optimisticallyPreLayoutWorkspaces:) - REFRESH: Starting blocking refresh for event: globalObserverLeftMouseUp
[DEBUG] [2:44:52 PM] refresh.swift:57 runRefreshSessionBlocking(_:layoutWorkspaces:optimisticallyPreLayoutWorkspaces:) - REFRESH: Completed blocking refresh in 28.1ms
[DEBUG] [2:44:54 PM] RefreshDebouncer.swift:25 debounce(event:screenIsDefinitelyUnlocked:optimisticallyPreLayoutWorkspaces:) - DEBOUNCE: Using fixed delay 50.0ms for event: globalObserverLeftMouseUp
[DEBUG] [2:44:54 PM] RefreshDebouncer.swift:47 debounceWithFixedDelay(event:screenIsDefinitelyUnlocked:optimisticallyPreLayoutWorkspaces:) - DEBOUNCE: Task scheduled, will wait 50.0ms
[DEBUG] [2:44:54 PM] RefreshDebouncer.swift:58 debounceWithFixedDelay(event:screenIsDefinitelyUnlocked:optimisticallyPreLayoutWorkspaces:) - DEBOUNCE: Executing refresh after 52.040934562683105ms
[DEBUG] [2:44:54 PM] refresh.swift:51 runRefreshSessionBlocking(_:layoutWorkspaces:optimisticallyPreLayoutWorkspaces:) - REFRESH: Starting blocking refresh for event: globalObserverLeftMouseUp
[DEBUG] [2:44:54 PM] refresh.swift:57 runRefreshSessionBlocking(_:layoutWorkspaces:optimisticallyPreLayoutWorkspaces:) - REFRESH: Completed blocking refresh in 30.2ms
[DEBUG] [2:44:54 PM] RefreshDebouncer.swift:25 debounce(event:screenIsDefinitelyUnlocked:optimisticallyPreLayoutWorkspaces:) - DEBOUNCE: Using fixed delay 50.0ms for event: globalObserverLeftMouseUp
[DEBUG] [2:44:54 PM] RefreshDebouncer.swift:47 debounceWithFixedDelay(event:screenIsDefinitelyUnlocked:optimisticallyPreLayoutWorkspaces:) - DEBOUNCE: Task scheduled, will wait 50.0ms
[DEBUG] [2:44:54 PM] RefreshDebouncer.swift:58 debounceWithFixedDelay(event:screenIsDefinitelyUnlocked:optimisticallyPreLayoutWorkspaces:) - DEBOUNCE: Executing refresh after 50.99689960479736ms
[DEBUG] [2:44:54 PM] refresh.swift:51 runRefreshSessionBlocking(_:layoutWorkspaces:optimisticallyPreLayoutWorkspaces:) - REFRESH: Starting blocking refresh for event: globalObserverLeftMouseUp
[DEBUG] [2:44:54 PM] refresh.swift:57 runRefreshSessionBlocking(_:layoutWorkspaces:optimisticallyPreLayoutWorkspaces:) - REFRESH: Completed blocking refresh in 26.7ms
[DEBUG] [2:44:55 PM] RefreshDebouncer.swift:25 debounce(event:screenIsDefinitelyUnlocked:optimisticallyPreLayoutWorkspaces:) - DEBOUNCE: Using fixed delay 50.0ms for event: globalObserverLeftMouseUp
[DEBUG] [2:44:55 PM] RefreshDebouncer.swift:47 debounceWithFixedDelay(event:screenIsDefinitelyUnlocked:optimisticallyPreLayoutWorkspaces:) - DEBOUNCE: Task scheduled, will wait 50.0ms
[DEBUG] [2:44:55 PM] RefreshDebouncer.swift:58 debounceWithFixedDelay(event:screenIsDefinitelyUnlocked:optimisticallyPreLayoutWorkspaces:) - DEBOUNCE: Executing refresh after 55.4499626159668ms
[DEBUG] [2:44:55 PM] refresh.swift:51 runRefreshSessionBlocking(_:layoutWorkspaces:optimisticallyPreLayoutWorkspaces:) - REFRESH: Starting blocking refresh for event: globalObserverLeftMouseUp
[DEBUG] [2:44:55 PM] refresh.swift:57 runRefreshSessionBlocking(_:layoutWorkspaces:optimisticallyPreLayoutWorkspaces:) - REFRESH: Completed blocking refresh in 34.8ms
[DEBUG] [2:44:56 PM] RefreshDebouncer.swift:25 debounce(event:screenIsDefinitelyUnlocked:optimisticallyPreLayoutWorkspaces:) - DEBOUNCE: Using fixed delay 50.0ms for event: globalObserverLeftMouseUp
[DEBUG] [2:44:56 PM] RefreshDebouncer.swift:47 debounceWithFixedDelay(event:screenIsDefinitelyUnlocked:optimisticallyPreLayoutWorkspaces:) - DEBOUNCE: Task scheduled, will wait 50.0ms
[DEBUG] [2:44:56 PM] RefreshDebouncer.swift:58 debounceWithFixedDelay(event:screenIsDefinitelyUnlocked:optimisticallyPreLayoutWorkspaces:) - DEBOUNCE: Executing refresh after 53.5510778427124ms
[DEBUG] [2:44:56 PM] refresh.swift:51 runRefreshSessionBlocking(_:layoutWorkspaces:optimisticallyPreLayoutWorkspaces:) - REFRESH: Starting blocking refresh for event: globalObserverLeftMouseUp
[DEBUG] [2:44:56 PM] refresh.swift:57 runRefreshSessionBlocking(_:layoutWorkspaces:optimisticallyPreLayoutWorkspaces:) - REFRESH: Completed blocking refresh in 27.7ms
[DEBUG] [2:44:56 PM] RefreshDebouncer.swift:25 debounce(event:screenIsDefinitelyUnlocked:optimisticallyPreLayoutWorkspaces:) - DEBOUNCE: Using fixed delay 50.0ms for event: globalObserverLeftMouseUp
[DEBUG] [2:44:56 PM] RefreshDebouncer.swift:47 debounceWithFixedDelay(event:screenIsDefinitelyUnlocked:optimisticallyPreLayoutWorkspaces:) - DEBOUNCE: Task scheduled, will wait 50.0ms
[DEBUG] [2:44:56 PM] RefreshDebouncer.swift:58 debounceWithFixedDelay(event:screenIsDefinitelyUnlocked:optimisticallyPreLayoutWorkspaces:) - DEBOUNCE: Executing refresh after 54.42798137664795ms
[DEBUG] [2:44:56 PM] refresh.swift:51 runRefreshSessionBlocking(_:layoutWorkspaces:optimisticallyPreLayoutWorkspaces:) - REFRESH: Starting blocking refresh for event: globalObserverLeftMouseUp
[DEBUG] [2:44:56 PM] refresh.swift:57 runRefreshSessionBlocking(_:layoutWorkspaces:optimisticallyPreLayoutWorkspaces:) - REFRESH: Completed blocking refresh in 28.0ms
[DEBUG] [2:44:56 PM] RefreshDebouncer.swift:25 debounce(event:screenIsDefinitelyUnlocked:optimisticallyPreLayoutWorkspaces:) - DEBOUNCE: Using fixed delay 50.0ms for event: globalObserverLeftMouseUp
[DEBUG] [2:44:56 PM] RefreshDebouncer.swift:47 debounceWithFixedDelay(event:screenIsDefinitelyUnlocked:optimisticallyPreLayoutWorkspaces:) - DEBOUNCE: Task scheduled, will wait 50.0ms
[DEBUG] [2:44:57 PM] RefreshDebouncer.swift:58 debounceWithFixedDelay(event:screenIsDefinitelyUnlocked:optimisticallyPreLayoutWorkspaces:) - DEBOUNCE: Executing refresh after 54.620981216430664ms
[DEBUG] [2:44:57 PM] refresh.swift:51 runRefreshSessionBlocking(_:layoutWorkspaces:optimisticallyPreLayoutWorkspaces:) - REFRESH: Starting blocking refresh for event: globalObserverLeftMouseUp
[DEBUG] [2:44:57 PM] refresh.swift:57 runRefreshSessionBlocking(_:layoutWorkspaces:optimisticallyPreLayoutWorkspaces:) - REFRESH: Completed blocking refresh in 28.4ms
[DEBUG] [2:44:57 PM] RefreshDebouncer.swift:25 debounce(event:screenIsDefinitelyUnlocked:optimisticallyPreLayoutWorkspaces:) - DEBOUNCE: Using fixed delay 50.0ms for event: globalObserverLeftMouseUp
[DEBUG] [2:44:57 PM] RefreshDebouncer.swift:47 debounceWithFixedDelay(event:screenIsDefinitelyUnlocked:optimisticallyPreLayoutWorkspaces:) - DEBOUNCE: Task scheduled, will wait 50.0ms
[DEBUG] [2:44:57 PM] RefreshDebouncer.swift:58 debounceWithFixedDelay(event:screenIsDefinitelyUnlocked:optimisticallyPreLayoutWorkspaces:) - DEBOUNCE: Executing refresh after 55.299997329711914ms
[DEBUG] [2:44:57 PM] refresh.swift:51 runRefreshSessionBlocking(_:layoutWorkspaces:optimisticallyPreLayoutWorkspaces:) - REFRESH: Starting blocking refresh for event: globalObserverLeftMouseUp
[DEBUG] [2:44:57 PM] refresh.swift:57 runRefreshSessionBlocking(_:layoutWorkspaces:optimisticallyPreLayoutWorkspaces:) - REFRESH: Completed blocking refresh in 26.0ms
[DEBUG] [2:45:01 PM] RefreshDebouncer.swift:25 debounce(event:screenIsDefinitelyUnlocked:optimisticallyPreLayoutWorkspaces:) - DEBOUNCE: Using fixed delay 50.0ms for event: globalObserverLeftMouseUp
[DEBUG] [2:45:01 PM] RefreshDebouncer.swift:47 debounceWithFixedDelay(event:screenIsDefinitelyUnlocked:optimisticallyPreLayoutWorkspaces:) - DEBOUNCE: Task scheduled, will wait 50.0ms
[DEBUG] [2:45:01 PM] RefreshDebouncer.swift:58 debounceWithFixedDelay(event:screenIsDefinitelyUnlocked:optimisticallyPreLayoutWorkspaces:) - DEBOUNCE: Executing refresh after 52.81400680541992ms
[DEBUG] [2:45:01 PM] refresh.swift:51 runRefreshSessionBlocking(_:layoutWorkspaces:optimisticallyPreLayoutWorkspaces:) - REFRESH: Starting blocking refresh for event: globalObserverLeftMouseUp
[DEBUG] [2:45:01 PM] refresh.swift:57 runRefreshSessionBlocking(_:layoutWorkspaces:optimisticallyPreLayoutWorkspaces:) - REFRESH: Completed blocking refresh in 28.8ms
[DEBUG] [2:45:02 PM] RefreshDebouncer.swift:25 debounce(event:screenIsDefinitelyUnlocked:optimisticallyPreLayoutWorkspaces:) - DEBOUNCE: Using fixed delay 50.0ms for event: globalObserverLeftMouseUp
[DEBUG] [2:45:02 PM] RefreshDebouncer.swift:47 debounceWithFixedDelay(event:screenIsDefinitelyUnlocked:optimisticallyPreLayoutWorkspaces:) - DEBOUNCE: Task scheduled, will wait 50.0ms
[DEBUG] [2:45:02 PM] RefreshDebouncer.swift:58 debounceWithFixedDelay(event:screenIsDefinitelyUnlocked:optimisticallyPreLayoutWorkspaces:) - DEBOUNCE: Executing refresh after 53.14898490905762ms
[DEBUG] [2:45:02 PM] refresh.swift:51 runRefreshSessionBlocking(_:layoutWorkspaces:optimisticallyPreLayoutWorkspaces:) - REFRESH: Starting blocking refresh for event: globalObserverLeftMouseUp
[DEBUG] [2:45:02 PM] refresh.swift:57 runRefreshSessionBlocking(_:layoutWorkspaces:optimisticallyPreLayoutWorkspaces:) - REFRESH: Completed blocking refresh in 32.6ms
[DEBUG] [2:45:03 PM] RefreshDebouncer.swift:25 debounce(event:screenIsDefinitelyUnlocked:optimisticallyPreLayoutWorkspaces:) - DEBOUNCE: Using fixed delay 50.0ms for event: globalObserverLeftMouseUp
[DEBUG] [2:45:03 PM] RefreshDebouncer.swift:47 debounceWithFixedDelay(event:screenIsDefinitelyUnlocked:optimisticallyPreLayoutWorkspaces:) - DEBOUNCE: Task scheduled, will wait 50.0ms
[DEBUG] [2:45:03 PM] RefreshDebouncer.swift:58 debounceWithFixedDelay(event:screenIsDefinitelyUnlocked:optimisticallyPreLayoutWorkspaces:) - DEBOUNCE: Executing refresh after 54.91995811462402ms
[DEBUG] [2:45:03 PM] refresh.swift:51 runRefreshSessionBlocking(_:layoutWorkspaces:optimisticallyPreLayoutWorkspaces:) - REFRESH: Starting blocking refresh for event: globalObserverLeftMouseUp
[DEBUG] [2:45:03 PM] refresh.swift:57 runRefreshSessionBlocking(_:layoutWorkspaces:optimisticallyPreLayoutWorkspaces:) - REFRESH: Completed blocking refresh in 27.2ms
[DEBUG] [2:45:08 PM] RefreshDebouncer.swift:25 debounce(event:screenIsDefinitelyUnlocked:optimisticallyPreLayoutWorkspaces:) - DEBOUNCE: Using fixed delay 50.0ms for event: globalObserver(NSWorkspaceDidActivateApplicationNotification)
[DEBUG] [2:45:08 PM] RefreshDebouncer.swift:47 debounceWithFixedDelay(event:screenIsDefinitelyUnlocked:optimisticallyPreLayoutWorkspaces:) - DEBOUNCE: Task scheduled, will wait 50.0ms
[DEBUG] [2:45:08 PM] RefreshDebouncer.swift:58 debounceWithFixedDelay(event:screenIsDefinitelyUnlocked:optimisticallyPreLayoutWorkspaces:) - DEBOUNCE: Executing refresh after 52.46603488922119ms
[DEBUG] [2:45:08 PM] refresh.swift:51 runRefreshSessionBlocking(_:layoutWorkspaces:optimisticallyPreLayoutWorkspaces:) - REFRESH: Starting blocking refresh for event: globalObserver(NSWorkspaceDidActivateApplicationNotification)
[DEBUG] [2:45:08 PM] refresh.swift:57 runRefreshSessionBlocking(_:layoutWorkspaces:optimisticallyPreLayoutWorkspaces:) - REFRESH: Completed blocking refresh in 60.6ms
[DEBUG] [2:45:11 PM] RefreshDebouncer.swift:25 debounce(event:screenIsDefinitelyUnlocked:optimisticallyPreLayoutWorkspaces:) - DEBOUNCE: Using fixed delay 50.0ms for event: globalObserver(NSWorkspaceDidActivateApplicationNotification)
[DEBUG] [2:45:11 PM] RefreshDebouncer.swift:47 debounceWithFixedDelay(event:screenIsDefinitelyUnlocked:optimisticallyPreLayoutWorkspaces:) - DEBOUNCE: Task scheduled, will wait 50.0ms
[DEBUG] [2:45:12 PM] RefreshDebouncer.swift:58 debounceWithFixedDelay(event:screenIsDefinitelyUnlocked:optimisticallyPreLayoutWorkspaces:) - DEBOUNCE: Executing refresh after 55.29594421386719ms
[DEBUG] [2:45:12 PM] refresh.swift:51 runRefreshSessionBlocking(_:layoutWorkspaces:optimisticallyPreLayoutWorkspaces:) - REFRESH: Starting blocking refresh for event: globalObserver(NSWorkspaceDidActivateApplicationNotification)
[DEBUG] [2:45:12 PM] refresh.swift:57 runRefreshSessionBlocking(_:layoutWorkspaces:optimisticallyPreLayoutWorkspaces:) - REFRESH: Completed blocking refresh in 26.8ms
[DEBUG] [2:45:12 PM] RefreshDebouncer.swift:25 debounce(event:screenIsDefinitelyUnlocked:optimisticallyPreLayoutWorkspaces:) - DEBOUNCE: Using fixed delay 50.0ms for event: globalObserverLeftMouseUp
[DEBUG] [2:45:12 PM] RefreshDebouncer.swift:47 debounceWithFixedDelay(event:screenIsDefinitelyUnlocked:optimisticallyPreLayoutWorkspaces:) - DEBOUNCE: Task scheduled, will wait 50.0ms
[DEBUG] [2:45:12 PM] RefreshDebouncer.swift:58 debounceWithFixedDelay(event:screenIsDefinitelyUnlocked:optimisticallyPreLayoutWorkspaces:) - DEBOUNCE: Executing refresh after 54.47506904602051ms
[DEBUG] [2:45:12 PM] refresh.swift:51 runRefreshSessionBlocking(_:layoutWorkspaces:optimisticallyPreLayoutWorkspaces:) - REFRESH: Starting blocking refresh for event: globalObserverLeftMouseUp
[DEBUG] [2:45:12 PM] refresh.swift:57 runRefreshSessionBlocking(_:layoutWorkspaces:optimisticallyPreLayoutWorkspaces:) - REFRESH: Completed blocking refresh in 21.6ms
[DEBUG] [2:45:20 PM] RefreshDebouncer.swift:25 debounce(event:screenIsDefinitelyUnlocked:optimisticallyPreLayoutWorkspaces:) - DEBOUNCE: Using fixed delay 50.0ms for event: globalObserverLeftMouseUp
[DEBUG] [2:45:20 PM] RefreshDebouncer.swift:47 debounceWithFixedDelay(event:screenIsDefinitelyUnlocked:optimisticallyPreLayoutWorkspaces:) - DEBOUNCE: Task scheduled, will wait 50.0ms
[DEBUG] [2:45:20 PM] RefreshDebouncer.swift:58 debounceWithFixedDelay(event:screenIsDefinitelyUnlocked:optimisticallyPreLayoutWorkspaces:) - DEBOUNCE: Executing refresh after 54.6879768371582ms
[DEBUG] [2:45:20 PM] refresh.swift:51 runRefreshSessionBlocking(_:layoutWorkspaces:optimisticallyPreLayoutWorkspaces:) - REFRESH: Starting blocking refresh for event: globalObserverLeftMouseUp
[DEBUG] [2:45:20 PM] refresh.swift:57 runRefreshSessionBlocking(_:layoutWorkspaces:optimisticallyPreLayoutWorkspaces:) - REFRESH: Completed blocking refresh in 24.5ms
[DEBUG] [2:45:27 PM] RefreshDebouncer.swift:25 debounce(event:screenIsDefinitelyUnlocked:optimisticallyPreLayoutWorkspaces:) - DEBOUNCE: Using fixed delay 50.0ms for event: globalObserverLeftMouseUp
[DEBUG] [2:45:27 PM] RefreshDebouncer.swift:47 debounceWithFixedDelay(event:screenIsDefinitelyUnlocked:optimisticallyPreLayoutWorkspaces:) - DEBOUNCE: Task scheduled, will wait 50.0ms
[DEBUG] [2:45:27 PM] RefreshDebouncer.swift:58 debounceWithFixedDelay(event:screenIsDefinitelyUnlocked:optimisticallyPreLayoutWorkspaces:) - DEBOUNCE: Executing refresh after 55.17101287841797ms
[DEBUG] [2:45:27 PM] refresh.swift:51 runRefreshSessionBlocking(_:layoutWorkspaces:optimisticallyPreLayoutWorkspaces:) - REFRESH: Starting blocking refresh for event: globalObserverLeftMouseUp
[DEBUG] [2:45:27 PM] refresh.swift:57 runRefreshSessionBlocking(_:layoutWorkspaces:optimisticallyPreLayoutWorkspaces:) - REFRESH: Completed blocking refresh in 27.5ms
[DEBUG] [2:45:28 PM] RefreshDebouncer.swift:25 debounce(event:screenIsDefinitelyUnlocked:optimisticallyPreLayoutWorkspaces:) - DEBOUNCE: Using fixed delay 50.0ms for event: globalObserverLeftMouseUp
[DEBUG] [2:45:28 PM] RefreshDebouncer.swift:47 debounceWithFixedDelay(event:screenIsDefinitelyUnlocked:optimisticallyPreLayoutWorkspaces:) - DEBOUNCE: Task scheduled, will wait 50.0ms
[DEBUG] [2:45:28 PM] RefreshDebouncer.swift:58 debounceWithFixedDelay(event:screenIsDefinitelyUnlocked:optimisticallyPreLayoutWorkspaces:) - DEBOUNCE: Executing refresh after 52.8339147567749ms
[DEBUG] [2:45:28 PM] refresh.swift:51 runRefreshSessionBlocking(_:layoutWorkspaces:optimisticallyPreLayoutWorkspaces:) - REFRESH: Starting blocking refresh for event: globalObserverLeftMouseUp
[DEBUG] [2:45:28 PM] refresh.swift:57 runRefreshSessionBlocking(_:layoutWorkspaces:optimisticallyPreLayoutWorkspaces:) - REFRESH: Completed blocking refresh in 31.7ms
[DEBUG] [2:45:36 PM] RefreshDebouncer.swift:25 debounce(event:screenIsDefinitelyUnlocked:optimisticallyPreLayoutWorkspaces:) - DEBOUNCE: Using fixed delay 50.0ms for event: globalObserverLeftMouseUp
[DEBUG] [2:45:36 PM] RefreshDebouncer.swift:47 debounceWithFixedDelay(event:screenIsDefinitelyUnlocked:optimisticallyPreLayoutWorkspaces:) - DEBOUNCE: Task scheduled, will wait 50.0ms
[DEBUG] [2:45:37 PM] RefreshDebouncer.swift:58 debounceWithFixedDelay(event:screenIsDefinitelyUnlocked:optimisticallyPreLayoutWorkspaces:) - DEBOUNCE: Executing refresh after 52.38997936248779ms
[DEBUG] [2:45:37 PM] refresh.swift:51 runRefreshSessionBlocking(_:layoutWorkspaces:optimisticallyPreLayoutWorkspaces:) - REFRESH: Starting blocking refresh for event: globalObserverLeftMouseUp
[DEBUG] [2:45:37 PM] refresh.swift:57 runRefreshSessionBlocking(_:layoutWorkspaces:optimisticallyPreLayoutWorkspaces:) - REFRESH: Completed blocking refresh in 36.1ms
[DEBUG] [2:45:40 PM] RefreshDebouncer.swift:25 debounce(event:screenIsDefinitelyUnlocked:optimisticallyPreLayoutWorkspaces:) - DEBOUNCE: Using fixed delay 50.0ms for event: globalObserverLeftMouseUp
[DEBUG] [2:45:40 PM] RefreshDebouncer.swift:47 debounceWithFixedDelay(event:screenIsDefinitelyUnlocked:optimisticallyPreLayoutWorkspaces:) - DEBOUNCE: Task scheduled, will wait 50.0ms
[DEBUG] [2:45:41 PM] RefreshDebouncer.swift:58 debounceWithFixedDelay(event:screenIsDefinitelyUnlocked:optimisticallyPreLayoutWorkspaces:) - DEBOUNCE: Executing refresh after 52.66892910003662ms
[DEBUG] [2:45:41 PM] refresh.swift:51 runRefreshSessionBlocking(_:layoutWorkspaces:optimisticallyPreLayoutWorkspaces:) - REFRESH: Starting blocking refresh for event: globalObserverLeftMouseUp
[DEBUG] [2:45:41 PM] refresh.swift:57 runRefreshSessionBlocking(_:layoutWorkspaces:optimisticallyPreLayoutWorkspaces:) - REFRESH: Completed blocking refresh in 26.1ms
[DEBUG] [2:45:44 PM] RefreshDebouncer.swift:25 debounce(event:screenIsDefinitelyUnlocked:optimisticallyPreLayoutWorkspaces:) - DEBOUNCE: Using fixed delay 50.0ms for event: globalObserverLeftMouseUp
[DEBUG] [2:45:44 PM] RefreshDebouncer.swift:47 debounceWithFixedDelay(event:screenIsDefinitelyUnlocked:optimisticallyPreLayoutWorkspaces:) - DEBOUNCE: Task scheduled, will wait 50.0ms
[DEBUG] [2:45:44 PM] RefreshDebouncer.swift:58 debounceWithFixedDelay(event:screenIsDefinitelyUnlocked:optimisticallyPreLayoutWorkspaces:) - DEBOUNCE: Executing refresh after 51.20396614074707ms
[DEBUG] [2:45:44 PM] refresh.swift:51 runRefreshSessionBlocking(_:layoutWorkspaces:optimisticallyPreLayoutWorkspaces:) - REFRESH: Starting blocking refresh for event: globalObserverLeftMouseUp
[DEBUG] [2:45:44 PM] refresh.swift:57 runRefreshSessionBlocking(_:layoutWorkspaces:optimisticallyPreLayoutWorkspaces:) - REFRESH: Completed blocking refresh in 32.7ms
[DEBUG] [2:45:46 PM] RefreshDebouncer.swift:25 debounce(event:screenIsDefinitelyUnlocked:optimisticallyPreLayoutWorkspaces:) - DEBOUNCE: Using fixed delay 50.0ms for event: globalObserverLeftMouseUp
[DEBUG] [2:45:46 PM] RefreshDebouncer.swift:47 debounceWithFixedDelay(event:screenIsDefinitelyUnlocked:optimisticallyPreLayoutWorkspaces:) - DEBOUNCE: Task scheduled, will wait 50.0ms
[DEBUG] [2:45:46 PM] RefreshDebouncer.swift:58 debounceWithFixedDelay(event:screenIsDefinitelyUnlocked:optimisticallyPreLayoutWorkspaces:) - DEBOUNCE: Executing refresh after 55.78303337097168ms
[DEBUG] [2:45:46 PM] refresh.swift:51 runRefreshSessionBlocking(_:layoutWorkspaces:optimisticallyPreLayoutWorkspaces:) - REFRESH: Starting blocking refresh for event: globalObserverLeftMouseUp
[DEBUG] [2:45:46 PM] refresh.swift:57 runRefreshSessionBlocking(_:layoutWorkspaces:optimisticallyPreLayoutWorkspaces:) - REFRESH: Completed blocking refresh in 29.1ms
[DEBUG] [2:45:46 PM] RefreshDebouncer.swift:25 debounce(event:screenIsDefinitelyUnlocked:optimisticallyPreLayoutWorkspaces:) - DEBOUNCE: Using fixed delay 50.0ms for event: globalObserverLeftMouseUp
[DEBUG] [2:45:46 PM] RefreshDebouncer.swift:47 debounceWithFixedDelay(event:screenIsDefinitelyUnlocked:optimisticallyPreLayoutWorkspaces:) - DEBOUNCE: Task scheduled, will wait 50.0ms
[DEBUG] [2:45:46 PM] RefreshDebouncer.swift:58 debounceWithFixedDelay(event:screenIsDefinitelyUnlocked:optimisticallyPreLayoutWorkspaces:) - DEBOUNCE: Executing refresh after 53.33602428436279ms
[DEBUG] [2:45:46 PM] refresh.swift:51 runRefreshSessionBlocking(_:layoutWorkspaces:optimisticallyPreLayoutWorkspaces:) - REFRESH: Starting blocking refresh for event: globalObserverLeftMouseUp
[DEBUG] [2:45:46 PM] refresh.swift:57 runRefreshSessionBlocking(_:layoutWorkspaces:optimisticallyPreLayoutWorkspaces:) - REFRESH: Completed blocking refresh in 32.3ms
[DEBUG] [2:45:46 PM] RefreshDebouncer.swift:25 debounce(event:screenIsDefinitelyUnlocked:optimisticallyPreLayoutWorkspaces:) - DEBOUNCE: Using fixed delay 50.0ms for event: globalObserverLeftMouseUp
[DEBUG] [2:45:46 PM] RefreshDebouncer.swift:47 debounceWithFixedDelay(event:screenIsDefinitelyUnlocked:optimisticallyPreLayoutWorkspaces:) - DEBOUNCE: Task scheduled, will wait 50.0ms
[DEBUG] [2:45:46 PM] RefreshDebouncer.swift:58 debounceWithFixedDelay(event:screenIsDefinitelyUnlocked:optimisticallyPreLayoutWorkspaces:) - DEBOUNCE: Executing refresh after 54.49998378753662ms
[DEBUG] [2:45:46 PM] refresh.swift:51 runRefreshSessionBlocking(_:layoutWorkspaces:optimisticallyPreLayoutWorkspaces:) - REFRESH: Starting blocking refresh for event: globalObserverLeftMouseUp
[DEBUG] [2:45:46 PM] refresh.swift:57 runRefreshSessionBlocking(_:layoutWorkspaces:optimisticallyPreLayoutWorkspaces:) - REFRESH: Completed blocking refresh in 27.7ms
[DEBUG] [2:45:46 PM] RefreshDebouncer.swift:25 debounce(event:screenIsDefinitelyUnlocked:optimisticallyPreLayoutWorkspaces:) - DEBOUNCE: Using fixed delay 50.0ms for event: globalObserverLeftMouseUp
[DEBUG] [2:45:46 PM] RefreshDebouncer.swift:47 debounceWithFixedDelay(event:screenIsDefinitelyUnlocked:optimisticallyPreLayoutWorkspaces:) - DEBOUNCE: Task scheduled, will wait 50.0ms
[DEBUG] [2:45:46 PM] RefreshDebouncer.swift:58 debounceWithFixedDelay(event:screenIsDefinitelyUnlocked:optimisticallyPreLayoutWorkspaces:) - DEBOUNCE: Executing refresh after 54.65102195739746ms
[DEBUG] [2:45:46 PM] refresh.swift:51 runRefreshSessionBlocking(_:layoutWorkspaces:optimisticallyPreLayoutWorkspaces:) - REFRESH: Starting blocking refresh for event: globalObserverLeftMouseUp
[DEBUG] [2:45:47 PM] refresh.swift:57 runRefreshSessionBlocking(_:layoutWorkspaces:optimisticallyPreLayoutWorkspaces:) - REFRESH: Completed blocking refresh in 32.9ms
[DEBUG] [2:45:47 PM] RefreshDebouncer.swift:25 debounce(event:screenIsDefinitelyUnlocked:optimisticallyPreLayoutWorkspaces:) - DEBOUNCE: Using fixed delay 50.0ms for event: globalObserverLeftMouseUp
[DEBUG] [2:45:47 PM] RefreshDebouncer.swift:47 debounceWithFixedDelay(event:screenIsDefinitelyUnlocked:optimisticallyPreLayoutWorkspaces:) - DEBOUNCE: Task scheduled, will wait 50.0ms
[DEBUG] [2:45:47 PM] RefreshDebouncer.swift:58 debounceWithFixedDelay(event:screenIsDefinitelyUnlocked:optimisticallyPreLayoutWorkspaces:) - DEBOUNCE: Executing refresh after 54.855942726135254ms
[DEBUG] [2:45:47 PM] refresh.swift:51 runRefreshSessionBlocking(_:layoutWorkspaces:optimisticallyPreLayoutWorkspaces:) - REFRESH: Starting blocking refresh for event: globalObserverLeftMouseUp
[DEBUG] [2:45:47 PM] refresh.swift:57 runRefreshSessionBlocking(_:layoutWorkspaces:optimisticallyPreLayoutWorkspaces:) - REFRESH: Completed blocking refresh in 31.8ms
[DEBUG] [2:45:49 PM] RefreshDebouncer.swift:25 debounce(event:screenIsDefinitelyUnlocked:optimisticallyPreLayoutWorkspaces:) - DEBOUNCE: Using fixed delay 50.0ms for event: globalObserverLeftMouseUp
[DEBUG] [2:45:49 PM] RefreshDebouncer.swift:47 debounceWithFixedDelay(event:screenIsDefinitelyUnlocked:optimisticallyPreLayoutWorkspaces:) - DEBOUNCE: Task scheduled, will wait 50.0ms
[DEBUG] [2:45:49 PM] RefreshDebouncer.swift:58 debounceWithFixedDelay(event:screenIsDefinitelyUnlocked:optimisticallyPreLayoutWorkspaces:) - DEBOUNCE: Executing refresh after 50.637006759643555ms
[DEBUG] [2:45:49 PM] refresh.swift:51 runRefreshSessionBlocking(_:layoutWorkspaces:optimisticallyPreLayoutWorkspaces:) - REFRESH: Starting blocking refresh for event: globalObserverLeftMouseUp
[DEBUG] [2:45:49 PM] refresh.swift:57 runRefreshSessionBlocking(_:layoutWorkspaces:optimisticallyPreLayoutWorkspaces:) - REFRESH: Completed blocking refresh in 30.2ms
[DEBUG] [2:46:20 PM] RefreshDebouncer.swift:25 debounce(event:screenIsDefinitelyUnlocked:optimisticallyPreLayoutWorkspaces:) - DEBOUNCE: Using fixed delay 50.0ms for event: globalObserverLeftMouseUp
[DEBUG] [2:46:20 PM] RefreshDebouncer.swift:47 debounceWithFixedDelay(event:screenIsDefinitelyUnlocked:optimisticallyPreLayoutWorkspaces:) - DEBOUNCE: Task scheduled, will wait 50.0ms
[DEBUG] [2:46:20 PM] RefreshDebouncer.swift:58 debounceWithFixedDelay(event:screenIsDefinitelyUnlocked:optimisticallyPreLayoutWorkspaces:) - DEBOUNCE: Executing refresh after 54.132938385009766ms
[DEBUG] [2:46:20 PM] refresh.swift:51 runRefreshSessionBlocking(_:layoutWorkspaces:optimisticallyPreLayoutWorkspaces:) - REFRESH: Starting blocking refresh for event: globalObserverLeftMouseUp
[DEBUG] [2:46:21 PM] refresh.swift:57 runRefreshSessionBlocking(_:layoutWorkspaces:optimisticallyPreLayoutWorkspaces:) - REFRESH: Completed blocking refresh in 31.2ms
[DEBUG] [2:46:59 PM] RefreshDebouncer.swift:25 debounce(event:screenIsDefinitelyUnlocked:optimisticallyPreLayoutWorkspaces:) - DEBOUNCE: Using fixed delay 50.0ms for event: globalObserverLeftMouseUp
[DEBUG] [2:46:59 PM] RefreshDebouncer.swift:47 debounceWithFixedDelay(event:screenIsDefinitelyUnlocked:optimisticallyPreLayoutWorkspaces:) - DEBOUNCE: Task scheduled, will wait 50.0ms
[DEBUG] [2:46:59 PM] RefreshDebouncer.swift:58 debounceWithFixedDelay(event:screenIsDefinitelyUnlocked:optimisticallyPreLayoutWorkspaces:) - DEBOUNCE: Executing refresh after 54.41904067993164ms
[DEBUG] [2:46:59 PM] refresh.swift:51 runRefreshSessionBlocking(_:layoutWorkspaces:optimisticallyPreLayoutWorkspaces:) - REFRESH: Starting blocking refresh for event: globalObserverLeftMouseUp
[DEBUG] [2:46:59 PM] refresh.swift:57 runRefreshSessionBlocking(_:layoutWorkspaces:optimisticallyPreLayoutWorkspaces:) - REFRESH: Completed blocking refresh in 24.2ms
[DEBUG] [2:47:00 PM] RefreshDebouncer.swift:25 debounce(event:screenIsDefinitelyUnlocked:optimisticallyPreLayoutWorkspaces:) - DEBOUNCE: Using fixed delay 50.0ms for event: globalObserverLeftMouseUp
[DEBUG] [2:47:00 PM] RefreshDebouncer.swift:47 debounceWithFixedDelay(event:screenIsDefinitelyUnlocked:optimisticallyPreLayoutWorkspaces:) - DEBOUNCE: Task scheduled, will wait 50.0ms
[DEBUG] [2:47:00 PM] RefreshDebouncer.swift:58 debounceWithFixedDelay(event:screenIsDefinitelyUnlocked:optimisticallyPreLayoutWorkspaces:) - DEBOUNCE: Executing refresh after 55.03106117248535ms
[DEBUG] [2:47:00 PM] refresh.swift:51 runRefreshSessionBlocking(_:layoutWorkspaces:optimisticallyPreLayoutWorkspaces:) - REFRESH: Starting blocking refresh for event: globalObserverLeftMouseUp
[DEBUG] [2:47:00 PM] refresh.swift:57 runRefreshSessionBlocking(_:layoutWorkspaces:optimisticallyPreLayoutWorkspaces:) - REFRESH: Completed blocking refresh in 28.3ms
[DEBUG] [2:47:03 PM] RefreshDebouncer.swift:25 debounce(event:screenIsDefinitelyUnlocked:optimisticallyPreLayoutWorkspaces:) - DEBOUNCE: Using fixed delay 50.0ms for event: ax(AXWindowCreated)
[DEBUG] [2:47:03 PM] RefreshDebouncer.swift:47 debounceWithFixedDelay(event:screenIsDefinitelyUnlocked:optimisticallyPreLayoutWorkspaces:) - DEBOUNCE: Task scheduled, will wait 50.0ms
[DEBUG] [2:47:03 PM] RefreshDebouncer.swift:58 debounceWithFixedDelay(event:screenIsDefinitelyUnlocked:optimisticallyPreLayoutWorkspaces:) - DEBOUNCE: Executing refresh after 51.496028900146484ms
[DEBUG] [2:47:03 PM] refresh.swift:51 runRefreshSessionBlocking(_:layoutWorkspaces:optimisticallyPreLayoutWorkspaces:) - REFRESH: Starting blocking refresh for event: ax(AXWindowCreated)
[DEBUG] [2:47:04 PM] refresh.swift:57 runRefreshSessionBlocking(_:layoutWorkspaces:optimisticallyPreLayoutWorkspaces:) - REFRESH: Completed blocking refresh in 28.8ms
[DEBUG] [2:47:04 PM] RefreshDebouncer.swift:25 debounce(event:screenIsDefinitelyUnlocked:optimisticallyPreLayoutWorkspaces:) - DEBOUNCE: Using fixed delay 50.0ms for event: globalObserverLeftMouseUp
[DEBUG] [2:47:04 PM] RefreshDebouncer.swift:47 debounceWithFixedDelay(event:screenIsDefinitelyUnlocked:optimisticallyPreLayoutWorkspaces:) - DEBOUNCE: Task scheduled, will wait 50.0ms
[DEBUG] [2:47:04 PM] RefreshDebouncer.swift:58 debounceWithFixedDelay(event:screenIsDefinitelyUnlocked:optimisticallyPreLayoutWorkspaces:) - DEBOUNCE: Executing refresh after 53.431034088134766ms
[DEBUG] [2:47:04 PM] refresh.swift:51 runRefreshSessionBlocking(_:layoutWorkspaces:optimisticallyPreLayoutWorkspaces:) - REFRESH: Starting blocking refresh for event: globalObserverLeftMouseUp
[DEBUG] [2:47:04 PM] refresh.swift:57 runRefreshSessionBlocking(_:layoutWorkspaces:optimisticallyPreLayoutWorkspaces:) - REFRESH: Completed blocking refresh in 26.6ms
[DEBUG] [2:47:04 PM] RefreshDebouncer.swift:25 debounce(event:screenIsDefinitelyUnlocked:optimisticallyPreLayoutWorkspaces:) - DEBOUNCE: Using fixed delay 50.0ms for event: ax(AXUIElementDestroyed)
[DEBUG] [2:47:04 PM] RefreshDebouncer.swift:47 debounceWithFixedDelay(event:screenIsDefinitelyUnlocked:optimisticallyPreLayoutWorkspaces:) - DEBOUNCE: Task scheduled, will wait 50.0ms
[DEBUG] [2:47:05 PM] RefreshDebouncer.swift:58 debounceWithFixedDelay(event:screenIsDefinitelyUnlocked:optimisticallyPreLayoutWorkspaces:) - DEBOUNCE: Executing refresh after 54.23998832702637ms
[DEBUG] [2:47:05 PM] refresh.swift:51 runRefreshSessionBlocking(_:layoutWorkspaces:optimisticallyPreLayoutWorkspaces:) - REFRESH: Starting blocking refresh for event: ax(AXUIElementDestroyed)
[DEBUG] [2:47:05 PM] refresh.swift:57 runRefreshSessionBlocking(_:layoutWorkspaces:optimisticallyPreLayoutWorkspaces:) - REFRESH: Completed blocking refresh in 42.4ms
[DEBUG] [2:47:06 PM] RefreshDebouncer.swift:25 debounce(event:screenIsDefinitelyUnlocked:optimisticallyPreLayoutWorkspaces:) - DEBOUNCE: Using fixed delay 50.0ms for event: ax(AXWindowCreated)
[DEBUG] [2:47:06 PM] RefreshDebouncer.swift:47 debounceWithFixedDelay(event:screenIsDefinitelyUnlocked:optimisticallyPreLayoutWorkspaces:) - DEBOUNCE: Task scheduled, will wait 50.0ms
[DEBUG] [2:47:06 PM] RefreshDebouncer.swift:58 debounceWithFixedDelay(event:screenIsDefinitelyUnlocked:optimisticallyPreLayoutWorkspaces:) - DEBOUNCE: Executing refresh after 54.173946380615234ms
[DEBUG] [2:47:06 PM] refresh.swift:51 runRefreshSessionBlocking(_:layoutWorkspaces:optimisticallyPreLayoutWorkspaces:) - REFRESH: Starting blocking refresh for event: ax(AXWindowCreated)
[DEBUG] [2:47:06 PM] refresh.swift:57 runRefreshSessionBlocking(_:layoutWorkspaces:optimisticallyPreLayoutWorkspaces:) - REFRESH: Completed blocking refresh in 22.6ms
[DEBUG] [2:47:07 PM] RefreshDebouncer.swift:25 debounce(event:screenIsDefinitelyUnlocked:optimisticallyPreLayoutWorkspaces:) - DEBOUNCE: Using fixed delay 50.0ms for event: ax(AXUIElementDestroyed)
[DEBUG] [2:47:07 PM] RefreshDebouncer.swift:47 debounceWithFixedDelay(event:screenIsDefinitelyUnlocked:optimisticallyPreLayoutWorkspaces:) - DEBOUNCE: Task scheduled, will wait 50.0ms
[DEBUG] [2:47:07 PM] RefreshDebouncer.swift:25 debounce(event:screenIsDefinitelyUnlocked:optimisticallyPreLayoutWorkspaces:) - DEBOUNCE: Using fixed delay 50.0ms for event: ax(AXWindowCreated)
[DEBUG] [2:47:07 PM] RefreshDebouncer.swift:47 debounceWithFixedDelay(event:screenIsDefinitelyUnlocked:optimisticallyPreLayoutWorkspaces:) - DEBOUNCE: Task scheduled, will wait 50.0ms
[DEBUG] [2:47:07 PM] RefreshDebouncer.swift:54 debounceWithFixedDelay(event:screenIsDefinitelyUnlocked:optimisticallyPreLayoutWorkspaces:) - DEBOUNCE: Task cancelled after 18.872976303100586ms
[DEBUG] [2:47:07 PM] RefreshDebouncer.swift:58 debounceWithFixedDelay(event:screenIsDefinitelyUnlocked:optimisticallyPreLayoutWorkspaces:) - DEBOUNCE: Executing refresh after 54.443955421447754ms
[DEBUG] [2:47:07 PM] refresh.swift:51 runRefreshSessionBlocking(_:layoutWorkspaces:optimisticallyPreLayoutWorkspaces:) - REFRESH: Starting blocking refresh for event: ax(AXWindowCreated)
[DEBUG] [2:47:07 PM] refresh.swift:57 runRefreshSessionBlocking(_:layoutWorkspaces:optimisticallyPreLayoutWorkspaces:) - REFRESH: Completed blocking refresh in 28.0ms
[DEBUG] [2:47:07 PM] RefreshDebouncer.swift:25 debounce(event:screenIsDefinitelyUnlocked:optimisticallyPreLayoutWorkspaces:) - DEBOUNCE: Using fixed delay 50.0ms for event: ax(AXUIElementDestroyed)
[DEBUG] [2:47:07 PM] RefreshDebouncer.swift:47 debounceWithFixedDelay(event:screenIsDefinitelyUnlocked:optimisticallyPreLayoutWorkspaces:) - DEBOUNCE: Task scheduled, will wait 50.0ms
[DEBUG] [2:47:07 PM] RefreshDebouncer.swift:25 debounce(event:screenIsDefinitelyUnlocked:optimisticallyPreLayoutWorkspaces:) - DEBOUNCE: Using fixed delay 50.0ms for event: ax(AXWindowCreated)
[DEBUG] [2:47:07 PM] RefreshDebouncer.swift:47 debounceWithFixedDelay(event:screenIsDefinitelyUnlocked:optimisticallyPreLayoutWorkspaces:) - DEBOUNCE: Task scheduled, will wait 50.0ms
[DEBUG] [2:47:07 PM] RefreshDebouncer.swift:54 debounceWithFixedDelay(event:screenIsDefinitelyUnlocked:optimisticallyPreLayoutWorkspaces:) - DEBOUNCE: Task cancelled after 49.813032150268555ms
[DEBUG] [2:47:07 PM] RefreshDebouncer.swift:58 debounceWithFixedDelay(event:screenIsDefinitelyUnlocked:optimisticallyPreLayoutWorkspaces:) - DEBOUNCE: Executing refresh after 52.93095111846924ms
[DEBUG] [2:47:07 PM] refresh.swift:51 runRefreshSessionBlocking(_:layoutWorkspaces:optimisticallyPreLayoutWorkspaces:) - REFRESH: Starting blocking refresh for event: ax(AXWindowCreated)
[DEBUG] [2:47:07 PM] refresh.swift:57 runRefreshSessionBlocking(_:layoutWorkspaces:optimisticallyPreLayoutWorkspaces:) - REFRESH: Completed blocking refresh in 35.0ms
[DEBUG] [2:47:08 PM] RefreshDebouncer.swift:25 debounce(event:screenIsDefinitelyUnlocked:optimisticallyPreLayoutWorkspaces:) - DEBOUNCE: Using fixed delay 50.0ms for event: globalObserverLeftMouseUp
[DEBUG] [2:47:08 PM] RefreshDebouncer.swift:47 debounceWithFixedDelay(event:screenIsDefinitelyUnlocked:optimisticallyPreLayoutWorkspaces:) - DEBOUNCE: Task scheduled, will wait 50.0ms
[DEBUG] [2:47:08 PM] RefreshDebouncer.swift:58 debounceWithFixedDelay(event:screenIsDefinitelyUnlocked:optimisticallyPreLayoutWorkspaces:) - DEBOUNCE: Executing refresh after 51.123976707458496ms
[DEBUG] [2:47:08 PM] refresh.swift:51 runRefreshSessionBlocking(_:layoutWorkspaces:optimisticallyPreLayoutWorkspaces:) - REFRESH: Starting blocking refresh for event: globalObserverLeftMouseUp
[DEBUG] [2:47:08 PM] RefreshDebouncer.swift:25 debounce(event:screenIsDefinitelyUnlocked:optimisticallyPreLayoutWorkspaces:) - DEBOUNCE: Using fixed delay 50.0ms for event: ax(AXUIElementDestroyed)
[DEBUG] [2:47:08 PM] RefreshDebouncer.swift:47 debounceWithFixedDelay(event:screenIsDefinitelyUnlocked:optimisticallyPreLayoutWorkspaces:) - DEBOUNCE: Task scheduled, will wait 50.0ms
[DEBUG] [2:47:08 PM] refresh.swift:57 runRefreshSessionBlocking(_:layoutWorkspaces:optimisticallyPreLayoutWorkspaces:) - REFRESH: Completed blocking refresh in 69.0ms
[DEBUG] [2:47:08 PM] RefreshDebouncer.swift:58 debounceWithFixedDelay(event:screenIsDefinitelyUnlocked:optimisticallyPreLayoutWorkspaces:) - DEBOUNCE: Executing refresh after 55.12094497680664ms
[DEBUG] [2:47:08 PM] refresh.swift:51 runRefreshSessionBlocking(_:layoutWorkspaces:optimisticallyPreLayoutWorkspaces:) - REFRESH: Starting blocking refresh for event: ax(AXUIElementDestroyed)
[DEBUG] [2:47:08 PM] refresh.swift:57 runRefreshSessionBlocking(_:layoutWorkspaces:optimisticallyPreLayoutWorkspaces:) - REFRESH: Completed blocking refresh in 21.3ms
[DEBUG] [2:47:10 PM] RefreshDebouncer.swift:25 debounce(event:screenIsDefinitelyUnlocked:optimisticallyPreLayoutWorkspaces:) - DEBOUNCE: Using fixed delay 50.0ms for event: ax(AXWindowCreated)
[DEBUG] [2:47:10 PM] RefreshDebouncer.swift:47 debounceWithFixedDelay(event:screenIsDefinitelyUnlocked:optimisticallyPreLayoutWorkspaces:) - DEBOUNCE: Task scheduled, will wait 50.0ms
[DEBUG] [2:47:10 PM] RefreshDebouncer.swift:58 debounceWithFixedDelay(event:screenIsDefinitelyUnlocked:optimisticallyPreLayoutWorkspaces:) - DEBOUNCE: Executing refresh after 54.4130802154541ms
[DEBUG] [2:47:10 PM] refresh.swift:51 runRefreshSessionBlocking(_:layoutWorkspaces:optimisticallyPreLayoutWorkspaces:) - REFRESH: Starting blocking refresh for event: ax(AXWindowCreated)
[DEBUG] [2:47:10 PM] refresh.swift:57 runRefreshSessionBlocking(_:layoutWorkspaces:optimisticallyPreLayoutWorkspaces:) - REFRESH: Completed blocking refresh in 33.0ms
[DEBUG] [2:47:10 PM] RefreshDebouncer.swift:25 debounce(event:screenIsDefinitelyUnlocked:optimisticallyPreLayoutWorkspaces:) - DEBOUNCE: Using fixed delay 50.0ms for event: globalObserverLeftMouseUp
[DEBUG] [2:47:10 PM] RefreshDebouncer.swift:47 debounceWithFixedDelay(event:screenIsDefinitelyUnlocked:optimisticallyPreLayoutWorkspaces:) - DEBOUNCE: Task scheduled, will wait 50.0ms
[DEBUG] [2:47:10 PM] RefreshDebouncer.swift:25 debounce(event:screenIsDefinitelyUnlocked:optimisticallyPreLayoutWorkspaces:) - DEBOUNCE: Using fixed delay 50.0ms for event: ax(AXUIElementDestroyed)
[DEBUG] [2:47:10 PM] RefreshDebouncer.swift:54 debounceWithFixedDelay(event:screenIsDefinitelyUnlocked:optimisticallyPreLayoutWorkspaces:) - DEBOUNCE: Task cancelled after 54.368019104003906ms
[DEBUG] [2:47:10 PM] RefreshDebouncer.swift:47 debounceWithFixedDelay(event:screenIsDefinitelyUnlocked:optimisticallyPreLayoutWorkspaces:) - DEBOUNCE: Task scheduled, will wait 50.0ms
[DEBUG] [2:47:10 PM] RefreshDebouncer.swift:58 debounceWithFixedDelay(event:screenIsDefinitelyUnlocked:optimisticallyPreLayoutWorkspaces:) - DEBOUNCE: Executing refresh after 53.52294445037842ms
[DEBUG] [2:47:10 PM] refresh.swift:51 runRefreshSessionBlocking(_:layoutWorkspaces:optimisticallyPreLayoutWorkspaces:) - REFRESH: Starting blocking refresh for event: ax(AXUIElementDestroyed)
[DEBUG] [2:47:11 PM] refresh.swift:57 runRefreshSessionBlocking(_:layoutWorkspaces:optimisticallyPreLayoutWorkspaces:) - REFRESH: Completed blocking refresh in 27.0ms
[DEBUG] [2:47:15 PM] RefreshDebouncer.swift:25 debounce(event:screenIsDefinitelyUnlocked:optimisticallyPreLayoutWorkspaces:) - DEBOUNCE: Using fixed delay 50.0ms for event: ax(AXWindowCreated)
[DEBUG] [2:47:15 PM] RefreshDebouncer.swift:47 debounceWithFixedDelay(event:screenIsDefinitelyUnlocked:optimisticallyPreLayoutWorkspaces:) - DEBOUNCE: Task scheduled, will wait 50.0ms
[DEBUG] [2:47:15 PM] RefreshDebouncer.swift:58 debounceWithFixedDelay(event:screenIsDefinitelyUnlocked:optimisticallyPreLayoutWorkspaces:) - DEBOUNCE: Executing refresh after 54.325103759765625ms
[DEBUG] [2:47:15 PM] refresh.swift:51 runRefreshSessionBlocking(_:layoutWorkspaces:optimisticallyPreLayoutWorkspaces:) - REFRESH: Starting blocking refresh for event: ax(AXWindowCreated)
[DEBUG] [2:47:15 PM] refresh.swift:57 runRefreshSessionBlocking(_:layoutWorkspaces:optimisticallyPreLayoutWorkspaces:) - REFRESH: Completed blocking refresh in 22.0ms
[DEBUG] [2:47:15 PM] RefreshDebouncer.swift:25 debounce(event:screenIsDefinitelyUnlocked:optimisticallyPreLayoutWorkspaces:) - DEBOUNCE: Using fixed delay 50.0ms for event: ax(AXWindowCreated)
[DEBUG] [2:47:15 PM] RefreshDebouncer.swift:47 debounceWithFixedDelay(event:screenIsDefinitelyUnlocked:optimisticallyPreLayoutWorkspaces:) - DEBOUNCE: Task scheduled, will wait 50.0ms
[DEBUG] [2:47:15 PM] RefreshDebouncer.swift:58 debounceWithFixedDelay(event:screenIsDefinitelyUnlocked:optimisticallyPreLayoutWorkspaces:) - DEBOUNCE: Executing refresh after 54.35991287231445ms
[DEBUG] [2:47:15 PM] refresh.swift:51 runRefreshSessionBlocking(_:layoutWorkspaces:optimisticallyPreLayoutWorkspaces:) - REFRESH: Starting blocking refresh for event: ax(AXWindowCreated)
[DEBUG] [2:47:15 PM] refresh.swift:57 runRefreshSessionBlocking(_:layoutWorkspaces:optimisticallyPreLayoutWorkspaces:) - REFRESH: Completed blocking refresh in 26.6ms
[DEBUG] [2:47:15 PM] RefreshDebouncer.swift:25 debounce(event:screenIsDefinitelyUnlocked:optimisticallyPreLayoutWorkspaces:) - DEBOUNCE: Using fixed delay 50.0ms for event: ax(AXUIElementDestroyed)
[DEBUG] [2:47:15 PM] RefreshDebouncer.swift:47 debounceWithFixedDelay(event:screenIsDefinitelyUnlocked:optimisticallyPreLayoutWorkspaces:) - DEBOUNCE: Task scheduled, will wait 50.0ms
[DEBUG] [2:47:15 PM] RefreshDebouncer.swift:58 debounceWithFixedDelay(event:screenIsDefinitelyUnlocked:optimisticallyPreLayoutWorkspaces:) - DEBOUNCE: Executing refresh after 53.27498912811279ms
[DEBUG] [2:47:15 PM] refresh.swift:51 runRefreshSessionBlocking(_:layoutWorkspaces:optimisticallyPreLayoutWorkspaces:) - REFRESH: Starting blocking refresh for event: ax(AXUIElementDestroyed)
[DEBUG] [2:47:15 PM] refresh.swift:57 runRefreshSessionBlocking(_:layoutWorkspaces:optimisticallyPreLayoutWorkspaces:) - REFRESH: Completed blocking refresh in 28.9ms
[DEBUG] [2:47:15 PM] RefreshDebouncer.swift:25 debounce(event:screenIsDefinitelyUnlocked:optimisticallyPreLayoutWorkspaces:) - DEBOUNCE: Using fixed delay 50.0ms for event: ax(AXWindowCreated)
[DEBUG] [2:47:15 PM] RefreshDebouncer.swift:47 debounceWithFixedDelay(event:screenIsDefinitelyUnlocked:optimisticallyPreLayoutWorkspaces:) - DEBOUNCE: Task scheduled, will wait 50.0ms
[DEBUG] [2:47:16 PM] RefreshDebouncer.swift:58 debounceWithFixedDelay(event:screenIsDefinitelyUnlocked:optimisticallyPreLayoutWorkspaces:) - DEBOUNCE: Executing refresh after 51.650047302246094ms
[DEBUG] [2:47:16 PM] refresh.swift:51 runRefreshSessionBlocking(_:layoutWorkspaces:optimisticallyPreLayoutWorkspaces:) - REFRESH: Starting blocking refresh for event: ax(AXWindowCreated)
[DEBUG] [2:47:16 PM] refresh.swift:57 runRefreshSessionBlocking(_:layoutWorkspaces:optimisticallyPreLayoutWorkspaces:) - REFRESH: Completed blocking refresh in 22.0ms
[DEBUG] [2:47:16 PM] RefreshDebouncer.swift:25 debounce(event:screenIsDefinitelyUnlocked:optimisticallyPreLayoutWorkspaces:) - DEBOUNCE: Using fixed delay 50.0ms for event: ax(AXUIElementDestroyed)
[DEBUG] [2:47:16 PM] RefreshDebouncer.swift:47 debounceWithFixedDelay(event:screenIsDefinitelyUnlocked:optimisticallyPreLayoutWorkspaces:) - DEBOUNCE: Task scheduled, will wait 50.0ms
[DEBUG] [2:47:16 PM] RefreshDebouncer.swift:58 debounceWithFixedDelay(event:screenIsDefinitelyUnlocked:optimisticallyPreLayoutWorkspaces:) - DEBOUNCE: Executing refresh after 55.35399913787842ms
[DEBUG] [2:47:16 PM] refresh.swift:51 runRefreshSessionBlocking(_:layoutWorkspaces:optimisticallyPreLayoutWorkspaces:) - REFRESH: Starting blocking refresh for event: ax(AXUIElementDestroyed)
[DEBUG] [2:47:16 PM] refresh.swift:57 runRefreshSessionBlocking(_:layoutWorkspaces:optimisticallyPreLayoutWorkspaces:) - REFRESH: Completed blocking refresh in 21.2ms
[DEBUG] [2:47:16 PM] RefreshDebouncer.swift:25 debounce(event:screenIsDefinitelyUnlocked:optimisticallyPreLayoutWorkspaces:) - DEBOUNCE: Using fixed delay 50.0ms for event: ax(AXWindowCreated)
[DEBUG] [2:47:16 PM] RefreshDebouncer.swift:47 debounceWithFixedDelay(event:screenIsDefinitelyUnlocked:optimisticallyPreLayoutWorkspaces:) - DEBOUNCE: Task scheduled, will wait 50.0ms
[DEBUG] [2:47:16 PM] RefreshDebouncer.swift:58 debounceWithFixedDelay(event:screenIsDefinitelyUnlocked:optimisticallyPreLayoutWorkspaces:) - DEBOUNCE: Executing refresh after 54.47506904602051ms
[DEBUG] [2:47:16 PM] refresh.swift:51 runRefreshSessionBlocking(_:layoutWorkspaces:optimisticallyPreLayoutWorkspaces:) - REFRESH: Starting blocking refresh for event: ax(AXWindowCreated)
[DEBUG] [2:47:16 PM] refresh.swift:57 runRefreshSessionBlocking(_:layoutWorkspaces:optimisticallyPreLayoutWorkspaces:) - REFRESH: Completed blocking refresh in 22.2ms
[DEBUG] [2:47:16 PM] RefreshDebouncer.swift:25 debounce(event:screenIsDefinitelyUnlocked:optimisticallyPreLayoutWorkspaces:) - DEBOUNCE: Using fixed delay 50.0ms for event: ax(AXUIElementDestroyed)
[DEBUG] [2:47:16 PM] RefreshDebouncer.swift:47 debounceWithFixedDelay(event:screenIsDefinitelyUnlocked:optimisticallyPreLayoutWorkspaces:) - DEBOUNCE: Task scheduled, will wait 50.0ms
[DEBUG] [2:47:16 PM] RefreshDebouncer.swift:25 debounce(event:screenIsDefinitelyUnlocked:optimisticallyPreLayoutWorkspaces:) - DEBOUNCE: Using fixed delay 50.0ms for event: ax(AXWindowCreated)
[DEBUG] [2:47:16 PM] RefreshDebouncer.swift:47 debounceWithFixedDelay(event:screenIsDefinitelyUnlocked:optimisticallyPreLayoutWorkspaces:) - DEBOUNCE: Task scheduled, will wait 50.0ms
[DEBUG] [2:47:16 PM] RefreshDebouncer.swift:54 debounceWithFixedDelay(event:screenIsDefinitelyUnlocked:optimisticallyPreLayoutWorkspaces:) - DEBOUNCE: Task cancelled after 34.46602821350098ms
[DEBUG] [2:47:16 PM] RefreshDebouncer.swift:58 debounceWithFixedDelay(event:screenIsDefinitelyUnlocked:optimisticallyPreLayoutWorkspaces:) - DEBOUNCE: Executing refresh after 55.602073669433594ms
[DEBUG] [2:47:16 PM] refresh.swift:51 runRefreshSessionBlocking(_:layoutWorkspaces:optimisticallyPreLayoutWorkspaces:) - REFRESH: Starting blocking refresh for event: ax(AXWindowCreated)
[DEBUG] [2:47:16 PM] refresh.swift:57 runRefreshSessionBlocking(_:layoutWorkspaces:optimisticallyPreLayoutWorkspaces:) - REFRESH: Completed blocking refresh in 23.6ms
[DEBUG] [2:47:16 PM] RefreshDebouncer.swift:25 debounce(event:screenIsDefinitelyUnlocked:optimisticallyPreLayoutWorkspaces:) - DEBOUNCE: Using fixed delay 50.0ms for event: ax(AXUIElementDestroyed)
[DEBUG] [2:47:16 PM] RefreshDebouncer.swift:47 debounceWithFixedDelay(event:screenIsDefinitelyUnlocked:optimisticallyPreLayoutWorkspaces:) - DEBOUNCE: Task scheduled, will wait 50.0ms
[DEBUG] [2:47:16 PM] RefreshDebouncer.swift:58 debounceWithFixedDelay(event:screenIsDefinitelyUnlocked:optimisticallyPreLayoutWorkspaces:) - DEBOUNCE: Executing refresh after 53.140997886657715ms
[DEBUG] [2:47:16 PM] refresh.swift:51 runRefreshSessionBlocking(_:layoutWorkspaces:optimisticallyPreLayoutWorkspaces:) - REFRESH: Starting blocking refresh for event: ax(AXUIElementDestroyed)
[DEBUG] [2:47:16 PM] refresh.swift:57 runRefreshSessionBlocking(_:layoutWorkspaces:optimisticallyPreLayoutWorkspaces:) - REFRESH: Completed blocking refresh in 24.0ms
[DEBUG] [2:47:16 PM] RefreshDebouncer.swift:25 debounce(event:screenIsDefinitelyUnlocked:optimisticallyPreLayoutWorkspaces:) - DEBOUNCE: Using fixed delay 50.0ms for event: ax(AXWindowCreated)
[DEBUG] [2:47:16 PM] RefreshDebouncer.swift:47 debounceWithFixedDelay(event:screenIsDefinitelyUnlocked:optimisticallyPreLayoutWorkspaces:) - DEBOUNCE: Task scheduled, will wait 50.0ms
[DEBUG] [2:47:16 PM] RefreshDebouncer.swift:58 debounceWithFixedDelay(event:screenIsDefinitelyUnlocked:optimisticallyPreLayoutWorkspaces:) - DEBOUNCE: Executing refresh after 51.596999168395996ms
[DEBUG] [2:47:16 PM] refresh.swift:51 runRefreshSessionBlocking(_:layoutWorkspaces:optimisticallyPreLayoutWorkspaces:) - REFRESH: Starting blocking refresh for event: ax(AXWindowCreated)
[DEBUG] [2:47:16 PM] refresh.swift:57 runRefreshSessionBlocking(_:layoutWorkspaces:optimisticallyPreLayoutWorkspaces:) - REFRESH: Completed blocking refresh in 25.5ms
[DEBUG] [2:47:17 PM] RefreshDebouncer.swift:25 debounce(event:screenIsDefinitelyUnlocked:optimisticallyPreLayoutWorkspaces:) - DEBOUNCE: Using fixed delay 50.0ms for event: globalObserverLeftMouseUp
[DEBUG] [2:47:17 PM] RefreshDebouncer.swift:47 debounceWithFixedDelay(event:screenIsDefinitelyUnlocked:optimisticallyPreLayoutWorkspaces:) - DEBOUNCE: Task scheduled, will wait 50.0ms
[DEBUG] [2:47:17 PM] RefreshDebouncer.swift:58 debounceWithFixedDelay(event:screenIsDefinitelyUnlocked:optimisticallyPreLayoutWorkspaces:) - DEBOUNCE: Executing refresh after 52.39999294281006ms
[DEBUG] [2:47:17 PM] refresh.swift:51 runRefreshSessionBlocking(_:layoutWorkspaces:optimisticallyPreLayoutWorkspaces:) - REFRESH: Starting blocking refresh for event: globalObserverLeftMouseUp
[DEBUG] [2:47:17 PM] refresh.swift:57 runRefreshSessionBlocking(_:layoutWorkspaces:optimisticallyPreLayoutWorkspaces:) - REFRESH: Completed blocking refresh in 28.4ms
[DEBUG] [2:47:17 PM] RefreshDebouncer.swift:25 debounce(event:screenIsDefinitelyUnlocked:optimisticallyPreLayoutWorkspaces:) - DEBOUNCE: Using fixed delay 50.0ms for event: ax(AXUIElementDestroyed)
[DEBUG] [2:47:17 PM] RefreshDebouncer.swift:47 debounceWithFixedDelay(event:screenIsDefinitelyUnlocked:optimisticallyPreLayoutWorkspaces:) - DEBOUNCE: Task scheduled, will wait 50.0ms
[DEBUG] [2:47:17 PM] RefreshDebouncer.swift:58 debounceWithFixedDelay(event:screenIsDefinitelyUnlocked:optimisticallyPreLayoutWorkspaces:) - DEBOUNCE: Executing refresh after 53.06804180145264ms
[DEBUG] [2:47:17 PM] refresh.swift:51 runRefreshSessionBlocking(_:layoutWorkspaces:optimisticallyPreLayoutWorkspaces:) - REFRESH: Starting blocking refresh for event: ax(AXUIElementDestroyed)
[DEBUG] [2:47:17 PM] refresh.swift:57 runRefreshSessionBlocking(_:layoutWorkspaces:optimisticallyPreLayoutWorkspaces:) - REFRESH: Completed blocking refresh in 33.6ms
[DEBUG] [2:47:19 PM] RefreshDebouncer.swift:25 debounce(event:screenIsDefinitelyUnlocked:optimisticallyPreLayoutWorkspaces:) - DEBOUNCE: Using fixed delay 50.0ms for event: globalObserverLeftMouseUp
[DEBUG] [2:47:19 PM] RefreshDebouncer.swift:47 debounceWithFixedDelay(event:screenIsDefinitelyUnlocked:optimisticallyPreLayoutWorkspaces:) - DEBOUNCE: Task scheduled, will wait 50.0ms
[DEBUG] [2:47:19 PM] RefreshDebouncer.swift:58 debounceWithFixedDelay(event:screenIsDefinitelyUnlocked:optimisticallyPreLayoutWorkspaces:) - DEBOUNCE: Executing refresh after 51.3840913772583ms
[DEBUG] [2:47:19 PM] refresh.swift:51 runRefreshSessionBlocking(_:layoutWorkspaces:optimisticallyPreLayoutWorkspaces:) - REFRESH: Starting blocking refresh for event: globalObserverLeftMouseUp
[DEBUG] [2:47:19 PM] refresh.swift:57 runRefreshSessionBlocking(_:layoutWorkspaces:optimisticallyPreLayoutWorkspaces:) - REFRESH: Completed blocking refresh in 26.7ms
[DEBUG] [2:47:20 PM] RefreshDebouncer.swift:25 debounce(event:screenIsDefinitelyUnlocked:optimisticallyPreLayoutWorkspaces:) - DEBOUNCE: Using fixed delay 50.0ms for event: ax(AXWindowCreated)
[DEBUG] [2:47:20 PM] RefreshDebouncer.swift:47 debounceWithFixedDelay(event:screenIsDefinitelyUnlocked:optimisticallyPreLayoutWorkspaces:) - DEBOUNCE: Task scheduled, will wait 50.0ms
[DEBUG] [2:47:20 PM] RefreshDebouncer.swift:58 debounceWithFixedDelay(event:screenIsDefinitelyUnlocked:optimisticallyPreLayoutWorkspaces:) - DEBOUNCE: Executing refresh after 55.08708953857422ms
[DEBUG] [2:47:20 PM] refresh.swift:51 runRefreshSessionBlocking(_:layoutWorkspaces:optimisticallyPreLayoutWorkspaces:) - REFRESH: Starting blocking refresh for event: ax(AXWindowCreated)
[DEBUG] [2:47:20 PM] refresh.swift:57 runRefreshSessionBlocking(_:layoutWorkspaces:optimisticallyPreLayoutWorkspaces:) - REFRESH: Completed blocking refresh in 28.8ms
[DEBUG] [2:47:20 PM] RefreshDebouncer.swift:25 debounce(event:screenIsDefinitelyUnlocked:optimisticallyPreLayoutWorkspaces:) - DEBOUNCE: Using fixed delay 50.0ms for event: ax(AXUIElementDestroyed)
[DEBUG] [2:47:20 PM] RefreshDebouncer.swift:47 debounceWithFixedDelay(event:screenIsDefinitelyUnlocked:optimisticallyPreLayoutWorkspaces:) - DEBOUNCE: Task scheduled, will wait 50.0ms
[DEBUG] [2:47:20 PM] RefreshDebouncer.swift:58 debounceWithFixedDelay(event:screenIsDefinitelyUnlocked:optimisticallyPreLayoutWorkspaces:) - DEBOUNCE: Executing refresh after 54.728031158447266ms
[DEBUG] [2:47:20 PM] refresh.swift:51 runRefreshSessionBlocking(_:layoutWorkspaces:optimisticallyPreLayoutWorkspaces:) - REFRESH: Starting blocking refresh for event: ax(AXUIElementDestroyed)
[DEBUG] [2:47:20 PM] refresh.swift:57 runRefreshSessionBlocking(_:layoutWorkspaces:optimisticallyPreLayoutWorkspaces:) - REFRESH: Completed blocking refresh in 31.6ms
[DEBUG] [2:47:21 PM] RefreshDebouncer.swift:25 debounce(event:screenIsDefinitelyUnlocked:optimisticallyPreLayoutWorkspaces:) - DEBOUNCE: Using fixed delay 50.0ms for event: ax(AXWindowCreated)
[DEBUG] [2:47:21 PM] RefreshDebouncer.swift:47 debounceWithFixedDelay(event:screenIsDefinitelyUnlocked:optimisticallyPreLayoutWorkspaces:) - DEBOUNCE: Task scheduled, will wait 50.0ms
[DEBUG] [2:47:21 PM] RefreshDebouncer.swift:58 debounceWithFixedDelay(event:screenIsDefinitelyUnlocked:optimisticallyPreLayoutWorkspaces:) - DEBOUNCE: Executing refresh after 54.59702014923096ms
[DEBUG] [2:47:21 PM] refresh.swift:51 runRefreshSessionBlocking(_:layoutWorkspaces:optimisticallyPreLayoutWorkspaces:) - REFRESH: Starting blocking refresh for event: ax(AXWindowCreated)
[DEBUG] [2:47:21 PM] refresh.swift:57 runRefreshSessionBlocking(_:layoutWorkspaces:optimisticallyPreLayoutWorkspaces:) - REFRESH: Completed blocking refresh in 28.1ms
[DEBUG] [2:47:21 PM] RefreshDebouncer.swift:25 debounce(event:screenIsDefinitelyUnlocked:optimisticallyPreLayoutWorkspaces:) - DEBOUNCE: Using fixed delay 50.0ms for event: ax(AXWindowCreated)
[DEBUG] [2:47:21 PM] RefreshDebouncer.swift:47 debounceWithFixedDelay(event:screenIsDefinitelyUnlocked:optimisticallyPreLayoutWorkspaces:) - DEBOUNCE: Task scheduled, will wait 50.0ms
[DEBUG] [2:47:21 PM] RefreshDebouncer.swift:58 debounceWithFixedDelay(event:screenIsDefinitelyUnlocked:optimisticallyPreLayoutWorkspaces:) - DEBOUNCE: Executing refresh after 51.51510238647461ms
[DEBUG] [2:47:21 PM] refresh.swift:51 runRefreshSessionBlocking(_:layoutWorkspaces:optimisticallyPreLayoutWorkspaces:) - REFRESH: Starting blocking refresh for event: ax(AXWindowCreated)
[DEBUG] [2:47:21 PM] refresh.swift:57 runRefreshSessionBlocking(_:layoutWorkspaces:optimisticallyPreLayoutWorkspaces:) - REFRESH: Completed blocking refresh in 25.4ms
[DEBUG] [2:47:23 PM] RefreshDebouncer.swift:25 debounce(event:screenIsDefinitelyUnlocked:optimisticallyPreLayoutWorkspaces:) - DEBOUNCE: Using fixed delay 50.0ms for event: globalObserverLeftMouseUp
[DEBUG] [2:47:23 PM] RefreshDebouncer.swift:47 debounceWithFixedDelay(event:screenIsDefinitelyUnlocked:optimisticallyPreLayoutWorkspaces:) - DEBOUNCE: Task scheduled, will wait 50.0ms
[DEBUG] [2:47:23 PM] RefreshDebouncer.swift:58 debounceWithFixedDelay(event:screenIsDefinitelyUnlocked:optimisticallyPreLayoutWorkspaces:) - DEBOUNCE: Executing refresh after 53.7029504776001ms
[DEBUG] [2:47:23 PM] refresh.swift:51 runRefreshSessionBlocking(_:layoutWorkspaces:optimisticallyPreLayoutWorkspaces:) - REFRESH: Starting blocking refresh for event: globalObserverLeftMouseUp
[DEBUG] [2:47:24 PM] refresh.swift:57 runRefreshSessionBlocking(_:layoutWorkspaces:optimisticallyPreLayoutWorkspaces:) - REFRESH: Completed blocking refresh in 29.1ms
[DEBUG] [2:47:24 PM] RefreshDebouncer.swift:25 debounce(event:screenIsDefinitelyUnlocked:optimisticallyPreLayoutWorkspaces:) - DEBOUNCE: Using fixed delay 50.0ms for event: ax(AXUIElementDestroyed)
[DEBUG] [2:47:24 PM] RefreshDebouncer.swift:47 debounceWithFixedDelay(event:screenIsDefinitelyUnlocked:optimisticallyPreLayoutWorkspaces:) - DEBOUNCE: Task scheduled, will wait 50.0ms
[DEBUG] [2:47:24 PM] RefreshDebouncer.swift:58 debounceWithFixedDelay(event:screenIsDefinitelyUnlocked:optimisticallyPreLayoutWorkspaces:) - DEBOUNCE: Executing refresh after 54.322004318237305ms
[DEBUG] [2:47:24 PM] refresh.swift:51 runRefreshSessionBlocking(_:layoutWorkspaces:optimisticallyPreLayoutWorkspaces:) - REFRESH: Starting blocking refresh for event: ax(AXUIElementDestroyed)
[DEBUG] [2:47:24 PM] refresh.swift:57 runRefreshSessionBlocking(_:layoutWorkspaces:optimisticallyPreLayoutWorkspaces:) - REFRESH: Completed blocking refresh in 37.3ms
[DEBUG] [2:47:30 PM] RefreshDebouncer.swift:25 debounce(event:screenIsDefinitelyUnlocked:optimisticallyPreLayoutWorkspaces:) - DEBOUNCE: Using fixed delay 50.0ms for event: ax(AXWindowCreated)
[DEBUG] [2:47:30 PM] RefreshDebouncer.swift:47 debounceWithFixedDelay(event:screenIsDefinitelyUnlocked:optimisticallyPreLayoutWorkspaces:) - DEBOUNCE: Task scheduled, will wait 50.0ms
[DEBUG] [2:47:30 PM] RefreshDebouncer.swift:58 debounceWithFixedDelay(event:screenIsDefinitelyUnlocked:optimisticallyPreLayoutWorkspaces:) - DEBOUNCE: Executing refresh after 53.8179874420166ms
[DEBUG] [2:47:30 PM] refresh.swift:51 runRefreshSessionBlocking(_:layoutWorkspaces:optimisticallyPreLayoutWorkspaces:) - REFRESH: Starting blocking refresh for event: ax(AXWindowCreated)
[DEBUG] [2:47:30 PM] refresh.swift:57 runRefreshSessionBlocking(_:layoutWorkspaces:optimisticallyPreLayoutWorkspaces:) - REFRESH: Completed blocking refresh in 27.2ms
[DEBUG] [2:47:30 PM] RefreshDebouncer.swift:25 debounce(event:screenIsDefinitelyUnlocked:optimisticallyPreLayoutWorkspaces:) - DEBOUNCE: Using fixed delay 50.0ms for event: globalObserver(NSWorkspaceDidActivateApplicationNotification)
[DEBUG] [2:47:30 PM] RefreshDebouncer.swift:47 debounceWithFixedDelay(event:screenIsDefinitelyUnlocked:optimisticallyPreLayoutWorkspaces:) - DEBOUNCE: Task scheduled, will wait 50.0ms
[DEBUG] [2:47:30 PM] RefreshDebouncer.swift:58 debounceWithFixedDelay(event:screenIsDefinitelyUnlocked:optimisticallyPreLayoutWorkspaces:) - DEBOUNCE: Executing refresh after 50.88698863983154ms
[DEBUG] [2:47:30 PM] refresh.swift:51 runRefreshSessionBlocking(_:layoutWorkspaces:optimisticallyPreLayoutWorkspaces:) - REFRESH: Starting blocking refresh for event: globalObserver(NSWorkspaceDidActivateApplicationNotification)
[DEBUG] [2:47:30 PM] RefreshDebouncer.swift:25 debounce(event:screenIsDefinitelyUnlocked:optimisticallyPreLayoutWorkspaces:) - DEBOUNCE: Using fixed delay 50.0ms for event: globalObserverLeftMouseUp
[DEBUG] [2:47:30 PM] RefreshDebouncer.swift:47 debounceWithFixedDelay(event:screenIsDefinitelyUnlocked:optimisticallyPreLayoutWorkspaces:) - DEBOUNCE: Task scheduled, will wait 50.0ms
[DEBUG] [2:47:30 PM] refresh.swift:57 runRefreshSessionBlocking(_:layoutWorkspaces:optimisticallyPreLayoutWorkspaces:) - REFRESH: Completed blocking refresh in 49.8ms
[DEBUG] [2:47:30 PM] RefreshDebouncer.swift:58 debounceWithFixedDelay(event:screenIsDefinitelyUnlocked:optimisticallyPreLayoutWorkspaces:) - DEBOUNCE: Executing refresh after 54.63409423828125ms
[DEBUG] [2:47:30 PM] refresh.swift:51 runRefreshSessionBlocking(_:layoutWorkspaces:optimisticallyPreLayoutWorkspaces:) - REFRESH: Starting blocking refresh for event: globalObserverLeftMouseUp
[DEBUG] [2:47:30 PM] refresh.swift:57 runRefreshSessionBlocking(_:layoutWorkspaces:optimisticallyPreLayoutWorkspaces:) - REFRESH: Completed blocking refresh in 17.2ms
[DEBUG] [2:47:31 PM] RefreshDebouncer.swift:25 debounce(event:screenIsDefinitelyUnlocked:optimisticallyPreLayoutWorkspaces:) - DEBOUNCE: Using fixed delay 50.0ms for event: ax(AXResized)
[DEBUG] [2:47:31 PM] RefreshDebouncer.swift:47 debounceWithFixedDelay(event:screenIsDefinitelyUnlocked:optimisticallyPreLayoutWorkspaces:) - DEBOUNCE: Task scheduled, will wait 50.0ms
[DEBUG] [2:47:31 PM] RefreshDebouncer.swift:25 debounce(event:screenIsDefinitelyUnlocked:optimisticallyPreLayoutWorkspaces:) - DEBOUNCE: Using fixed delay 50.0ms for event: ax(AXResized)
[DEBUG] [2:47:31 PM] RefreshDebouncer.swift:47 debounceWithFixedDelay(event:screenIsDefinitelyUnlocked:optimisticallyPreLayoutWorkspaces:) - DEBOUNCE: Task scheduled, will wait 50.0ms
[DEBUG] [2:47:31 PM] RefreshDebouncer.swift:54 debounceWithFixedDelay(event:screenIsDefinitelyUnlocked:optimisticallyPreLayoutWorkspaces:) - DEBOUNCE: Task cancelled after 43.41602325439453ms
[DEBUG] [2:47:31 PM] RefreshDebouncer.swift:25 debounce(event:screenIsDefinitelyUnlocked:optimisticallyPreLayoutWorkspaces:) - DEBOUNCE: Using fixed delay 50.0ms for event: ax(AXResized)
[DEBUG] [2:47:31 PM] RefreshDebouncer.swift:47 debounceWithFixedDelay(event:screenIsDefinitelyUnlocked:optimisticallyPreLayoutWorkspaces:) - DEBOUNCE: Task scheduled, will wait 50.0ms
[DEBUG] [2:47:31 PM] RefreshDebouncer.swift:54 debounceWithFixedDelay(event:screenIsDefinitelyUnlocked:optimisticallyPreLayoutWorkspaces:) - DEBOUNCE: Task cancelled after 52.29902267456055ms
[DEBUG] [2:47:32 PM] RefreshDebouncer.swift:58 debounceWithFixedDelay(event:screenIsDefinitelyUnlocked:optimisticallyPreLayoutWorkspaces:) - DEBOUNCE: Executing refresh after 55.62794208526611ms
[DEBUG] [2:47:32 PM] refresh.swift:51 runRefreshSessionBlocking(_:layoutWorkspaces:optimisticallyPreLayoutWorkspaces:) - REFRESH: Starting blocking refresh for event: ax(AXResized)
[DEBUG] [2:47:32 PM] refresh.swift:57 runRefreshSessionBlocking(_:layoutWorkspaces:optimisticallyPreLayoutWorkspaces:) - REFRESH: Completed blocking refresh in 38.8ms
[DEBUG] [2:47:37 PM] RefreshDebouncer.swift:25 debounce(event:screenIsDefinitelyUnlocked:optimisticallyPreLayoutWorkspaces:) - DEBOUNCE: Using fixed delay 50.0ms for event: globalObserver(NSWorkspaceDidActivateApplicationNotification)
[DEBUG] [2:47:37 PM] RefreshDebouncer.swift:47 debounceWithFixedDelay(event:screenIsDefinitelyUnlocked:optimisticallyPreLayoutWorkspaces:) - DEBOUNCE: Task scheduled, will wait 50.0ms
[DEBUG] [2:47:37 PM] RefreshDebouncer.swift:58 debounceWithFixedDelay(event:screenIsDefinitelyUnlocked:optimisticallyPreLayoutWorkspaces:) - DEBOUNCE: Executing refresh after 51.94807052612305ms
[DEBUG] [2:47:37 PM] refresh.swift:51 runRefreshSessionBlocking(_:layoutWorkspaces:optimisticallyPreLayoutWorkspaces:) - REFRESH: Starting blocking refresh for event: globalObserver(NSWorkspaceDidActivateApplicationNotification)
[DEBUG] [2:47:37 PM] refresh.swift:57 runRefreshSessionBlocking(_:layoutWorkspaces:optimisticallyPreLayoutWorkspaces:) - REFRESH: Completed blocking refresh in 26.0ms
[DEBUG] [2:47:37 PM] RefreshDebouncer.swift:25 debounce(event:screenIsDefinitelyUnlocked:optimisticallyPreLayoutWorkspaces:) - DEBOUNCE: Using fixed delay 50.0ms for event: ax(AXUIElementDestroyed)
[DEBUG] [2:47:37 PM] RefreshDebouncer.swift:47 debounceWithFixedDelay(event:screenIsDefinitelyUnlocked:optimisticallyPreLayoutWorkspaces:) - DEBOUNCE: Task scheduled, will wait 50.0ms
[DEBUG] [2:47:37 PM] RefreshDebouncer.swift:25 debounce(event:screenIsDefinitelyUnlocked:optimisticallyPreLayoutWorkspaces:) - DEBOUNCE: Using fixed delay 50.0ms for event: globalObserverLeftMouseUp
[DEBUG] [2:47:37 PM] RefreshDebouncer.swift:47 debounceWithFixedDelay(event:screenIsDefinitelyUnlocked:optimisticallyPreLayoutWorkspaces:) - DEBOUNCE: Task scheduled, will wait 50.0ms
[DEBUG] [2:47:37 PM] RefreshDebouncer.swift:54 debounceWithFixedDelay(event:screenIsDefinitelyUnlocked:optimisticallyPreLayoutWorkspaces:) - DEBOUNCE: Task cancelled after 47.92797565460205ms
[DEBUG] [2:47:37 PM] RefreshDebouncer.swift:58 debounceWithFixedDelay(event:screenIsDefinitelyUnlocked:optimisticallyPreLayoutWorkspaces:) - DEBOUNCE: Executing refresh after 56.06698989868164ms
[DEBUG] [2:47:37 PM] refresh.swift:51 runRefreshSessionBlocking(_:layoutWorkspaces:optimisticallyPreLayoutWorkspaces:) - REFRESH: Starting blocking refresh for event: globalObserverLeftMouseUp
[DEBUG] [2:47:37 PM] refresh.swift:57 runRefreshSessionBlocking(_:layoutWorkspaces:optimisticallyPreLayoutWorkspaces:) - REFRESH: Completed blocking refresh in 29.2ms
[DEBUG] [2:47:37 PM] RefreshDebouncer.swift:25 debounce(event:screenIsDefinitelyUnlocked:optimisticallyPreLayoutWorkspaces:) - DEBOUNCE: Using fixed delay 50.0ms for event: ax(AXWindowCreated)
[DEBUG] [2:47:37 PM] RefreshDebouncer.swift:47 debounceWithFixedDelay(event:screenIsDefinitelyUnlocked:optimisticallyPreLayoutWorkspaces:) - DEBOUNCE: Task scheduled, will wait 50.0ms
[DEBUG] [2:47:38 PM] RefreshDebouncer.swift:58 debounceWithFixedDelay(event:screenIsDefinitelyUnlocked:optimisticallyPreLayoutWorkspaces:) - DEBOUNCE: Executing refresh after 52.65796184539795ms
[DEBUG] [2:47:38 PM] refresh.swift:51 runRefreshSessionBlocking(_:layoutWorkspaces:optimisticallyPreLayoutWorkspaces:) - REFRESH: Starting blocking refresh for event: ax(AXWindowCreated)
[DEBUG] [2:47:38 PM] refresh.swift:57 runRefreshSessionBlocking(_:layoutWorkspaces:optimisticallyPreLayoutWorkspaces:) - REFRESH: Completed blocking refresh in 31.8ms
[DEBUG] [2:47:44 PM] RefreshDebouncer.swift:25 debounce(event:screenIsDefinitelyUnlocked:optimisticallyPreLayoutWorkspaces:) - DEBOUNCE: Using fixed delay 50.0ms for event: globalObserverLeftMouseUp
[DEBUG] [2:47:44 PM] RefreshDebouncer.swift:47 debounceWithFixedDelay(event:screenIsDefinitelyUnlocked:optimisticallyPreLayoutWorkspaces:) - DEBOUNCE: Task scheduled, will wait 50.0ms
[DEBUG] [2:47:45 PM] RefreshDebouncer.swift:58 debounceWithFixedDelay(event:screenIsDefinitelyUnlocked:optimisticallyPreLayoutWorkspaces:) - DEBOUNCE: Executing refresh after 55.13906478881836ms
[DEBUG] [2:47:45 PM] refresh.swift:51 runRefreshSessionBlocking(_:layoutWorkspaces:optimisticallyPreLayoutWorkspaces:) - REFRESH: Starting blocking refresh for event: globalObserverLeftMouseUp
[DEBUG] [2:47:45 PM] refresh.swift:57 runRefreshSessionBlocking(_:layoutWorkspaces:optimisticallyPreLayoutWorkspaces:) - REFRESH: Completed blocking refresh in 36.4ms
[DEBUG] [2:47:48 PM] RefreshDebouncer.swift:25 debounce(event:screenIsDefinitelyUnlocked:optimisticallyPreLayoutWorkspaces:) - DEBOUNCE: Using fixed delay 50.0ms for event: globalObserverLeftMouseUp
[DEBUG] [2:47:48 PM] RefreshDebouncer.swift:47 debounceWithFixedDelay(event:screenIsDefinitelyUnlocked:optimisticallyPreLayoutWorkspaces:) - DEBOUNCE: Task scheduled, will wait 50.0ms
[DEBUG] [2:47:48 PM] RefreshDebouncer.swift:58 debounceWithFixedDelay(event:screenIsDefinitelyUnlocked:optimisticallyPreLayoutWorkspaces:) - DEBOUNCE: Executing refresh after 55.438995361328125ms
[DEBUG] [2:47:48 PM] refresh.swift:51 runRefreshSessionBlocking(_:layoutWorkspaces:optimisticallyPreLayoutWorkspaces:) - REFRESH: Starting blocking refresh for event: globalObserverLeftMouseUp
[DEBUG] [2:47:48 PM] refresh.swift:57 runRefreshSessionBlocking(_:layoutWorkspaces:optimisticallyPreLayoutWorkspaces:) - REFRESH: Completed blocking refresh in 23.8ms
[DEBUG] [2:47:50 PM] RefreshDebouncer.swift:25 debounce(event:screenIsDefinitelyUnlocked:optimisticallyPreLayoutWorkspaces:) - DEBOUNCE: Using fixed delay 50.0ms for event: globalObserverLeftMouseUp
[DEBUG] [2:47:50 PM] RefreshDebouncer.swift:47 debounceWithFixedDelay(event:screenIsDefinitelyUnlocked:optimisticallyPreLayoutWorkspaces:) - DEBOUNCE: Task scheduled, will wait 50.0ms
[DEBUG] [2:47:50 PM] RefreshDebouncer.swift:58 debounceWithFixedDelay(event:screenIsDefinitelyUnlocked:optimisticallyPreLayoutWorkspaces:) - DEBOUNCE: Executing refresh after 54.87203598022461ms
[DEBUG] [2:47:50 PM] refresh.swift:51 runRefreshSessionBlocking(_:layoutWorkspaces:optimisticallyPreLayoutWorkspaces:) - REFRESH: Starting blocking refresh for event: globalObserverLeftMouseUp
[DEBUG] [2:47:50 PM] refresh.swift:57 runRefreshSessionBlocking(_:layoutWorkspaces:optimisticallyPreLayoutWorkspaces:) - REFRESH: Completed blocking refresh in 34.0ms
[DEBUG] [2:47:58 PM] RefreshDebouncer.swift:25 debounce(event:screenIsDefinitelyUnlocked:optimisticallyPreLayoutWorkspaces:) - DEBOUNCE: Using fixed delay 50.0ms for event: globalObserverLeftMouseUp
[DEBUG] [2:47:58 PM] RefreshDebouncer.swift:47 debounceWithFixedDelay(event:screenIsDefinitelyUnlocked:optimisticallyPreLayoutWorkspaces:) - DEBOUNCE: Task scheduled, will wait 50.0ms
[DEBUG] [2:47:58 PM] RefreshDebouncer.swift:58 debounceWithFixedDelay(event:screenIsDefinitelyUnlocked:optimisticallyPreLayoutWorkspaces:) - DEBOUNCE: Executing refresh after 55.25398254394531ms
[DEBUG] [2:47:58 PM] refresh.swift:51 runRefreshSessionBlocking(_:layoutWorkspaces:optimisticallyPreLayoutWorkspaces:) - REFRESH: Starting blocking refresh for event: globalObserverLeftMouseUp
[DEBUG] [2:47:58 PM] refresh.swift:57 runRefreshSessionBlocking(_:layoutWorkspaces:optimisticallyPreLayoutWorkspaces:) - REFRESH: Completed blocking refresh in 32.5ms
[DEBUG] [2:48:04 PM] RefreshDebouncer.swift:25 debounce(event:screenIsDefinitelyUnlocked:optimisticallyPreLayoutWorkspaces:) - DEBOUNCE: Using fixed delay 50.0ms for event: globalObserverLeftMouseUp
[DEBUG] [2:48:04 PM] RefreshDebouncer.swift:47 debounceWithFixedDelay(event:screenIsDefinitelyUnlocked:optimisticallyPreLayoutWorkspaces:) - DEBOUNCE: Task scheduled, will wait 50.0ms
[DEBUG] [2:48:04 PM] RefreshDebouncer.swift:58 debounceWithFixedDelay(event:screenIsDefinitelyUnlocked:optimisticallyPreLayoutWorkspaces:) - DEBOUNCE: Executing refresh after 54.463982582092285ms
[DEBUG] [2:48:04 PM] refresh.swift:51 runRefreshSessionBlocking(_:layoutWorkspaces:optimisticallyPreLayoutWorkspaces:) - REFRESH: Starting blocking refresh for event: globalObserverLeftMouseUp
[DEBUG] [2:48:04 PM] refresh.swift:57 runRefreshSessionBlocking(_:layoutWorkspaces:optimisticallyPreLayoutWorkspaces:) - REFRESH: Completed blocking refresh in 29.0ms
[DEBUG] [2:48:15 PM] RefreshDebouncer.swift:25 debounce(event:screenIsDefinitelyUnlocked:optimisticallyPreLayoutWorkspaces:) - DEBOUNCE: Using fixed delay 50.0ms for event: globalObserver(NSWorkspaceDidActivateApplicationNotification)
[DEBUG] [2:48:15 PM] RefreshDebouncer.swift:47 debounceWithFixedDelay(event:screenIsDefinitelyUnlocked:optimisticallyPreLayoutWorkspaces:) - DEBOUNCE: Task scheduled, will wait 50.0ms
[DEBUG] [2:48:15 PM] RefreshDebouncer.swift:58 debounceWithFixedDelay(event:screenIsDefinitelyUnlocked:optimisticallyPreLayoutWorkspaces:) - DEBOUNCE: Executing refresh after 52.67596244812012ms
[DEBUG] [2:48:15 PM] refresh.swift:51 runRefreshSessionBlocking(_:layoutWorkspaces:optimisticallyPreLayoutWorkspaces:) - REFRESH: Starting blocking refresh for event: globalObserver(NSWorkspaceDidActivateApplicationNotification)
[DEBUG] [2:48:15 PM] refresh.swift:57 runRefreshSessionBlocking(_:layoutWorkspaces:optimisticallyPreLayoutWorkspaces:) - REFRESH: Completed blocking refresh in 40.0ms
[DEBUG] [2:48:15 PM] RefreshDebouncer.swift:25 debounce(event:screenIsDefinitelyUnlocked:optimisticallyPreLayoutWorkspaces:) - DEBOUNCE: Using fixed delay 50.0ms for event: globalObserverLeftMouseUp
[DEBUG] [2:48:15 PM] RefreshDebouncer.swift:47 debounceWithFixedDelay(event:screenIsDefinitelyUnlocked:optimisticallyPreLayoutWorkspaces:) - DEBOUNCE: Task scheduled, will wait 50.0ms
[DEBUG] [2:48:15 PM] RefreshDebouncer.swift:58 debounceWithFixedDelay(event:screenIsDefinitelyUnlocked:optimisticallyPreLayoutWorkspaces:) - DEBOUNCE: Executing refresh after 54.71992492675781ms
[DEBUG] [2:48:15 PM] refresh.swift:51 runRefreshSessionBlocking(_:layoutWorkspaces:optimisticallyPreLayoutWorkspaces:) - REFRESH: Starting blocking refresh for event: globalObserverLeftMouseUp
[DEBUG] [2:48:15 PM] refresh.swift:57 runRefreshSessionBlocking(_:layoutWorkspaces:optimisticallyPreLayoutWorkspaces:) - REFRESH: Completed blocking refresh in 18.9ms
[DEBUG] [2:48:20 PM] RefreshDebouncer.swift:25 debounce(event:screenIsDefinitelyUnlocked:optimisticallyPreLayoutWorkspaces:) - DEBOUNCE: Using fixed delay 50.0ms for event: ax(AXWindowCreated)
[DEBUG] [2:48:20 PM] RefreshDebouncer.swift:47 debounceWithFixedDelay(event:screenIsDefinitelyUnlocked:optimisticallyPreLayoutWorkspaces:) - DEBOUNCE: Task scheduled, will wait 50.0ms
[DEBUG] [2:48:20 PM] RefreshDebouncer.swift:58 debounceWithFixedDelay(event:screenIsDefinitelyUnlocked:optimisticallyPreLayoutWorkspaces:) - DEBOUNCE: Executing refresh after 50.46093463897705ms
[DEBUG] [2:48:20 PM] refresh.swift:51 runRefreshSessionBlocking(_:layoutWorkspaces:optimisticallyPreLayoutWorkspaces:) - REFRESH: Starting blocking refresh for event: ax(AXWindowCreated)
[DEBUG] [2:48:20 PM] refresh.swift:57 runRefreshSessionBlocking(_:layoutWorkspaces:optimisticallyPreLayoutWorkspaces:) - REFRESH: Completed blocking refresh in 18.8ms
[DEBUG] [2:48:21 PM] RefreshDebouncer.swift:25 debounce(event:screenIsDefinitelyUnlocked:optimisticallyPreLayoutWorkspaces:) - DEBOUNCE: Using fixed delay 50.0ms for event: globalObserver(NSWorkspaceDidActivateApplicationNotification)
[DEBUG] [2:48:21 PM] RefreshDebouncer.swift:47 debounceWithFixedDelay(event:screenIsDefinitelyUnlocked:optimisticallyPreLayoutWorkspaces:) - DEBOUNCE: Task scheduled, will wait 50.0ms
[DEBUG] [2:48:21 PM] RefreshDebouncer.swift:58 debounceWithFixedDelay(event:screenIsDefinitelyUnlocked:optimisticallyPreLayoutWorkspaces:) - DEBOUNCE: Executing refresh after 50.73106288909912ms
[DEBUG] [2:48:21 PM] refresh.swift:51 runRefreshSessionBlocking(_:layoutWorkspaces:optimisticallyPreLayoutWorkspaces:) - REFRESH: Starting blocking refresh for event: globalObserver(NSWorkspaceDidActivateApplicationNotification)
[DEBUG] [2:48:21 PM] refresh.swift:57 runRefreshSessionBlocking(_:layoutWorkspaces:optimisticallyPreLayoutWorkspaces:) - REFRESH: Completed blocking refresh in 22.0ms
[DEBUG] [2:48:21 PM] RefreshDebouncer.swift:25 debounce(event:screenIsDefinitelyUnlocked:optimisticallyPreLayoutWorkspaces:) - DEBOUNCE: Using fixed delay 50.0ms for event: globalObserverLeftMouseUp
[DEBUG] [2:48:21 PM] RefreshDebouncer.swift:47 debounceWithFixedDelay(event:screenIsDefinitelyUnlocked:optimisticallyPreLayoutWorkspaces:) - DEBOUNCE: Task scheduled, will wait 50.0ms
[DEBUG] [2:48:21 PM] RefreshDebouncer.swift:58 debounceWithFixedDelay(event:screenIsDefinitelyUnlocked:optimisticallyPreLayoutWorkspaces:) - DEBOUNCE: Executing refresh after 51.23794078826904ms
[DEBUG] [2:48:21 PM] refresh.swift:51 runRefreshSessionBlocking(_:layoutWorkspaces:optimisticallyPreLayoutWorkspaces:) - REFRESH: Starting blocking refresh for event: globalObserverLeftMouseUp
[DEBUG] [2:48:21 PM] refresh.swift:57 runRefreshSessionBlocking(_:layoutWorkspaces:optimisticallyPreLayoutWorkspaces:) - REFRESH: Completed blocking refresh in 16.9ms
[DEBUG] [2:48:22 PM] RefreshDebouncer.swift:25 debounce(event:screenIsDefinitelyUnlocked:optimisticallyPreLayoutWorkspaces:) - DEBOUNCE: Using fixed delay 50.0ms for event: ax(AXWindowCreated)
[DEBUG] [2:48:22 PM] RefreshDebouncer.swift:47 debounceWithFixedDelay(event:screenIsDefinitelyUnlocked:optimisticallyPreLayoutWorkspaces:) - DEBOUNCE: Task scheduled, will wait 50.0ms
[DEBUG] [2:48:22 PM] RefreshDebouncer.swift:58 debounceWithFixedDelay(event:screenIsDefinitelyUnlocked:optimisticallyPreLayoutWorkspaces:) - DEBOUNCE: Executing refresh after 52.096009254455566ms
[DEBUG] [2:48:22 PM] refresh.swift:51 runRefreshSessionBlocking(_:layoutWorkspaces:optimisticallyPreLayoutWorkspaces:) - REFRESH: Starting blocking refresh for event: ax(AXWindowCreated)
[DEBUG] [2:48:22 PM] refresh.swift:57 runRefreshSessionBlocking(_:layoutWorkspaces:optimisticallyPreLayoutWorkspaces:) - REFRESH: Completed blocking refresh in 36.8ms
[DEBUG] [2:48:22 PM] RefreshDebouncer.swift:25 debounce(event:screenIsDefinitelyUnlocked:optimisticallyPreLayoutWorkspaces:) - DEBOUNCE: Using fixed delay 50.0ms for event: ax(AXWindowCreated)
[DEBUG] [2:48:22 PM] RefreshDebouncer.swift:47 debounceWithFixedDelay(event:screenIsDefinitelyUnlocked:optimisticallyPreLayoutWorkspaces:) - DEBOUNCE: Task scheduled, will wait 50.0ms
[DEBUG] [2:48:22 PM] RefreshDebouncer.swift:58 debounceWithFixedDelay(event:screenIsDefinitelyUnlocked:optimisticallyPreLayoutWorkspaces:) - DEBOUNCE: Executing refresh after 55.21893501281738ms
[DEBUG] [2:48:22 PM] refresh.swift:51 runRefreshSessionBlocking(_:layoutWorkspaces:optimisticallyPreLayoutWorkspaces:) - REFRESH: Starting blocking refresh for event: ax(AXWindowCreated)
[DEBUG] [2:48:22 PM] refresh.swift:57 runRefreshSessionBlocking(_:layoutWorkspaces:optimisticallyPreLayoutWorkspaces:) - REFRESH: Completed blocking refresh in 28.2ms
[DEBUG] [2:48:22 PM] RefreshDebouncer.swift:25 debounce(event:screenIsDefinitelyUnlocked:optimisticallyPreLayoutWorkspaces:) - DEBOUNCE: Using fixed delay 50.0ms for event: ax(AXUIElementDestroyed)
[DEBUG] [2:48:22 PM] RefreshDebouncer.swift:47 debounceWithFixedDelay(event:screenIsDefinitelyUnlocked:optimisticallyPreLayoutWorkspaces:) - DEBOUNCE: Task scheduled, will wait 50.0ms
[DEBUG] [2:48:23 PM] RefreshDebouncer.swift:58 debounceWithFixedDelay(event:screenIsDefinitelyUnlocked:optimisticallyPreLayoutWorkspaces:) - DEBOUNCE: Executing refresh after 55.22799491882324ms
[DEBUG] [2:48:23 PM] refresh.swift:51 runRefreshSessionBlocking(_:layoutWorkspaces:optimisticallyPreLayoutWorkspaces:) - REFRESH: Starting blocking refresh for event: ax(AXUIElementDestroyed)
[DEBUG] [2:48:23 PM] refresh.swift:57 runRefreshSessionBlocking(_:layoutWorkspaces:optimisticallyPreLayoutWorkspaces:) - REFRESH: Completed blocking refresh in 23.1ms
[DEBUG] [2:48:23 PM] RefreshDebouncer.swift:25 debounce(event:screenIsDefinitelyUnlocked:optimisticallyPreLayoutWorkspaces:) - DEBOUNCE: Using fixed delay 50.0ms for event: ax(AXUIElementDestroyed)
[DEBUG] [2:48:23 PM] RefreshDebouncer.swift:47 debounceWithFixedDelay(event:screenIsDefinitelyUnlocked:optimisticallyPreLayoutWorkspaces:) - DEBOUNCE: Task scheduled, will wait 50.0ms
[DEBUG] [2:48:23 PM] RefreshDebouncer.swift:58 debounceWithFixedDelay(event:screenIsDefinitelyUnlocked:optimisticallyPreLayoutWorkspaces:) - DEBOUNCE: Executing refresh after 53.55799198150635ms
[DEBUG] [2:48:23 PM] refresh.swift:51 runRefreshSessionBlocking(_:layoutWorkspaces:optimisticallyPreLayoutWorkspaces:) - REFRESH: Starting blocking refresh for event: ax(AXUIElementDestroyed)
[DEBUG] [2:48:23 PM] refresh.swift:57 runRefreshSessionBlocking(_:layoutWorkspaces:optimisticallyPreLayoutWorkspaces:) - REFRESH: Completed blocking refresh in 34.5ms
[DEBUG] [2:48:37 PM] RefreshDebouncer.swift:25 debounce(event:screenIsDefinitelyUnlocked:optimisticallyPreLayoutWorkspaces:) - DEBOUNCE: Using fixed delay 50.0ms for event: ax(AXWindowCreated)
[DEBUG] [2:48:37 PM] RefreshDebouncer.swift:47 debounceWithFixedDelay(event:screenIsDefinitelyUnlocked:optimisticallyPreLayoutWorkspaces:) - DEBOUNCE: Task scheduled, will wait 50.0ms
[DEBUG] [2:48:37 PM] RefreshDebouncer.swift:58 debounceWithFixedDelay(event:screenIsDefinitelyUnlocked:optimisticallyPreLayoutWorkspaces:) - DEBOUNCE: Executing refresh after 50.8120059967041ms
[DEBUG] [2:48:37 PM] refresh.swift:51 runRefreshSessionBlocking(_:layoutWorkspaces:optimisticallyPreLayoutWorkspaces:) - REFRESH: Starting blocking refresh for event: ax(AXWindowCreated)
[DEBUG] [2:48:37 PM] refresh.swift:57 runRefreshSessionBlocking(_:layoutWorkspaces:optimisticallyPreLayoutWorkspaces:) - REFRESH: Completed blocking refresh in 23.6ms
[DEBUG] [2:48:38 PM] RefreshDebouncer.swift:25 debounce(event:screenIsDefinitelyUnlocked:optimisticallyPreLayoutWorkspaces:) - DEBOUNCE: Using fixed delay 50.0ms for event: ax(AXUIElementDestroyed)
[DEBUG] [2:48:38 PM] RefreshDebouncer.swift:47 debounceWithFixedDelay(event:screenIsDefinitelyUnlocked:optimisticallyPreLayoutWorkspaces:) - DEBOUNCE: Task scheduled, will wait 50.0ms
[DEBUG] [2:48:38 PM] RefreshDebouncer.swift:58 debounceWithFixedDelay(event:screenIsDefinitelyUnlocked:optimisticallyPreLayoutWorkspaces:) - DEBOUNCE: Executing refresh after 53.144097328186035ms
[DEBUG] [2:48:38 PM] refresh.swift:51 runRefreshSessionBlocking(_:layoutWorkspaces:optimisticallyPreLayoutWorkspaces:) - REFRESH: Starting blocking refresh for event: ax(AXUIElementDestroyed)
[DEBUG] [2:48:38 PM] refresh.swift:57 runRefreshSessionBlocking(_:layoutWorkspaces:optimisticallyPreLayoutWorkspaces:) - REFRESH: Completed blocking refresh in 21.5ms
[DEBUG] [2:48:38 PM] RefreshDebouncer.swift:25 debounce(event:screenIsDefinitelyUnlocked:optimisticallyPreLayoutWorkspaces:) - DEBOUNCE: Using fixed delay 50.0ms for event: ax(AXWindowCreated)
[DEBUG] [2:48:38 PM] RefreshDebouncer.swift:47 debounceWithFixedDelay(event:screenIsDefinitelyUnlocked:optimisticallyPreLayoutWorkspaces:) - DEBOUNCE: Task scheduled, will wait 50.0ms
[DEBUG] [2:48:38 PM] RefreshDebouncer.swift:58 debounceWithFixedDelay(event:screenIsDefinitelyUnlocked:optimisticallyPreLayoutWorkspaces:) - DEBOUNCE: Executing refresh after 55.158019065856934ms
[DEBUG] [2:48:38 PM] refresh.swift:51 runRefreshSessionBlocking(_:layoutWorkspaces:optimisticallyPreLayoutWorkspaces:) - REFRESH: Starting blocking refresh for event: ax(AXWindowCreated)
[DEBUG] [2:48:38 PM] refresh.swift:57 runRefreshSessionBlocking(_:layoutWorkspaces:optimisticallyPreLayoutWorkspaces:) - REFRESH: Completed blocking refresh in 36.8ms
[DEBUG] [2:48:38 PM] RefreshDebouncer.swift:25 debounce(event:screenIsDefinitelyUnlocked:optimisticallyPreLayoutWorkspaces:) - DEBOUNCE: Using fixed delay 50.0ms for event: ax(AXResized)
[DEBUG] [2:48:38 PM] RefreshDebouncer.swift:47 debounceWithFixedDelay(event:screenIsDefinitelyUnlocked:optimisticallyPreLayoutWorkspaces:) - DEBOUNCE: Task scheduled, will wait 50.0ms
[DEBUG] [2:48:38 PM] RefreshDebouncer.swift:25 debounce(event:screenIsDefinitelyUnlocked:optimisticallyPreLayoutWorkspaces:) - DEBOUNCE: Using fixed delay 50.0ms for event: ax(AXResized)
[DEBUG] [2:48:38 PM] RefreshDebouncer.swift:47 debounceWithFixedDelay(event:screenIsDefinitelyUnlocked:optimisticallyPreLayoutWorkspaces:) - DEBOUNCE: Task scheduled, will wait 50.0ms
[DEBUG] [2:48:38 PM] RefreshDebouncer.swift:54 debounceWithFixedDelay(event:screenIsDefinitelyUnlocked:optimisticallyPreLayoutWorkspaces:) - DEBOUNCE: Task cancelled after 16.290903091430664ms
[DEBUG] [2:48:38 PM] RefreshDebouncer.swift:58 debounceWithFixedDelay(event:screenIsDefinitelyUnlocked:optimisticallyPreLayoutWorkspaces:) - DEBOUNCE: Executing refresh after 53.48408222198486ms
[DEBUG] [2:48:38 PM] refresh.swift:51 runRefreshSessionBlocking(_:layoutWorkspaces:optimisticallyPreLayoutWorkspaces:) - REFRESH: Starting blocking refresh for event: ax(AXResized)
[DEBUG] [2:48:38 PM] refresh.swift:57 runRefreshSessionBlocking(_:layoutWorkspaces:optimisticallyPreLayoutWorkspaces:) - REFRESH: Completed blocking refresh in 28.7ms
[DEBUG] [2:48:38 PM] RefreshDebouncer.swift:25 debounce(event:screenIsDefinitelyUnlocked:optimisticallyPreLayoutWorkspaces:) - DEBOUNCE: Using fixed delay 50.0ms for event: ax(AXResized)
[DEBUG] [2:48:38 PM] RefreshDebouncer.swift:47 debounceWithFixedDelay(event:screenIsDefinitelyUnlocked:optimisticallyPreLayoutWorkspaces:) - DEBOUNCE: Task scheduled, will wait 50.0ms
[DEBUG] [2:48:39 PM] RefreshDebouncer.swift:58 debounceWithFixedDelay(event:screenIsDefinitelyUnlocked:optimisticallyPreLayoutWorkspaces:) - DEBOUNCE: Executing refresh after 52.670955657958984ms
[DEBUG] [2:48:39 PM] refresh.swift:51 runRefreshSessionBlocking(_:layoutWorkspaces:optimisticallyPreLayoutWorkspaces:) - REFRESH: Starting blocking refresh for event: ax(AXResized)
[DEBUG] [2:48:39 PM] refresh.swift:57 runRefreshSessionBlocking(_:layoutWorkspaces:optimisticallyPreLayoutWorkspaces:) - REFRESH: Completed blocking refresh in 33.3ms
[DEBUG] [2:48:39 PM] RefreshDebouncer.swift:25 debounce(event:screenIsDefinitelyUnlocked:optimisticallyPreLayoutWorkspaces:) - DEBOUNCE: Using fixed delay 50.0ms for event: ax(AXUIElementDestroyed)
[DEBUG] [2:48:39 PM] RefreshDebouncer.swift:47 debounceWithFixedDelay(event:screenIsDefinitelyUnlocked:optimisticallyPreLayoutWorkspaces:) - DEBOUNCE: Task scheduled, will wait 50.0ms
[DEBUG] [2:48:39 PM] RefreshDebouncer.swift:58 debounceWithFixedDelay(event:screenIsDefinitelyUnlocked:optimisticallyPreLayoutWorkspaces:) - DEBOUNCE: Executing refresh after 50.53210258483887ms
[DEBUG] [2:48:39 PM] refresh.swift:51 runRefreshSessionBlocking(_:layoutWorkspaces:optimisticallyPreLayoutWorkspaces:) - REFRESH: Starting blocking refresh for event: ax(AXUIElementDestroyed)
[DEBUG] [2:48:39 PM] refresh.swift:57 runRefreshSessionBlocking(_:layoutWorkspaces:optimisticallyPreLayoutWorkspaces:) - REFRESH: Completed blocking refresh in 30.5ms
[DEBUG] [2:48:39 PM] RefreshDebouncer.swift:25 debounce(event:screenIsDefinitelyUnlocked:optimisticallyPreLayoutWorkspaces:) - DEBOUNCE: Using fixed delay 50.0ms for event: ax(AXWindowCreated)
[DEBUG] [2:48:39 PM] RefreshDebouncer.swift:47 debounceWithFixedDelay(event:screenIsDefinitelyUnlocked:optimisticallyPreLayoutWorkspaces:) - DEBOUNCE: Task scheduled, will wait 50.0ms
[DEBUG] [2:48:39 PM] RefreshDebouncer.swift:58 debounceWithFixedDelay(event:screenIsDefinitelyUnlocked:optimisticallyPreLayoutWorkspaces:) - DEBOUNCE: Executing refresh after 50.617098808288574ms
[DEBUG] [2:48:39 PM] refresh.swift:51 runRefreshSessionBlocking(_:layoutWorkspaces:optimisticallyPreLayoutWorkspaces:) - REFRESH: Starting blocking refresh for event: ax(AXWindowCreated)
[DEBUG] [2:48:39 PM] refresh.swift:57 runRefreshSessionBlocking(_:layoutWorkspaces:optimisticallyPreLayoutWorkspaces:) - REFRESH: Completed blocking refresh in 23.7ms
[DEBUG] [2:48:39 PM] RefreshDebouncer.swift:25 debounce(event:screenIsDefinitelyUnlocked:optimisticallyPreLayoutWorkspaces:) - DEBOUNCE: Using fixed delay 50.0ms for event: ax(AXUIElementDestroyed)
[DEBUG] [2:48:39 PM] RefreshDebouncer.swift:47 debounceWithFixedDelay(event:screenIsDefinitelyUnlocked:optimisticallyPreLayoutWorkspaces:) - DEBOUNCE: Task scheduled, will wait 50.0ms
[DEBUG] [2:48:39 PM] RefreshDebouncer.swift:58 debounceWithFixedDelay(event:screenIsDefinitelyUnlocked:optimisticallyPreLayoutWorkspaces:) - DEBOUNCE: Executing refresh after 52.697062492370605ms
[DEBUG] [2:48:39 PM] refresh.swift:51 runRefreshSessionBlocking(_:layoutWorkspaces:optimisticallyPreLayoutWorkspaces:) - REFRESH: Starting blocking refresh for event: ax(AXUIElementDestroyed)
[DEBUG] [2:48:39 PM] refresh.swift:57 runRefreshSessionBlocking(_:layoutWorkspaces:optimisticallyPreLayoutWorkspaces:) - REFRESH: Completed blocking refresh in 18.0ms
[DEBUG] [2:48:40 PM] RefreshDebouncer.swift:25 debounce(event:screenIsDefinitelyUnlocked:optimisticallyPreLayoutWorkspaces:) - DEBOUNCE: Using fixed delay 50.0ms for event: ax(AXWindowCreated)
[DEBUG] [2:48:40 PM] RefreshDebouncer.swift:25 debounce(event:screenIsDefinitelyUnlocked:optimisticallyPreLayoutWorkspaces:) - DEBOUNCE: Using fixed delay 50.0ms for event: ax(AXFocusedWindowChanged)
[DEBUG] [2:48:40 PM] RefreshDebouncer.swift:47 debounceWithFixedDelay(event:screenIsDefinitelyUnlocked:optimisticallyPreLayoutWorkspaces:) - DEBOUNCE: Task scheduled, will wait 50.0ms
[DEBUG] [2:48:40 PM] RefreshDebouncer.swift:47 debounceWithFixedDelay(event:screenIsDefinitelyUnlocked:optimisticallyPreLayoutWorkspaces:) - DEBOUNCE: Task scheduled, will wait 50.0ms
[DEBUG] [2:48:40 PM] RefreshDebouncer.swift:54 debounceWithFixedDelay(event:screenIsDefinitelyUnlocked:optimisticallyPreLayoutWorkspaces:) - DEBOUNCE: Task cancelled after 0.1430511474609375ms
[DEBUG] [2:48:40 PM] RefreshDebouncer.swift:58 debounceWithFixedDelay(event:screenIsDefinitelyUnlocked:optimisticallyPreLayoutWorkspaces:) - DEBOUNCE: Executing refresh after 51.83100700378418ms
[DEBUG] [2:48:40 PM] refresh.swift:51 runRefreshSessionBlocking(_:layoutWorkspaces:optimisticallyPreLayoutWorkspaces:) - REFRESH: Starting blocking refresh for event: ax(AXFocusedWindowChanged)
[DEBUG] [2:48:40 PM] RefreshDebouncer.swift:25 debounce(event:screenIsDefinitelyUnlocked:optimisticallyPreLayoutWorkspaces:) - DEBOUNCE: Using fixed delay 50.0ms for event: globalObserverLeftMouseUp
[DEBUG] [2:48:40 PM] RefreshDebouncer.swift:47 debounceWithFixedDelay(event:screenIsDefinitelyUnlocked:optimisticallyPreLayoutWorkspaces:) - DEBOUNCE: Task scheduled, will wait 50.0ms
[DEBUG] [2:48:40 PM] refresh.swift:57 runRefreshSessionBlocking(_:layoutWorkspaces:optimisticallyPreLayoutWorkspaces:) - REFRESH: Completed blocking refresh in 33.8ms
[DEBUG] [2:48:40 PM] RefreshDebouncer.swift:58 debounceWithFixedDelay(event:screenIsDefinitelyUnlocked:optimisticallyPreLayoutWorkspaces:) - DEBOUNCE: Executing refresh after 52.68394947052002ms
[DEBUG] [2:48:40 PM] refresh.swift:51 runRefreshSessionBlocking(_:layoutWorkspaces:optimisticallyPreLayoutWorkspaces:) - REFRESH: Starting blocking refresh for event: globalObserverLeftMouseUp
[DEBUG] [2:48:40 PM] refresh.swift:57 runRefreshSessionBlocking(_:layoutWorkspaces:optimisticallyPreLayoutWorkspaces:) - REFRESH: Completed blocking refresh in 22.5ms
[DEBUG] [2:48:42 PM] RefreshDebouncer.swift:25 debounce(event:screenIsDefinitelyUnlocked:optimisticallyPreLayoutWorkspaces:) - DEBOUNCE: Using fixed delay 50.0ms for event: globalObserverLeftMouseUp
[DEBUG] [2:48:42 PM] RefreshDebouncer.swift:47 debounceWithFixedDelay(event:screenIsDefinitelyUnlocked:optimisticallyPreLayoutWorkspaces:) - DEBOUNCE: Task scheduled, will wait 50.0ms
[DEBUG] [2:48:42 PM] RefreshDebouncer.swift:25 debounce(event:screenIsDefinitelyUnlocked:optimisticallyPreLayoutWorkspaces:) - DEBOUNCE: Using fixed delay 50.0ms for event: ax(AXFocusedWindowChanged)
[DEBUG] [2:48:42 PM] RefreshDebouncer.swift:47 debounceWithFixedDelay(event:screenIsDefinitelyUnlocked:optimisticallyPreLayoutWorkspaces:) - DEBOUNCE: Task scheduled, will wait 50.0ms
[DEBUG] [2:48:42 PM] RefreshDebouncer.swift:54 debounceWithFixedDelay(event:screenIsDefinitelyUnlocked:optimisticallyPreLayoutWorkspaces:) - DEBOUNCE: Task cancelled after 7.238984107971191ms
[DEBUG] [2:48:42 PM] RefreshDebouncer.swift:25 debounce(event:screenIsDefinitelyUnlocked:optimisticallyPreLayoutWorkspaces:) - DEBOUNCE: Using fixed delay 50.0ms for event: ax(AXUIElementDestroyed)
[DEBUG] [2:48:42 PM] RefreshDebouncer.swift:47 debounceWithFixedDelay(event:screenIsDefinitelyUnlocked:optimisticallyPreLayoutWorkspaces:) - DEBOUNCE: Task scheduled, will wait 50.0ms
[DEBUG] [2:48:42 PM] RefreshDebouncer.swift:54 debounceWithFixedDelay(event:screenIsDefinitelyUnlocked:optimisticallyPreLayoutWorkspaces:) - DEBOUNCE: Task cancelled after 2.03096866607666ms
[DEBUG] [2:48:42 PM] RefreshDebouncer.swift:58 debounceWithFixedDelay(event:screenIsDefinitelyUnlocked:optimisticallyPreLayoutWorkspaces:) - DEBOUNCE: Executing refresh after 52.10602283477783ms
[DEBUG] [2:48:42 PM] refresh.swift:51 runRefreshSessionBlocking(_:layoutWorkspaces:optimisticallyPreLayoutWorkspaces:) - REFRESH: Starting blocking refresh for event: ax(AXUIElementDestroyed)
[DEBUG] [2:48:42 PM] RefreshDebouncer.swift:25 debounce(event:screenIsDefinitelyUnlocked:optimisticallyPreLayoutWorkspaces:) - DEBOUNCE: Using fixed delay 50.0ms for event: ax(AXFocusedWindowChanged)
[DEBUG] [2:48:42 PM] RefreshDebouncer.swift:25 debounce(event:screenIsDefinitelyUnlocked:optimisticallyPreLayoutWorkspaces:) - DEBOUNCE: Using fixed delay 50.0ms for event: ax(AXWindowCreated)
[DEBUG] [2:48:42 PM] RefreshDebouncer.swift:47 debounceWithFixedDelay(event:screenIsDefinitelyUnlocked:optimisticallyPreLayoutWorkspaces:) - DEBOUNCE: Task scheduled, will wait 50.0ms
[DEBUG] [2:48:42 PM] RefreshDebouncer.swift:47 debounceWithFixedDelay(event:screenIsDefinitelyUnlocked:optimisticallyPreLayoutWorkspaces:) - DEBOUNCE: Task scheduled, will wait 50.0ms
[DEBUG] [2:48:42 PM] RefreshDebouncer.swift:54 debounceWithFixedDelay(event:screenIsDefinitelyUnlocked:optimisticallyPreLayoutWorkspaces:) - DEBOUNCE: Task cancelled after 0.19693374633789062ms
[DEBUG] [2:48:42 PM] RefreshDebouncer.swift:58 debounceWithFixedDelay(event:screenIsDefinitelyUnlocked:optimisticallyPreLayoutWorkspaces:) - DEBOUNCE: Executing refresh after 58.66396427154541ms
[DEBUG] [2:48:42 PM] refresh.swift:51 runRefreshSessionBlocking(_:layoutWorkspaces:optimisticallyPreLayoutWorkspaces:) - REFRESH: Starting blocking refresh for event: ax(AXWindowCreated)
[DEBUG] [2:48:42 PM] refresh.swift:57 runRefreshSessionBlocking(_:layoutWorkspaces:optimisticallyPreLayoutWorkspaces:) - REFRESH: Completed blocking refresh in 167.4ms
[DEBUG] [2:48:42 PM] refresh.swift:57 runRefreshSessionBlocking(_:layoutWorkspaces:optimisticallyPreLayoutWorkspaces:) - REFRESH: Completed blocking refresh in 42.2ms
[DEBUG] [2:48:42 PM] RefreshDebouncer.swift:25 debounce(event:screenIsDefinitelyUnlocked:optimisticallyPreLayoutWorkspaces:) - DEBOUNCE: Using fixed delay 50.0ms for event: ax(AXResized)
[DEBUG] [2:48:42 PM] RefreshDebouncer.swift:25 debounce(event:screenIsDefinitelyUnlocked:optimisticallyPreLayoutWorkspaces:) - DEBOUNCE: Using fixed delay 50.0ms for event: ax(AXMoved)
[DEBUG] [2:48:42 PM] RefreshDebouncer.swift:47 debounceWithFixedDelay(event:screenIsDefinitelyUnlocked:optimisticallyPreLayoutWorkspaces:) - DEBOUNCE: Task scheduled, will wait 50.0ms
[DEBUG] [2:48:42 PM] RefreshDebouncer.swift:47 debounceWithFixedDelay(event:screenIsDefinitelyUnlocked:optimisticallyPreLayoutWorkspaces:) - DEBOUNCE: Task scheduled, will wait 50.0ms
[DEBUG] [2:48:42 PM] RefreshDebouncer.swift:54 debounceWithFixedDelay(event:screenIsDefinitelyUnlocked:optimisticallyPreLayoutWorkspaces:) - DEBOUNCE: Task cancelled after 0.1399517059326172ms
[DEBUG] [2:48:42 PM] RefreshDebouncer.swift:58 debounceWithFixedDelay(event:screenIsDefinitelyUnlocked:optimisticallyPreLayoutWorkspaces:) - DEBOUNCE: Executing refresh after 53.76291275024414ms
[DEBUG] [2:48:42 PM] refresh.swift:51 runRefreshSessionBlocking(_:layoutWorkspaces:optimisticallyPreLayoutWorkspaces:) - REFRESH: Starting blocking refresh for event: ax(AXMoved)
[DEBUG] [2:48:42 PM] RefreshDebouncer.swift:25 debounce(event:screenIsDefinitelyUnlocked:optimisticallyPreLayoutWorkspaces:) - DEBOUNCE: Using fixed delay 50.0ms for event: ax(AXResized)
[DEBUG] [2:48:42 PM] RefreshDebouncer.swift:25 debounce(event:screenIsDefinitelyUnlocked:optimisticallyPreLayoutWorkspaces:) - DEBOUNCE: Using fixed delay 50.0ms for event: ax(AXResized)
[DEBUG] [2:48:42 PM] RefreshDebouncer.swift:25 debounce(event:screenIsDefinitelyUnlocked:optimisticallyPreLayoutWorkspaces:) - DEBOUNCE: Using fixed delay 50.0ms for event: ax(AXMoved)
[DEBUG] [2:48:42 PM] RefreshDebouncer.swift:25 debounce(event:screenIsDefinitelyUnlocked:optimisticallyPreLayoutWorkspaces:) - DEBOUNCE: Using fixed delay 50.0ms for event: ax(AXResized)
[DEBUG] [2:48:42 PM] RefreshDebouncer.swift:25 debounce(event:screenIsDefinitelyUnlocked:optimisticallyPreLayoutWorkspaces:) - DEBOUNCE: Using fixed delay 50.0ms for event: ax(AXMoved)
[DEBUG] [2:48:42 PM] RefreshDebouncer.swift:25 debounce(event:screenIsDefinitelyUnlocked:optimisticallyPreLayoutWorkspaces:) - DEBOUNCE: Using fixed delay 50.0ms for event: ax(AXResized)
[DEBUG] [2:48:42 PM] RefreshDebouncer.swift:25 debounce(event:screenIsDefinitelyUnlocked:optimisticallyPreLayoutWorkspaces:) - DEBOUNCE: Using fixed delay 50.0ms for event: ax(AXMoved)
[DEBUG] [2:48:42 PM] RefreshDebouncer.swift:47 debounceWithFixedDelay(event:screenIsDefinitelyUnlocked:optimisticallyPreLayoutWorkspaces:) - DEBOUNCE: Task scheduled, will wait 50.0ms
[DEBUG] [2:48:42 PM] RefreshDebouncer.swift:47 debounceWithFixedDelay(event:screenIsDefinitelyUnlocked:optimisticallyPreLayoutWorkspaces:) - DEBOUNCE: Task scheduled, will wait 50.0ms
[DEBUG] [2:48:42 PM] RefreshDebouncer.swift:47 debounceWithFixedDelay(event:screenIsDefinitelyUnlocked:optimisticallyPreLayoutWorkspaces:) - DEBOUNCE: Task scheduled, will wait 50.0ms
[DEBUG] [2:48:42 PM] RefreshDebouncer.swift:47 debounceWithFixedDelay(event:screenIsDefinitelyUnlocked:optimisticallyPreLayoutWorkspaces:) - DEBOUNCE: Task scheduled, will wait 50.0ms
[DEBUG] [2:48:42 PM] RefreshDebouncer.swift:47 debounceWithFixedDelay(event:screenIsDefinitelyUnlocked:optimisticallyPreLayoutWorkspaces:) - DEBOUNCE: Task scheduled, will wait 50.0ms
[DEBUG] [2:48:42 PM] RefreshDebouncer.swift:47 debounceWithFixedDelay(event:screenIsDefinitelyUnlocked:optimisticallyPreLayoutWorkspaces:) - DEBOUNCE: Task scheduled, will wait 50.0ms
[DEBUG] [2:48:42 PM] RefreshDebouncer.swift:47 debounceWithFixedDelay(event:screenIsDefinitelyUnlocked:optimisticallyPreLayoutWorkspaces:) - DEBOUNCE: Task scheduled, will wait 50.0ms
[DEBUG] [2:48:42 PM] RefreshDebouncer.swift:54 debounceWithFixedDelay(event:screenIsDefinitelyUnlocked:optimisticallyPreLayoutWorkspaces:) - DEBOUNCE: Task cancelled after 0.4870891571044922ms
[DEBUG] [2:48:42 PM] RefreshDebouncer.swift:54 debounceWithFixedDelay(event:screenIsDefinitelyUnlocked:optimisticallyPreLayoutWorkspaces:) - DEBOUNCE: Task cancelled after 0.4010200500488281ms
[DEBUG] [2:48:42 PM] RefreshDebouncer.swift:54 debounceWithFixedDelay(event:screenIsDefinitelyUnlocked:optimisticallyPreLayoutWorkspaces:) - DEBOUNCE: Task cancelled after 0.36895275115966797ms
[DEBUG] [2:48:42 PM] RefreshDebouncer.swift:54 debounceWithFixedDelay(event:screenIsDefinitelyUnlocked:optimisticallyPreLayoutWorkspaces:) - DEBOUNCE: Task cancelled after 0.3420114517211914ms
[DEBUG] [2:48:42 PM] RefreshDebouncer.swift:54 debounceWithFixedDelay(event:screenIsDefinitelyUnlocked:optimisticallyPreLayoutWorkspaces:) - DEBOUNCE: Task cancelled after 0.3249645233154297ms
[DEBUG] [2:48:42 PM] RefreshDebouncer.swift:54 debounceWithFixedDelay(event:screenIsDefinitelyUnlocked:optimisticallyPreLayoutWorkspaces:) - DEBOUNCE: Task cancelled after 0.3160238265991211ms
[DEBUG] [2:48:42 PM] refresh.swift:57 runRefreshSessionBlocking(_:layoutWorkspaces:optimisticallyPreLayoutWorkspaces:) - REFRESH: Completed blocking refresh in 310.0ms
[DEBUG] [2:48:42 PM] RefreshDebouncer.swift:58 debounceWithFixedDelay(event:screenIsDefinitelyUnlocked:optimisticallyPreLayoutWorkspaces:) - DEBOUNCE: Executing refresh after 52.092909812927246ms
[DEBUG] [2:48:42 PM] refresh.swift:51 runRefreshSessionBlocking(_:layoutWorkspaces:optimisticallyPreLayoutWorkspaces:) - REFRESH: Starting blocking refresh for event: ax(AXMoved)
[DEBUG] [2:48:42 PM] refresh.swift:57 runRefreshSessionBlocking(_:layoutWorkspaces:optimisticallyPreLayoutWorkspaces:) - REFRESH: Completed blocking refresh in 25.5ms
[DEBUG] [2:48:43 PM] RefreshDebouncer.swift:25 debounce(event:screenIsDefinitelyUnlocked:optimisticallyPreLayoutWorkspaces:) - DEBOUNCE: Using fixed delay 50.0ms for event: ax(AXWindowCreated)
[DEBUG] [2:48:43 PM] RefreshDebouncer.swift:47 debounceWithFixedDelay(event:screenIsDefinitelyUnlocked:optimisticallyPreLayoutWorkspaces:) - DEBOUNCE: Task scheduled, will wait 50.0ms
[DEBUG] [2:48:43 PM] RefreshDebouncer.swift:58 debounceWithFixedDelay(event:screenIsDefinitelyUnlocked:optimisticallyPreLayoutWorkspaces:) - DEBOUNCE: Executing refresh after 55.25696277618408ms
[DEBUG] [2:48:43 PM] refresh.swift:51 runRefreshSessionBlocking(_:layoutWorkspaces:optimisticallyPreLayoutWorkspaces:) - REFRESH: Starting blocking refresh for event: ax(AXWindowCreated)
[DEBUG] [2:48:43 PM] refresh.swift:57 runRefreshSessionBlocking(_:layoutWorkspaces:optimisticallyPreLayoutWorkspaces:) - REFRESH: Completed blocking refresh in 34.9ms
[DEBUG] [2:48:43 PM] RefreshDebouncer.swift:25 debounce(event:screenIsDefinitelyUnlocked:optimisticallyPreLayoutWorkspaces:) - DEBOUNCE: Using fixed delay 50.0ms for event: ax(AXUIElementDestroyed)
[DEBUG] [2:48:43 PM] RefreshDebouncer.swift:47 debounceWithFixedDelay(event:screenIsDefinitelyUnlocked:optimisticallyPreLayoutWorkspaces:) - DEBOUNCE: Task scheduled, will wait 50.0ms
[DEBUG] [2:48:43 PM] RefreshDebouncer.swift:25 debounce(event:screenIsDefinitelyUnlocked:optimisticallyPreLayoutWorkspaces:) - DEBOUNCE: Using fixed delay 50.0ms for event: ax(AXWindowCreated)
[DEBUG] [2:48:43 PM] RefreshDebouncer.swift:54 debounceWithFixedDelay(event:screenIsDefinitelyUnlocked:optimisticallyPreLayoutWorkspaces:) - DEBOUNCE: Task cancelled after 19.91093158721924ms
[DEBUG] [2:48:43 PM] RefreshDebouncer.swift:47 debounceWithFixedDelay(event:screenIsDefinitelyUnlocked:optimisticallyPreLayoutWorkspaces:) - DEBOUNCE: Task scheduled, will wait 50.0ms
[DEBUG] [2:48:44 PM] RefreshDebouncer.swift:58 debounceWithFixedDelay(event:screenIsDefinitelyUnlocked:optimisticallyPreLayoutWorkspaces:) - DEBOUNCE: Executing refresh after 53.273916244506836ms
[DEBUG] [2:48:44 PM] refresh.swift:51 runRefreshSessionBlocking(_:layoutWorkspaces:optimisticallyPreLayoutWorkspaces:) - REFRESH: Starting blocking refresh for event: ax(AXWindowCreated)
[DEBUG] [2:48:44 PM] refresh.swift:57 runRefreshSessionBlocking(_:layoutWorkspaces:optimisticallyPreLayoutWorkspaces:) - REFRESH: Completed blocking refresh in 28.6ms
[DEBUG] [2:48:44 PM] RefreshDebouncer.swift:25 debounce(event:screenIsDefinitelyUnlocked:optimisticallyPreLayoutWorkspaces:) - DEBOUNCE: Using fixed delay 50.0ms for event: ax(AXFocusedWindowChanged)
[DEBUG] [2:48:44 PM] RefreshDebouncer.swift:47 debounceWithFixedDelay(event:screenIsDefinitelyUnlocked:optimisticallyPreLayoutWorkspaces:) - DEBOUNCE: Task scheduled, will wait 50.0ms
[DEBUG] [2:48:44 PM] RefreshDebouncer.swift:58 debounceWithFixedDelay(event:screenIsDefinitelyUnlocked:optimisticallyPreLayoutWorkspaces:) - DEBOUNCE: Executing refresh after 55.52399158477783ms
[DEBUG] [2:48:44 PM] refresh.swift:51 runRefreshSessionBlocking(_:layoutWorkspaces:optimisticallyPreLayoutWorkspaces:) - REFRESH: Starting blocking refresh for event: ax(AXFocusedWindowChanged)
[DEBUG] [2:48:44 PM] refresh.swift:57 runRefreshSessionBlocking(_:layoutWorkspaces:optimisticallyPreLayoutWorkspaces:) - REFRESH: Completed blocking refresh in 19.8ms
[DEBUG] [2:48:44 PM] RefreshDebouncer.swift:25 debounce(event:screenIsDefinitelyUnlocked:optimisticallyPreLayoutWorkspaces:) - DEBOUNCE: Using fixed delay 50.0ms for event: globalObserverLeftMouseUp
[DEBUG] [2:48:44 PM] RefreshDebouncer.swift:47 debounceWithFixedDelay(event:screenIsDefinitelyUnlocked:optimisticallyPreLayoutWorkspaces:) - DEBOUNCE: Task scheduled, will wait 50.0ms
[DEBUG] [2:48:44 PM] RefreshDebouncer.swift:58 debounceWithFixedDelay(event:screenIsDefinitelyUnlocked:optimisticallyPreLayoutWorkspaces:) - DEBOUNCE: Executing refresh after 53.98702621459961ms
[DEBUG] [2:48:44 PM] refresh.swift:51 runRefreshSessionBlocking(_:layoutWorkspaces:optimisticallyPreLayoutWorkspaces:) - REFRESH: Starting blocking refresh for event: globalObserverLeftMouseUp
[DEBUG] [2:48:44 PM] refresh.swift:57 runRefreshSessionBlocking(_:layoutWorkspaces:optimisticallyPreLayoutWorkspaces:) - REFRESH: Completed blocking refresh in 44.2ms
[DEBUG] [2:48:44 PM] RefreshDebouncer.swift:25 debounce(event:screenIsDefinitelyUnlocked:optimisticallyPreLayoutWorkspaces:) - DEBOUNCE: Using fixed delay 50.0ms for event: ax(AXUIElementDestroyed)
[DEBUG] [2:48:44 PM] RefreshDebouncer.swift:47 debounceWithFixedDelay(event:screenIsDefinitelyUnlocked:optimisticallyPreLayoutWorkspaces:) - DEBOUNCE: Task scheduled, will wait 50.0ms
[DEBUG] [2:48:44 PM] RefreshDebouncer.swift:58 debounceWithFixedDelay(event:screenIsDefinitelyUnlocked:optimisticallyPreLayoutWorkspaces:) - DEBOUNCE: Executing refresh after 55.20904064178467ms
[DEBUG] [2:48:44 PM] refresh.swift:51 runRefreshSessionBlocking(_:layoutWorkspaces:optimisticallyPreLayoutWorkspaces:) - REFRESH: Starting blocking refresh for event: ax(AXUIElementDestroyed)
[DEBUG] [2:48:44 PM] refresh.swift:57 runRefreshSessionBlocking(_:layoutWorkspaces:optimisticallyPreLayoutWorkspaces:) - REFRESH: Completed blocking refresh in 20.1ms
[DEBUG] [2:48:45 PM] RefreshDebouncer.swift:25 debounce(event:screenIsDefinitelyUnlocked:optimisticallyPreLayoutWorkspaces:) - DEBOUNCE: Using fixed delay 50.0ms for event: globalObserverLeftMouseUp
[DEBUG] [2:48:45 PM] RefreshDebouncer.swift:47 debounceWithFixedDelay(event:screenIsDefinitelyUnlocked:optimisticallyPreLayoutWorkspaces:) - DEBOUNCE: Task scheduled, will wait 50.0ms
[DEBUG] [2:48:45 PM] RefreshDebouncer.swift:58 debounceWithFixedDelay(event:screenIsDefinitelyUnlocked:optimisticallyPreLayoutWorkspaces:) - DEBOUNCE: Executing refresh after 54.80301380157471ms
[DEBUG] [2:48:45 PM] refresh.swift:51 runRefreshSessionBlocking(_:layoutWorkspaces:optimisticallyPreLayoutWorkspaces:) - REFRESH: Starting blocking refresh for event: globalObserverLeftMouseUp
[DEBUG] [2:48:45 PM] refresh.swift:57 runRefreshSessionBlocking(_:layoutWorkspaces:optimisticallyPreLayoutWorkspaces:) - REFRESH: Completed blocking refresh in 31.5ms
[DEBUG] [2:48:46 PM] RefreshDebouncer.swift:25 debounce(event:screenIsDefinitelyUnlocked:optimisticallyPreLayoutWorkspaces:) - DEBOUNCE: Using fixed delay 50.0ms for event: ax(AXFocusedWindowChanged)
[DEBUG] [2:48:46 PM] RefreshDebouncer.swift:47 debounceWithFixedDelay(event:screenIsDefinitelyUnlocked:optimisticallyPreLayoutWorkspaces:) - DEBOUNCE: Task scheduled, will wait 50.0ms
[DEBUG] [2:48:46 PM] RefreshDebouncer.swift:58 debounceWithFixedDelay(event:screenIsDefinitelyUnlocked:optimisticallyPreLayoutWorkspaces:) - DEBOUNCE: Executing refresh after 52.5439977645874ms
[DEBUG] [2:48:46 PM] refresh.swift:51 runRefreshSessionBlocking(_:layoutWorkspaces:optimisticallyPreLayoutWorkspaces:) - REFRESH: Starting blocking refresh for event: ax(AXFocusedWindowChanged)
[DEBUG] [2:48:46 PM] refresh.swift:57 runRefreshSessionBlocking(_:layoutWorkspaces:optimisticallyPreLayoutWorkspaces:) - REFRESH: Completed blocking refresh in 23.5ms
[DEBUG] [2:48:46 PM] RefreshDebouncer.swift:25 debounce(event:screenIsDefinitelyUnlocked:optimisticallyPreLayoutWorkspaces:) - DEBOUNCE: Using fixed delay 50.0ms for event: globalObserverLeftMouseUp
[DEBUG] [2:48:46 PM] RefreshDebouncer.swift:47 debounceWithFixedDelay(event:screenIsDefinitelyUnlocked:optimisticallyPreLayoutWorkspaces:) - DEBOUNCE: Task scheduled, will wait 50.0ms
[DEBUG] [2:48:46 PM] RefreshDebouncer.swift:58 debounceWithFixedDelay(event:screenIsDefinitelyUnlocked:optimisticallyPreLayoutWorkspaces:) - DEBOUNCE: Executing refresh after 55.22596836090088ms
[DEBUG] [2:48:46 PM] refresh.swift:51 runRefreshSessionBlocking(_:layoutWorkspaces:optimisticallyPreLayoutWorkspaces:) - REFRESH: Starting blocking refresh for event: globalObserverLeftMouseUp
[DEBUG] [2:48:46 PM] refresh.swift:57 runRefreshSessionBlocking(_:layoutWorkspaces:optimisticallyPreLayoutWorkspaces:) - REFRESH: Completed blocking refresh in 19.4ms
[DEBUG] [2:48:47 PM] RefreshDebouncer.swift:25 debounce(event:screenIsDefinitelyUnlocked:optimisticallyPreLayoutWorkspaces:) - DEBOUNCE: Using fixed delay 50.0ms for event: globalObserverLeftMouseUp
[DEBUG] [2:48:47 PM] RefreshDebouncer.swift:47 debounceWithFixedDelay(event:screenIsDefinitelyUnlocked:optimisticallyPreLayoutWorkspaces:) - DEBOUNCE: Task scheduled, will wait 50.0ms
[DEBUG] [2:48:47 PM] RefreshDebouncer.swift:58 debounceWithFixedDelay(event:screenIsDefinitelyUnlocked:optimisticallyPreLayoutWorkspaces:) - DEBOUNCE: Executing refresh after 53.62498760223389ms
[DEBUG] [2:48:47 PM] refresh.swift:51 runRefreshSessionBlocking(_:layoutWorkspaces:optimisticallyPreLayoutWorkspaces:) - REFRESH: Starting blocking refresh for event: globalObserverLeftMouseUp
[DEBUG] [2:48:47 PM] refresh.swift:57 runRefreshSessionBlocking(_:layoutWorkspaces:optimisticallyPreLayoutWorkspaces:) - REFRESH: Completed blocking refresh in 23.8ms
[DEBUG] [2:48:47 PM] RefreshDebouncer.swift:25 debounce(event:screenIsDefinitelyUnlocked:optimisticallyPreLayoutWorkspaces:) - DEBOUNCE: Using fixed delay 50.0ms for event: ax(AXWindowCreated)
[DEBUG] [2:48:47 PM] RefreshDebouncer.swift:47 debounceWithFixedDelay(event:screenIsDefinitelyUnlocked:optimisticallyPreLayoutWorkspaces:) - DEBOUNCE: Task scheduled, will wait 50.0ms
[DEBUG] [2:48:47 PM] RefreshDebouncer.swift:58 debounceWithFixedDelay(event:screenIsDefinitelyUnlocked:optimisticallyPreLayoutWorkspaces:) - DEBOUNCE: Executing refresh after 50.73702335357666ms
[DEBUG] [2:48:47 PM] refresh.swift:51 runRefreshSessionBlocking(_:layoutWorkspaces:optimisticallyPreLayoutWorkspaces:) - REFRESH: Starting blocking refresh for event: ax(AXWindowCreated)
[DEBUG] [2:48:47 PM] RefreshDebouncer.swift:25 debounce(event:screenIsDefinitelyUnlocked:optimisticallyPreLayoutWorkspaces:) - DEBOUNCE: Using fixed delay 50.0ms for event: ax(AXUIElementDestroyed)
[DEBUG] [2:48:47 PM] RefreshDebouncer.swift:47 debounceWithFixedDelay(event:screenIsDefinitelyUnlocked:optimisticallyPreLayoutWorkspaces:) - DEBOUNCE: Task scheduled, will wait 50.0ms
[DEBUG] [2:48:47 PM] refresh.swift:57 runRefreshSessionBlocking(_:layoutWorkspaces:optimisticallyPreLayoutWorkspaces:) - REFRESH: Completed blocking refresh in 36.0ms
[DEBUG] [2:48:47 PM] RefreshDebouncer.swift:58 debounceWithFixedDelay(event:screenIsDefinitelyUnlocked:optimisticallyPreLayoutWorkspaces:) - DEBOUNCE: Executing refresh after 54.05902862548828ms
[DEBUG] [2:48:47 PM] refresh.swift:51 runRefreshSessionBlocking(_:layoutWorkspaces:optimisticallyPreLayoutWorkspaces:) - REFRESH: Starting blocking refresh for event: ax(AXUIElementDestroyed)
[DEBUG] [2:48:47 PM] refresh.swift:57 runRefreshSessionBlocking(_:layoutWorkspaces:optimisticallyPreLayoutWorkspaces:) - REFRESH: Completed blocking refresh in 22.4ms
[DEBUG] [2:48:47 PM] RefreshDebouncer.swift:25 debounce(event:screenIsDefinitelyUnlocked:optimisticallyPreLayoutWorkspaces:) - DEBOUNCE: Using fixed delay 50.0ms for event: ax(AXWindowCreated)
[DEBUG] [2:48:47 PM] RefreshDebouncer.swift:47 debounceWithFixedDelay(event:screenIsDefinitelyUnlocked:optimisticallyPreLayoutWorkspaces:) - DEBOUNCE: Task scheduled, will wait 50.0ms
[DEBUG] [2:48:47 PM] RefreshDebouncer.swift:58 debounceWithFixedDelay(event:screenIsDefinitelyUnlocked:optimisticallyPreLayoutWorkspaces:) - DEBOUNCE: Executing refresh after 50.59802532196045ms
[DEBUG] [2:48:47 PM] refresh.swift:51 runRefreshSessionBlocking(_:layoutWorkspaces:optimisticallyPreLayoutWorkspaces:) - REFRESH: Starting blocking refresh for event: ax(AXWindowCreated)
[DEBUG] [2:48:47 PM] refresh.swift:57 runRefreshSessionBlocking(_:layoutWorkspaces:optimisticallyPreLayoutWorkspaces:) - REFRESH: Completed blocking refresh in 30.4ms
[DEBUG] [2:48:47 PM] RefreshDebouncer.swift:25 debounce(event:screenIsDefinitelyUnlocked:optimisticallyPreLayoutWorkspaces:) - DEBOUNCE: Using fixed delay 50.0ms for event: ax(AXResized)
[DEBUG] [2:48:47 PM] RefreshDebouncer.swift:47 debounceWithFixedDelay(event:screenIsDefinitelyUnlocked:optimisticallyPreLayoutWorkspaces:) - DEBOUNCE: Task scheduled, will wait 50.0ms
[DEBUG] [2:48:47 PM] RefreshDebouncer.swift:58 debounceWithFixedDelay(event:screenIsDefinitelyUnlocked:optimisticallyPreLayoutWorkspaces:) - DEBOUNCE: Executing refresh after 55.1910400390625ms
[DEBUG] [2:48:47 PM] refresh.swift:51 runRefreshSessionBlocking(_:layoutWorkspaces:optimisticallyPreLayoutWorkspaces:) - REFRESH: Starting blocking refresh for event: ax(AXResized)
[DEBUG] [2:48:47 PM] refresh.swift:57 runRefreshSessionBlocking(_:layoutWorkspaces:optimisticallyPreLayoutWorkspaces:) - REFRESH: Completed blocking refresh in 21.2ms
[DEBUG] [2:48:48 PM] RefreshDebouncer.swift:25 debounce(event:screenIsDefinitelyUnlocked:optimisticallyPreLayoutWorkspaces:) - DEBOUNCE: Using fixed delay 50.0ms for event: ax(AXResized)
[DEBUG] [2:48:48 PM] RefreshDebouncer.swift:47 debounceWithFixedDelay(event:screenIsDefinitelyUnlocked:optimisticallyPreLayoutWorkspaces:) - DEBOUNCE: Task scheduled, will wait 50.0ms
[DEBUG] [2:48:48 PM] RefreshDebouncer.swift:58 debounceWithFixedDelay(event:screenIsDefinitelyUnlocked:optimisticallyPreLayoutWorkspaces:) - DEBOUNCE: Executing refresh after 53.71296405792236ms
[DEBUG] [2:48:48 PM] refresh.swift:51 runRefreshSessionBlocking(_:layoutWorkspaces:optimisticallyPreLayoutWorkspaces:) - REFRESH: Starting blocking refresh for event: ax(AXResized)
[DEBUG] [2:48:48 PM] refresh.swift:57 runRefreshSessionBlocking(_:layoutWorkspaces:optimisticallyPreLayoutWorkspaces:) - REFRESH: Completed blocking refresh in 25.3ms
[DEBUG] [2:48:48 PM] RefreshDebouncer.swift:25 debounce(event:screenIsDefinitelyUnlocked:optimisticallyPreLayoutWorkspaces:) - DEBOUNCE: Using fixed delay 50.0ms for event: ax(AXResized)
[DEBUG] [2:48:48 PM] RefreshDebouncer.swift:47 debounceWithFixedDelay(event:screenIsDefinitelyUnlocked:optimisticallyPreLayoutWorkspaces:) - DEBOUNCE: Task scheduled, will wait 50.0ms
[DEBUG] [2:48:48 PM] RefreshDebouncer.swift:58 debounceWithFixedDelay(event:screenIsDefinitelyUnlocked:optimisticallyPreLayoutWorkspaces:) - DEBOUNCE: Executing refresh after 59.50498580932617ms
[DEBUG] [2:48:48 PM] refresh.swift:51 runRefreshSessionBlocking(_:layoutWorkspaces:optimisticallyPreLayoutWorkspaces:) - REFRESH: Starting blocking refresh for event: ax(AXResized)
[DEBUG] [2:48:48 PM] refresh.swift:57 runRefreshSessionBlocking(_:layoutWorkspaces:optimisticallyPreLayoutWorkspaces:) - REFRESH: Completed blocking refresh in 26.1ms
[DEBUG] [2:48:48 PM] RefreshDebouncer.swift:25 debounce(event:screenIsDefinitelyUnlocked:optimisticallyPreLayoutWorkspaces:) - DEBOUNCE: Using fixed delay 50.0ms for event: ax(AXUIElementDestroyed)
[DEBUG] [2:48:48 PM] RefreshDebouncer.swift:47 debounceWithFixedDelay(event:screenIsDefinitelyUnlocked:optimisticallyPreLayoutWorkspaces:) - DEBOUNCE: Task scheduled, will wait 50.0ms
[DEBUG] [2:48:48 PM] RefreshDebouncer.swift:25 debounce(event:screenIsDefinitelyUnlocked:optimisticallyPreLayoutWorkspaces:) - DEBOUNCE: Using fixed delay 50.0ms for event: ax(AXWindowCreated)
[DEBUG] [2:48:48 PM] RefreshDebouncer.swift:47 debounceWithFixedDelay(event:screenIsDefinitelyUnlocked:optimisticallyPreLayoutWorkspaces:) - DEBOUNCE: Task scheduled, will wait 50.0ms
[DEBUG] [2:48:48 PM] RefreshDebouncer.swift:54 debounceWithFixedDelay(event:screenIsDefinitelyUnlocked:optimisticallyPreLayoutWorkspaces:) - DEBOUNCE: Task cancelled after 35.14409065246582ms
[DEBUG] [2:48:48 PM] RefreshDebouncer.swift:58 debounceWithFixedDelay(event:screenIsDefinitelyUnlocked:optimisticallyPreLayoutWorkspaces:) - DEBOUNCE: Executing refresh after 54.14092540740967ms
[DEBUG] [2:48:48 PM] refresh.swift:51 runRefreshSessionBlocking(_:layoutWorkspaces:optimisticallyPreLayoutWorkspaces:) - REFRESH: Starting blocking refresh for event: ax(AXWindowCreated)
[DEBUG] [2:48:48 PM] refresh.swift:57 runRefreshSessionBlocking(_:layoutWorkspaces:optimisticallyPreLayoutWorkspaces:) - REFRESH: Completed blocking refresh in 22.7ms
[DEBUG] [2:48:48 PM] RefreshDebouncer.swift:25 debounce(event:screenIsDefinitelyUnlocked:optimisticallyPreLayoutWorkspaces:) - DEBOUNCE: Using fixed delay 50.0ms for event: ax(AXUIElementDestroyed)
[DEBUG] [2:48:48 PM] RefreshDebouncer.swift:47 debounceWithFixedDelay(event:screenIsDefinitelyUnlocked:optimisticallyPreLayoutWorkspaces:) - DEBOUNCE: Task scheduled, will wait 50.0ms
[DEBUG] [2:48:48 PM] RefreshDebouncer.swift:58 debounceWithFixedDelay(event:screenIsDefinitelyUnlocked:optimisticallyPreLayoutWorkspaces:) - DEBOUNCE: Executing refresh after 54.61907386779785ms
[DEBUG] [2:48:48 PM] refresh.swift:51 runRefreshSessionBlocking(_:layoutWorkspaces:optimisticallyPreLayoutWorkspaces:) - REFRESH: Starting blocking refresh for event: ax(AXUIElementDestroyed)
[DEBUG] [2:48:48 PM] refresh.swift:57 runRefreshSessionBlocking(_:layoutWorkspaces:optimisticallyPreLayoutWorkspaces:) - REFRESH: Completed blocking refresh in 29.9ms
[DEBUG] [2:48:48 PM] RefreshDebouncer.swift:25 debounce(event:screenIsDefinitelyUnlocked:optimisticallyPreLayoutWorkspaces:) - DEBOUNCE: Using fixed delay 50.0ms for event: ax(AXWindowCreated)
[DEBUG] [2:48:48 PM] RefreshDebouncer.swift:47 debounceWithFixedDelay(event:screenIsDefinitelyUnlocked:optimisticallyPreLayoutWorkspaces:) - DEBOUNCE: Task scheduled, will wait 50.0ms
[DEBUG] [2:48:48 PM] RefreshDebouncer.swift:58 debounceWithFixedDelay(event:screenIsDefinitelyUnlocked:optimisticallyPreLayoutWorkspaces:) - DEBOUNCE: Executing refresh after 52.45804786682129ms
[DEBUG] [2:48:48 PM] refresh.swift:51 runRefreshSessionBlocking(_:layoutWorkspaces:optimisticallyPreLayoutWorkspaces:) - REFRESH: Starting blocking refresh for event: ax(AXWindowCreated)
[DEBUG] [2:48:48 PM] refresh.swift:57 runRefreshSessionBlocking(_:layoutWorkspaces:optimisticallyPreLayoutWorkspaces:) - REFRESH: Completed blocking refresh in 26.6ms
[DEBUG] [2:48:48 PM] RefreshDebouncer.swift:25 debounce(event:screenIsDefinitelyUnlocked:optimisticallyPreLayoutWorkspaces:) - DEBOUNCE: Using fixed delay 50.0ms for event: ax(AXUIElementDestroyed)
[DEBUG] [2:48:48 PM] RefreshDebouncer.swift:47 debounceWithFixedDelay(event:screenIsDefinitelyUnlocked:optimisticallyPreLayoutWorkspaces:) - DEBOUNCE: Task scheduled, will wait 50.0ms
[DEBUG] [2:48:48 PM] RefreshDebouncer.swift:58 debounceWithFixedDelay(event:screenIsDefinitelyUnlocked:optimisticallyPreLayoutWorkspaces:) - DEBOUNCE: Executing refresh after 50.41396617889404ms
[DEBUG] [2:48:48 PM] refresh.swift:51 runRefreshSessionBlocking(_:layoutWorkspaces:optimisticallyPreLayoutWorkspaces:) - REFRESH: Starting blocking refresh for event: ax(AXUIElementDestroyed)
[DEBUG] [2:48:48 PM] RefreshDebouncer.swift:25 debounce(event:screenIsDefinitelyUnlocked:optimisticallyPreLayoutWorkspaces:) - DEBOUNCE: Using fixed delay 50.0ms for event: ax(AXWindowCreated)
[DEBUG] [2:48:48 PM] RefreshDebouncer.swift:47 debounceWithFixedDelay(event:screenIsDefinitelyUnlocked:optimisticallyPreLayoutWorkspaces:) - DEBOUNCE: Task scheduled, will wait 50.0ms
[DEBUG] [2:48:48 PM] refresh.swift:57 runRefreshSessionBlocking(_:layoutWorkspaces:optimisticallyPreLayoutWorkspaces:) - REFRESH: Completed blocking refresh in 25.8ms
[DEBUG] [2:48:48 PM] RefreshDebouncer.swift:58 debounceWithFixedDelay(event:screenIsDefinitelyUnlocked:optimisticallyPreLayoutWorkspaces:) - DEBOUNCE: Executing refresh after 55.01389503479004ms
[DEBUG] [2:48:48 PM] refresh.swift:51 runRefreshSessionBlocking(_:layoutWorkspaces:optimisticallyPreLayoutWorkspaces:) - REFRESH: Starting blocking refresh for event: ax(AXWindowCreated)
[DEBUG] [2:48:48 PM] refresh.swift:57 runRefreshSessionBlocking(_:layoutWorkspaces:optimisticallyPreLayoutWorkspaces:) - REFRESH: Completed blocking refresh in 22.0ms
[DEBUG] [2:48:49 PM] RefreshDebouncer.swift:25 debounce(event:screenIsDefinitelyUnlocked:optimisticallyPreLayoutWorkspaces:) - DEBOUNCE: Using fixed delay 50.0ms for event: ax(AXResized)
[DEBUG] [2:48:49 PM] RefreshDebouncer.swift:47 debounceWithFixedDelay(event:screenIsDefinitelyUnlocked:optimisticallyPreLayoutWorkspaces:) - DEBOUNCE: Task scheduled, will wait 50.0ms
[DEBUG] [2:48:49 PM] RefreshDebouncer.swift:58 debounceWithFixedDelay(event:screenIsDefinitelyUnlocked:optimisticallyPreLayoutWorkspaces:) - DEBOUNCE: Executing refresh after 53.945064544677734ms
[DEBUG] [2:48:49 PM] refresh.swift:51 runRefreshSessionBlocking(_:layoutWorkspaces:optimisticallyPreLayoutWorkspaces:) - REFRESH: Starting blocking refresh for event: ax(AXResized)
[DEBUG] [2:48:49 PM] refresh.swift:57 runRefreshSessionBlocking(_:layoutWorkspaces:optimisticallyPreLayoutWorkspaces:) - REFRESH: Completed blocking refresh in 21.1ms
[DEBUG] [2:48:49 PM] RefreshDebouncer.swift:25 debounce(event:screenIsDefinitelyUnlocked:optimisticallyPreLayoutWorkspaces:) - DEBOUNCE: Using fixed delay 50.0ms for event: ax(AXResized)
[DEBUG] [2:48:49 PM] RefreshDebouncer.swift:47 debounceWithFixedDelay(event:screenIsDefinitelyUnlocked:optimisticallyPreLayoutWorkspaces:) - DEBOUNCE: Task scheduled, will wait 50.0ms
[DEBUG] [2:48:49 PM] RefreshDebouncer.swift:58 debounceWithFixedDelay(event:screenIsDefinitelyUnlocked:optimisticallyPreLayoutWorkspaces:) - DEBOUNCE: Executing refresh after 53.86996269226074ms
[DEBUG] [2:48:49 PM] refresh.swift:51 runRefreshSessionBlocking(_:layoutWorkspaces:optimisticallyPreLayoutWorkspaces:) - REFRESH: Starting blocking refresh for event: ax(AXResized)
[DEBUG] [2:48:49 PM] refresh.swift:57 runRefreshSessionBlocking(_:layoutWorkspaces:optimisticallyPreLayoutWorkspaces:) - REFRESH: Completed blocking refresh in 25.3ms
[DEBUG] [2:48:49 PM] RefreshDebouncer.swift:25 debounce(event:screenIsDefinitelyUnlocked:optimisticallyPreLayoutWorkspaces:) - DEBOUNCE: Using fixed delay 50.0ms for event: globalObserverLeftMouseUp
[DEBUG] [2:48:49 PM] RefreshDebouncer.swift:47 debounceWithFixedDelay(event:screenIsDefinitelyUnlocked:optimisticallyPreLayoutWorkspaces:) - DEBOUNCE: Task scheduled, will wait 50.0ms
[DEBUG] [2:48:49 PM] RefreshDebouncer.swift:58 debounceWithFixedDelay(event:screenIsDefinitelyUnlocked:optimisticallyPreLayoutWorkspaces:) - DEBOUNCE: Executing refresh after 53.00796031951904ms
[DEBUG] [2:48:49 PM] refresh.swift:51 runRefreshSessionBlocking(_:layoutWorkspaces:optimisticallyPreLayoutWorkspaces:) - REFRESH: Starting blocking refresh for event: globalObserverLeftMouseUp
[DEBUG] [2:48:49 PM] refresh.swift:57 runRefreshSessionBlocking(_:layoutWorkspaces:optimisticallyPreLayoutWorkspaces:) - REFRESH: Completed blocking refresh in 34.5ms
[DEBUG] [2:48:49 PM] RefreshDebouncer.swift:25 debounce(event:screenIsDefinitelyUnlocked:optimisticallyPreLayoutWorkspaces:) - DEBOUNCE: Using fixed delay 50.0ms for event: ax(AXUIElementDestroyed)
[DEBUG] [2:48:49 PM] RefreshDebouncer.swift:47 debounceWithFixedDelay(event:screenIsDefinitelyUnlocked:optimisticallyPreLayoutWorkspaces:) - DEBOUNCE: Task scheduled, will wait 50.0ms
[DEBUG] [2:48:50 PM] RefreshDebouncer.swift:58 debounceWithFixedDelay(event:screenIsDefinitelyUnlocked:optimisticallyPreLayoutWorkspaces:) - DEBOUNCE: Executing refresh after 53.11000347137451ms
[DEBUG] [2:48:50 PM] refresh.swift:51 runRefreshSessionBlocking(_:layoutWorkspaces:optimisticallyPreLayoutWorkspaces:) - REFRESH: Starting blocking refresh for event: ax(AXUIElementDestroyed)
[DEBUG] [2:48:50 PM] refresh.swift:57 runRefreshSessionBlocking(_:layoutWorkspaces:optimisticallyPreLayoutWorkspaces:) - REFRESH: Completed blocking refresh in 29.6ms
[DEBUG] [2:48:51 PM] RefreshDebouncer.swift:25 debounce(event:screenIsDefinitelyUnlocked:optimisticallyPreLayoutWorkspaces:) - DEBOUNCE: Using fixed delay 50.0ms for event: ax(AXWindowCreated)
[DEBUG] [2:48:51 PM] RefreshDebouncer.swift:47 debounceWithFixedDelay(event:screenIsDefinitelyUnlocked:optimisticallyPreLayoutWorkspaces:) - DEBOUNCE: Task scheduled, will wait 50.0ms
[DEBUG] [2:48:51 PM] RefreshDebouncer.swift:58 debounceWithFixedDelay(event:screenIsDefinitelyUnlocked:optimisticallyPreLayoutWorkspaces:) - DEBOUNCE: Executing refresh after 54.65102195739746ms
[DEBUG] [2:48:51 PM] refresh.swift:51 runRefreshSessionBlocking(_:layoutWorkspaces:optimisticallyPreLayoutWorkspaces:) - REFRESH: Starting blocking refresh for event: ax(AXWindowCreated)
[DEBUG] [2:48:51 PM] refresh.swift:57 runRefreshSessionBlocking(_:layoutWorkspaces:optimisticallyPreLayoutWorkspaces:) - REFRESH: Completed blocking refresh in 26.7ms
[DEBUG] [2:48:55 PM] RefreshDebouncer.swift:25 debounce(event:screenIsDefinitelyUnlocked:optimisticallyPreLayoutWorkspaces:) - DEBOUNCE: Using fixed delay 50.0ms for event: ax(AXWindowCreated)
[DEBUG] [2:48:55 PM] RefreshDebouncer.swift:47 debounceWithFixedDelay(event:screenIsDefinitelyUnlocked:optimisticallyPreLayoutWorkspaces:) - DEBOUNCE: Task scheduled, will wait 50.0ms
[DEBUG] [2:48:55 PM] RefreshDebouncer.swift:58 debounceWithFixedDelay(event:screenIsDefinitelyUnlocked:optimisticallyPreLayoutWorkspaces:) - DEBOUNCE: Executing refresh after 51.03504657745361ms
[DEBUG] [2:48:55 PM] refresh.swift:51 runRefreshSessionBlocking(_:layoutWorkspaces:optimisticallyPreLayoutWorkspaces:) - REFRESH: Starting blocking refresh for event: ax(AXWindowCreated)
[DEBUG] [2:48:55 PM] refresh.swift:57 runRefreshSessionBlocking(_:layoutWorkspaces:optimisticallyPreLayoutWorkspaces:) - REFRESH: Completed blocking refresh in 21.8ms
[DEBUG] [2:48:55 PM] RefreshDebouncer.swift:25 debounce(event:screenIsDefinitelyUnlocked:optimisticallyPreLayoutWorkspaces:) - DEBOUNCE: Using fixed delay 50.0ms for event: ax(AXWindowCreated)
[DEBUG] [2:48:55 PM] RefreshDebouncer.swift:47 debounceWithFixedDelay(event:screenIsDefinitelyUnlocked:optimisticallyPreLayoutWorkspaces:) - DEBOUNCE: Task scheduled, will wait 50.0ms
[DEBUG] [2:48:55 PM] RefreshDebouncer.swift:58 debounceWithFixedDelay(event:screenIsDefinitelyUnlocked:optimisticallyPreLayoutWorkspaces:) - DEBOUNCE: Executing refresh after 51.043033599853516ms
[DEBUG] [2:48:55 PM] refresh.swift:51 runRefreshSessionBlocking(_:layoutWorkspaces:optimisticallyPreLayoutWorkspaces:) - REFRESH: Starting blocking refresh for event: ax(AXWindowCreated)
[DEBUG] [2:48:55 PM] RefreshDebouncer.swift:25 debounce(event:screenIsDefinitelyUnlocked:optimisticallyPreLayoutWorkspaces:) - DEBOUNCE: Using fixed delay 50.0ms for event: ax(AXUIElementDestroyed)
[DEBUG] [2:48:55 PM] RefreshDebouncer.swift:47 debounceWithFixedDelay(event:screenIsDefinitelyUnlocked:optimisticallyPreLayoutWorkspaces:) - DEBOUNCE: Task scheduled, will wait 50.0ms
[DEBUG] [2:48:55 PM] refresh.swift:57 runRefreshSessionBlocking(_:layoutWorkspaces:optimisticallyPreLayoutWorkspaces:) - REFRESH: Completed blocking refresh in 24.4ms
[DEBUG] [2:48:55 PM] RefreshDebouncer.swift:25 debounce(event:screenIsDefinitelyUnlocked:optimisticallyPreLayoutWorkspaces:) - DEBOUNCE: Using fixed delay 50.0ms for event: ax(AXWindowCreated)
[DEBUG] [2:48:55 PM] RefreshDebouncer.swift:47 debounceWithFixedDelay(event:screenIsDefinitelyUnlocked:optimisticallyPreLayoutWorkspaces:) - DEBOUNCE: Task scheduled, will wait 50.0ms
[DEBUG] [2:48:55 PM] RefreshDebouncer.swift:54 debounceWithFixedDelay(event:screenIsDefinitelyUnlocked:optimisticallyPreLayoutWorkspaces:) - DEBOUNCE: Task cancelled after 48.82097244262695ms
[DEBUG] [2:48:55 PM] RefreshDebouncer.swift:58 debounceWithFixedDelay(event:screenIsDefinitelyUnlocked:optimisticallyPreLayoutWorkspaces:) - DEBOUNCE: Executing refresh after 53.75397205352783ms
[DEBUG] [2:48:55 PM] refresh.swift:51 runRefreshSessionBlocking(_:layoutWorkspaces:optimisticallyPreLayoutWorkspaces:) - REFRESH: Starting blocking refresh for event: ax(AXWindowCreated)
[DEBUG] [2:48:55 PM] RefreshDebouncer.swift:25 debounce(event:screenIsDefinitelyUnlocked:optimisticallyPreLayoutWorkspaces:) - DEBOUNCE: Using fixed delay 50.0ms for event: ax(AXUIElementDestroyed)
[DEBUG] [2:48:55 PM] RefreshDebouncer.swift:47 debounceWithFixedDelay(event:screenIsDefinitelyUnlocked:optimisticallyPreLayoutWorkspaces:) - DEBOUNCE: Task scheduled, will wait 50.0ms
[DEBUG] [2:48:55 PM] refresh.swift:57 runRefreshSessionBlocking(_:layoutWorkspaces:optimisticallyPreLayoutWorkspaces:) - REFRESH: Completed blocking refresh in 22.5ms
[DEBUG] [2:48:55 PM] RefreshDebouncer.swift:25 debounce(event:screenIsDefinitelyUnlocked:optimisticallyPreLayoutWorkspaces:) - DEBOUNCE: Using fixed delay 50.0ms for event: ax(AXWindowCreated)
[DEBUG] [2:48:55 PM] RefreshDebouncer.swift:47 debounceWithFixedDelay(event:screenIsDefinitelyUnlocked:optimisticallyPreLayoutWorkspaces:) - DEBOUNCE: Task scheduled, will wait 50.0ms
[DEBUG] [2:48:55 PM] RefreshDebouncer.swift:54 debounceWithFixedDelay(event:screenIsDefinitelyUnlocked:optimisticallyPreLayoutWorkspaces:) - DEBOUNCE: Task cancelled after 30.717015266418457ms
[DEBUG] [2:48:55 PM] RefreshDebouncer.swift:58 debounceWithFixedDelay(event:screenIsDefinitelyUnlocked:optimisticallyPreLayoutWorkspaces:) - DEBOUNCE: Executing refresh after 52.63698101043701ms
[DEBUG] [2:48:55 PM] refresh.swift:51 runRefreshSessionBlocking(_:layoutWorkspaces:optimisticallyPreLayoutWorkspaces:) - REFRESH: Starting blocking refresh for event: ax(AXWindowCreated)
[DEBUG] [2:48:55 PM] refresh.swift:57 runRefreshSessionBlocking(_:layoutWorkspaces:optimisticallyPreLayoutWorkspaces:) - REFRESH: Completed blocking refresh in 20.1ms
[DEBUG] [2:48:56 PM] RefreshDebouncer.swift:25 debounce(event:screenIsDefinitelyUnlocked:optimisticallyPreLayoutWorkspaces:) - DEBOUNCE: Using fixed delay 50.0ms for event: ax(AXWindowCreated)
[DEBUG] [2:48:56 PM] RefreshDebouncer.swift:47 debounceWithFixedDelay(event:screenIsDefinitelyUnlocked:optimisticallyPreLayoutWorkspaces:) - DEBOUNCE: Task scheduled, will wait 50.0ms
[DEBUG] [2:48:56 PM] RefreshDebouncer.swift:58 debounceWithFixedDelay(event:screenIsDefinitelyUnlocked:optimisticallyPreLayoutWorkspaces:) - DEBOUNCE: Executing refresh after 51.65994167327881ms
[DEBUG] [2:48:56 PM] refresh.swift:51 runRefreshSessionBlocking(_:layoutWorkspaces:optimisticallyPreLayoutWorkspaces:) - REFRESH: Starting blocking refresh for event: ax(AXWindowCreated)
[DEBUG] [2:48:56 PM] refresh.swift:57 runRefreshSessionBlocking(_:layoutWorkspaces:optimisticallyPreLayoutWorkspaces:) - REFRESH: Completed blocking refresh in 20.7ms
[DEBUG] [2:48:56 PM] RefreshDebouncer.swift:25 debounce(event:screenIsDefinitelyUnlocked:optimisticallyPreLayoutWorkspaces:) - DEBOUNCE: Using fixed delay 50.0ms for event: ax(AXWindowCreated)
[DEBUG] [2:48:56 PM] RefreshDebouncer.swift:47 debounceWithFixedDelay(event:screenIsDefinitelyUnlocked:optimisticallyPreLayoutWorkspaces:) - DEBOUNCE: Task scheduled, will wait 50.0ms
[DEBUG] [2:48:56 PM] RefreshDebouncer.swift:58 debounceWithFixedDelay(event:screenIsDefinitelyUnlocked:optimisticallyPreLayoutWorkspaces:) - DEBOUNCE: Executing refresh after 51.47099494934082ms
[DEBUG] [2:48:56 PM] refresh.swift:51 runRefreshSessionBlocking(_:layoutWorkspaces:optimisticallyPreLayoutWorkspaces:) - REFRESH: Starting blocking refresh for event: ax(AXWindowCreated)
[DEBUG] [2:48:56 PM] refresh.swift:57 runRefreshSessionBlocking(_:layoutWorkspaces:optimisticallyPreLayoutWorkspaces:) - REFRESH: Completed blocking refresh in 22.5ms
[DEBUG] [2:48:56 PM] RefreshDebouncer.swift:25 debounce(event:screenIsDefinitelyUnlocked:optimisticallyPreLayoutWorkspaces:) - DEBOUNCE: Using fixed delay 50.0ms for event: ax(AXResized)
[DEBUG] [2:48:56 PM] RefreshDebouncer.swift:47 debounceWithFixedDelay(event:screenIsDefinitelyUnlocked:optimisticallyPreLayoutWorkspaces:) - DEBOUNCE: Task scheduled, will wait 50.0ms
[DEBUG] [2:48:56 PM] RefreshDebouncer.swift:25 debounce(event:screenIsDefinitelyUnlocked:optimisticallyPreLayoutWorkspaces:) - DEBOUNCE: Using fixed delay 50.0ms for event: ax(AXUIElementDestroyed)
[DEBUG] [2:48:56 PM] RefreshDebouncer.swift:47 debounceWithFixedDelay(event:screenIsDefinitelyUnlocked:optimisticallyPreLayoutWorkspaces:) - DEBOUNCE: Task scheduled, will wait 50.0ms
[DEBUG] [2:48:56 PM] RefreshDebouncer.swift:54 debounceWithFixedDelay(event:screenIsDefinitelyUnlocked:optimisticallyPreLayoutWorkspaces:) - DEBOUNCE: Task cancelled after 33.531904220581055ms
[DEBUG] [2:48:56 PM] RefreshDebouncer.swift:25 debounce(event:screenIsDefinitelyUnlocked:optimisticallyPreLayoutWorkspaces:) - DEBOUNCE: Using fixed delay 50.0ms for event: ax(AXWindowCreated)
[DEBUG] [2:48:56 PM] RefreshDebouncer.swift:47 debounceWithFixedDelay(event:screenIsDefinitelyUnlocked:optimisticallyPreLayoutWorkspaces:) - DEBOUNCE: Task scheduled, will wait 50.0ms
[DEBUG] [2:48:56 PM] RefreshDebouncer.swift:54 debounceWithFixedDelay(event:screenIsDefinitelyUnlocked:optimisticallyPreLayoutWorkspaces:) - DEBOUNCE: Task cancelled after 16.261935234069824ms
[DEBUG] [2:48:56 PM] RefreshDebouncer.swift:58 debounceWithFixedDelay(event:screenIsDefinitelyUnlocked:optimisticallyPreLayoutWorkspaces:) - DEBOUNCE: Executing refresh after 50.44198036193848ms
[DEBUG] [2:48:56 PM] refresh.swift:51 runRefreshSessionBlocking(_:layoutWorkspaces:optimisticallyPreLayoutWorkspaces:) - REFRESH: Starting blocking refresh for event: ax(AXWindowCreated)
[DEBUG] [2:48:56 PM] refresh.swift:57 runRefreshSessionBlocking(_:layoutWorkspaces:optimisticallyPreLayoutWorkspaces:) - REFRESH: Completed blocking refresh in 22.1ms
[DEBUG] [2:48:56 PM] RefreshDebouncer.swift:25 debounce(event:screenIsDefinitelyUnlocked:optimisticallyPreLayoutWorkspaces:) - DEBOUNCE: Using fixed delay 50.0ms for event: ax(AXResized)
[DEBUG] [2:48:56 PM] RefreshDebouncer.swift:47 debounceWithFixedDelay(event:screenIsDefinitelyUnlocked:optimisticallyPreLayoutWorkspaces:) - DEBOUNCE: Task scheduled, will wait 50.0ms
[DEBUG] [2:48:56 PM] RefreshDebouncer.swift:58 debounceWithFixedDelay(event:screenIsDefinitelyUnlocked:optimisticallyPreLayoutWorkspaces:) - DEBOUNCE: Executing refresh after 55.24110794067383ms
[DEBUG] [2:48:56 PM] refresh.swift:51 runRefreshSessionBlocking(_:layoutWorkspaces:optimisticallyPreLayoutWorkspaces:) - REFRESH: Starting blocking refresh for event: ax(AXResized)
[DEBUG] [2:48:56 PM] refresh.swift:57 runRefreshSessionBlocking(_:layoutWorkspaces:optimisticallyPreLayoutWorkspaces:) - REFRESH: Completed blocking refresh in 19.2ms
[DEBUG] [2:48:56 PM] RefreshDebouncer.swift:25 debounce(event:screenIsDefinitelyUnlocked:optimisticallyPreLayoutWorkspaces:) - DEBOUNCE: Using fixed delay 50.0ms for event: ax(AXResized)
[DEBUG] [2:48:56 PM] RefreshDebouncer.swift:47 debounceWithFixedDelay(event:screenIsDefinitelyUnlocked:optimisticallyPreLayoutWorkspaces:) - DEBOUNCE: Task scheduled, will wait 50.0ms
[DEBUG] [2:48:56 PM] RefreshDebouncer.swift:25 debounce(event:screenIsDefinitelyUnlocked:optimisticallyPreLayoutWorkspaces:) - DEBOUNCE: Using fixed delay 50.0ms for event: ax(AXUIElementDestroyed)
[DEBUG] [2:48:56 PM] RefreshDebouncer.swift:47 debounceWithFixedDelay(event:screenIsDefinitelyUnlocked:optimisticallyPreLayoutWorkspaces:) - DEBOUNCE: Task scheduled, will wait 50.0ms
[DEBUG] [2:48:56 PM] RefreshDebouncer.swift:54 debounceWithFixedDelay(event:screenIsDefinitelyUnlocked:optimisticallyPreLayoutWorkspaces:) - DEBOUNCE: Task cancelled after 32.33504295349121ms
[DEBUG] [2:48:56 PM] RefreshDebouncer.swift:25 debounce(event:screenIsDefinitelyUnlocked:optimisticallyPreLayoutWorkspaces:) - DEBOUNCE: Using fixed delay 50.0ms for event: ax(AXWindowCreated)
[DEBUG] [2:48:56 PM] RefreshDebouncer.swift:47 debounceWithFixedDelay(event:screenIsDefinitelyUnlocked:optimisticallyPreLayoutWorkspaces:) - DEBOUNCE: Task scheduled, will wait 50.0ms
[DEBUG] [2:48:56 PM] RefreshDebouncer.swift:54 debounceWithFixedDelay(event:screenIsDefinitelyUnlocked:optimisticallyPreLayoutWorkspaces:) - DEBOUNCE: Task cancelled after 51.13101005554199ms
[DEBUG] [2:48:56 PM] RefreshDebouncer.swift:58 debounceWithFixedDelay(event:screenIsDefinitelyUnlocked:optimisticallyPreLayoutWorkspaces:) - DEBOUNCE: Executing refresh after 51.61595344543457ms
[DEBUG] [2:48:56 PM] refresh.swift:51 runRefreshSessionBlocking(_:layoutWorkspaces:optimisticallyPreLayoutWorkspaces:) - REFRESH: Starting blocking refresh for event: ax(AXWindowCreated)
[DEBUG] [2:48:56 PM] refresh.swift:57 runRefreshSessionBlocking(_:layoutWorkspaces:optimisticallyPreLayoutWorkspaces:) - REFRESH: Completed blocking refresh in 26.0ms
[DEBUG] [2:48:56 PM] RefreshDebouncer.swift:25 debounce(event:screenIsDefinitelyUnlocked:optimisticallyPreLayoutWorkspaces:) - DEBOUNCE: Using fixed delay 50.0ms for event: ax(AXResized)
[DEBUG] [2:48:56 PM] RefreshDebouncer.swift:47 debounceWithFixedDelay(event:screenIsDefinitelyUnlocked:optimisticallyPreLayoutWorkspaces:) - DEBOUNCE: Task scheduled, will wait 50.0ms
[DEBUG] [2:48:57 PM] RefreshDebouncer.swift:58 debounceWithFixedDelay(event:screenIsDefinitelyUnlocked:optimisticallyPreLayoutWorkspaces:) - DEBOUNCE: Executing refresh after 54.180026054382324ms
[DEBUG] [2:48:57 PM] refresh.swift:51 runRefreshSessionBlocking(_:layoutWorkspaces:optimisticallyPreLayoutWorkspaces:) - REFRESH: Starting blocking refresh for event: ax(AXResized)
[DEBUG] [2:48:57 PM] refresh.swift:57 runRefreshSessionBlocking(_:layoutWorkspaces:optimisticallyPreLayoutWorkspaces:) - REFRESH: Completed blocking refresh in 24.4ms
[DEBUG] [2:48:57 PM] RefreshDebouncer.swift:25 debounce(event:screenIsDefinitelyUnlocked:optimisticallyPreLayoutWorkspaces:) - DEBOUNCE: Using fixed delay 50.0ms for event: ax(AXResized)
[DEBUG] [2:48:57 PM] RefreshDebouncer.swift:47 debounceWithFixedDelay(event:screenIsDefinitelyUnlocked:optimisticallyPreLayoutWorkspaces:) - DEBOUNCE: Task scheduled, will wait 50.0ms
[DEBUG] [2:48:57 PM] RefreshDebouncer.swift:58 debounceWithFixedDelay(event:screenIsDefinitelyUnlocked:optimisticallyPreLayoutWorkspaces:) - DEBOUNCE: Executing refresh after 50.23503303527832ms
[DEBUG] [2:48:57 PM] refresh.swift:51 runRefreshSessionBlocking(_:layoutWorkspaces:optimisticallyPreLayoutWorkspaces:) - REFRESH: Starting blocking refresh for event: ax(AXResized)
[DEBUG] [2:48:57 PM] refresh.swift:57 runRefreshSessionBlocking(_:layoutWorkspaces:optimisticallyPreLayoutWorkspaces:) - REFRESH: Completed blocking refresh in 19.4ms
[DEBUG] [2:48:57 PM] RefreshDebouncer.swift:25 debounce(event:screenIsDefinitelyUnlocked:optimisticallyPreLayoutWorkspaces:) - DEBOUNCE: Using fixed delay 50.0ms for event: globalObserverLeftMouseUp
[DEBUG] [2:48:57 PM] RefreshDebouncer.swift:47 debounceWithFixedDelay(event:screenIsDefinitelyUnlocked:optimisticallyPreLayoutWorkspaces:) - DEBOUNCE: Task scheduled, will wait 50.0ms
[DEBUG] [2:48:57 PM] RefreshDebouncer.swift:58 debounceWithFixedDelay(event:screenIsDefinitelyUnlocked:optimisticallyPreLayoutWorkspaces:) - DEBOUNCE: Executing refresh after 55.26697635650635ms
[DEBUG] [2:48:57 PM] refresh.swift:51 runRefreshSessionBlocking(_:layoutWorkspaces:optimisticallyPreLayoutWorkspaces:) - REFRESH: Starting blocking refresh for event: globalObserverLeftMouseUp
[DEBUG] [2:48:57 PM] refresh.swift:57 runRefreshSessionBlocking(_:layoutWorkspaces:optimisticallyPreLayoutWorkspaces:) - REFRESH: Completed blocking refresh in 28.7ms
[DEBUG] [2:48:58 PM] RefreshDebouncer.swift:25 debounce(event:screenIsDefinitelyUnlocked:optimisticallyPreLayoutWorkspaces:) - DEBOUNCE: Using fixed delay 50.0ms for event: ax(AXUIElementDestroyed)
[DEBUG] [2:48:58 PM] RefreshDebouncer.swift:47 debounceWithFixedDelay(event:screenIsDefinitelyUnlocked:optimisticallyPreLayoutWorkspaces:) - DEBOUNCE: Task scheduled, will wait 50.0ms
[DEBUG] [2:48:58 PM] RefreshDebouncer.swift:58 debounceWithFixedDelay(event:screenIsDefinitelyUnlocked:optimisticallyPreLayoutWorkspaces:) - DEBOUNCE: Executing refresh after 55.299997329711914ms
[DEBUG] [2:48:58 PM] refresh.swift:51 runRefreshSessionBlocking(_:layoutWorkspaces:optimisticallyPreLayoutWorkspaces:) - REFRESH: Starting blocking refresh for event: ax(AXUIElementDestroyed)
[DEBUG] [2:48:58 PM] RefreshDebouncer.swift:25 debounce(event:screenIsDefinitelyUnlocked:optimisticallyPreLayoutWorkspaces:) - DEBOUNCE: Using fixed delay 50.0ms for event: ax(AXFocusedWindowChanged)
[DEBUG] [2:48:58 PM] RefreshDebouncer.swift:47 debounceWithFixedDelay(event:screenIsDefinitelyUnlocked:optimisticallyPreLayoutWorkspaces:) - DEBOUNCE: Task scheduled, will wait 50.0ms
[DEBUG] [2:48:58 PM] refresh.swift:57 runRefreshSessionBlocking(_:layoutWorkspaces:optimisticallyPreLayoutWorkspaces:) - REFRESH: Completed blocking refresh in 49.6ms
[DEBUG] [2:48:58 PM] RefreshDebouncer.swift:58 debounceWithFixedDelay(event:screenIsDefinitelyUnlocked:optimisticallyPreLayoutWorkspaces:) - DEBOUNCE: Executing refresh after 52.104949951171875ms
[DEBUG] [2:48:58 PM] refresh.swift:51 runRefreshSessionBlocking(_:layoutWorkspaces:optimisticallyPreLayoutWorkspaces:) - REFRESH: Starting blocking refresh for event: ax(AXFocusedWindowChanged)
[DEBUG] [2:48:58 PM] refresh.swift:57 runRefreshSessionBlocking(_:layoutWorkspaces:optimisticallyPreLayoutWorkspaces:) - REFRESH: Completed blocking refresh in 22.3ms
[DEBUG] [2:48:58 PM] RefreshDebouncer.swift:25 debounce(event:screenIsDefinitelyUnlocked:optimisticallyPreLayoutWorkspaces:) - DEBOUNCE: Using fixed delay 50.0ms for event: globalObserverLeftMouseUp
[DEBUG] [2:48:58 PM] RefreshDebouncer.swift:47 debounceWithFixedDelay(event:screenIsDefinitelyUnlocked:optimisticallyPreLayoutWorkspaces:) - DEBOUNCE: Task scheduled, will wait 50.0ms
[DEBUG] [2:48:58 PM] RefreshDebouncer.swift:58 debounceWithFixedDelay(event:screenIsDefinitelyUnlocked:optimisticallyPreLayoutWorkspaces:) - DEBOUNCE: Executing refresh after 52.014946937561035ms
[DEBUG] [2:48:58 PM] refresh.swift:51 runRefreshSessionBlocking(_:layoutWorkspaces:optimisticallyPreLayoutWorkspaces:) - REFRESH: Starting blocking refresh for event: globalObserverLeftMouseUp
[DEBUG] [2:48:58 PM] refresh.swift:57 runRefreshSessionBlocking(_:layoutWorkspaces:optimisticallyPreLayoutWorkspaces:) - REFRESH: Completed blocking refresh in 23.1ms
[DEBUG] [2:49:02 PM] RefreshDebouncer.swift:25 debounce(event:screenIsDefinitelyUnlocked:optimisticallyPreLayoutWorkspaces:) - DEBOUNCE: Using fixed delay 50.0ms for event: globalObserverLeftMouseUp
[DEBUG] [2:49:02 PM] RefreshDebouncer.swift:47 debounceWithFixedDelay(event:screenIsDefinitelyUnlocked:optimisticallyPreLayoutWorkspaces:) - DEBOUNCE: Task scheduled, will wait 50.0ms
[DEBUG] [2:49:02 PM] RefreshDebouncer.swift:58 debounceWithFixedDelay(event:screenIsDefinitelyUnlocked:optimisticallyPreLayoutWorkspaces:) - DEBOUNCE: Executing refresh after 55.13298511505127ms
[DEBUG] [2:49:02 PM] refresh.swift:51 runRefreshSessionBlocking(_:layoutWorkspaces:optimisticallyPreLayoutWorkspaces:) - REFRESH: Starting blocking refresh for event: globalObserverLeftMouseUp
[DEBUG] [2:49:02 PM] refresh.swift:57 runRefreshSessionBlocking(_:layoutWorkspaces:optimisticallyPreLayoutWorkspaces:) - REFRESH: Completed blocking refresh in 20.6ms
[DEBUG] [2:49:03 PM] RefreshDebouncer.swift:25 debounce(event:screenIsDefinitelyUnlocked:optimisticallyPreLayoutWorkspaces:) - DEBOUNCE: Using fixed delay 50.0ms for event: globalObserverLeftMouseUp
[DEBUG] [2:49:03 PM] RefreshDebouncer.swift:47 debounceWithFixedDelay(event:screenIsDefinitelyUnlocked:optimisticallyPreLayoutWorkspaces:) - DEBOUNCE: Task scheduled, will wait 50.0ms
[DEBUG] [2:49:03 PM] RefreshDebouncer.swift:58 debounceWithFixedDelay(event:screenIsDefinitelyUnlocked:optimisticallyPreLayoutWorkspaces:) - DEBOUNCE: Executing refresh after 51.99003219604492ms
[DEBUG] [2:49:03 PM] refresh.swift:51 runRefreshSessionBlocking(_:layoutWorkspaces:optimisticallyPreLayoutWorkspaces:) - REFRESH: Starting blocking refresh for event: globalObserverLeftMouseUp
[DEBUG] [2:49:03 PM] refresh.swift:57 runRefreshSessionBlocking(_:layoutWorkspaces:optimisticallyPreLayoutWorkspaces:) - REFRESH: Completed blocking refresh in 24.8ms
[DEBUG] [2:49:04 PM] RefreshDebouncer.swift:25 debounce(event:screenIsDefinitelyUnlocked:optimisticallyPreLayoutWorkspaces:) - DEBOUNCE: Using fixed delay 50.0ms for event: globalObserver(NSWorkspaceDidActivateApplicationNotification)
[DEBUG] [2:49:04 PM] RefreshDebouncer.swift:47 debounceWithFixedDelay(event:screenIsDefinitelyUnlocked:optimisticallyPreLayoutWorkspaces:) - DEBOUNCE: Task scheduled, will wait 50.0ms
[DEBUG] [2:49:04 PM] RefreshDebouncer.swift:58 debounceWithFixedDelay(event:screenIsDefinitelyUnlocked:optimisticallyPreLayoutWorkspaces:) - DEBOUNCE: Executing refresh after 53.372979164123535ms
[DEBUG] [2:49:04 PM] refresh.swift:51 runRefreshSessionBlocking(_:layoutWorkspaces:optimisticallyPreLayoutWorkspaces:) - REFRESH: Starting blocking refresh for event: globalObserver(NSWorkspaceDidActivateApplicationNotification)
[DEBUG] [2:49:04 PM] RefreshDebouncer.swift:25 debounce(event:screenIsDefinitelyUnlocked:optimisticallyPreLayoutWorkspaces:) - DEBOUNCE: Using fixed delay 50.0ms for event: globalObserverLeftMouseUp
[DEBUG] [2:49:04 PM] RefreshDebouncer.swift:47 debounceWithFixedDelay(event:screenIsDefinitelyUnlocked:optimisticallyPreLayoutWorkspaces:) - DEBOUNCE: Task scheduled, will wait 50.0ms
[DEBUG] [2:49:04 PM] refresh.swift:57 runRefreshSessionBlocking(_:layoutWorkspaces:optimisticallyPreLayoutWorkspaces:) - REFRESH: Completed blocking refresh in 89.2ms
[DEBUG] [2:49:04 PM] RefreshDebouncer.swift:58 debounceWithFixedDelay(event:screenIsDefinitelyUnlocked:optimisticallyPreLayoutWorkspaces:) - DEBOUNCE: Executing refresh after 51.83899402618408ms
[DEBUG] [2:49:04 PM] refresh.swift:51 runRefreshSessionBlocking(_:layoutWorkspaces:optimisticallyPreLayoutWorkspaces:) - REFRESH: Starting blocking refresh for event: globalObserverLeftMouseUp
[DEBUG] [2:49:04 PM] refresh.swift:57 runRefreshSessionBlocking(_:layoutWorkspaces:optimisticallyPreLayoutWorkspaces:) - REFRESH: Completed blocking refresh in 29.8ms
[DEBUG] [2:49:04 PM] RefreshDebouncer.swift:25 debounce(event:screenIsDefinitelyUnlocked:optimisticallyPreLayoutWorkspaces:) - DEBOUNCE: Using fixed delay 50.0ms for event: globalObserver(NSWorkspaceDidActivateApplicationNotification)
[DEBUG] [2:49:04 PM] RefreshDebouncer.swift:47 debounceWithFixedDelay(event:screenIsDefinitelyUnlocked:optimisticallyPreLayoutWorkspaces:) - DEBOUNCE: Task scheduled, will wait 50.0ms
[DEBUG] [2:49:04 PM] RefreshDebouncer.swift:58 debounceWithFixedDelay(event:screenIsDefinitelyUnlocked:optimisticallyPreLayoutWorkspaces:) - DEBOUNCE: Executing refresh after 54.10301685333252ms
[DEBUG] [2:49:04 PM] refresh.swift:51 runRefreshSessionBlocking(_:layoutWorkspaces:optimisticallyPreLayoutWorkspaces:) - REFRESH: Starting blocking refresh for event: globalObserver(NSWorkspaceDidActivateApplicationNotification)
[DEBUG] [2:49:04 PM] refresh.swift:57 runRefreshSessionBlocking(_:layoutWorkspaces:optimisticallyPreLayoutWorkspaces:) - REFRESH: Completed blocking refresh in 24.4ms
[DEBUG] [2:49:04 PM] RefreshDebouncer.swift:25 debounce(event:screenIsDefinitelyUnlocked:optimisticallyPreLayoutWorkspaces:) - DEBOUNCE: Using fixed delay 50.0ms for event: globalObserverLeftMouseUp
[DEBUG] [2:49:04 PM] RefreshDebouncer.swift:47 debounceWithFixedDelay(event:screenIsDefinitelyUnlocked:optimisticallyPreLayoutWorkspaces:) - DEBOUNCE: Task scheduled, will wait 50.0ms
[DEBUG] [2:49:04 PM] RefreshDebouncer.swift:58 debounceWithFixedDelay(event:screenIsDefinitelyUnlocked:optimisticallyPreLayoutWorkspaces:) - DEBOUNCE: Executing refresh after 51.72598361968994ms
[DEBUG] [2:49:04 PM] refresh.swift:51 runRefreshSessionBlocking(_:layoutWorkspaces:optimisticallyPreLayoutWorkspaces:) - REFRESH: Starting blocking refresh for event: globalObserverLeftMouseUp
[DEBUG] [2:49:04 PM] refresh.swift:57 runRefreshSessionBlocking(_:layoutWorkspaces:optimisticallyPreLayoutWorkspaces:) - REFRESH: Completed blocking refresh in 15.6ms
[DEBUG] [2:49:30 PM] RefreshDebouncer.swift:25 debounce(event:screenIsDefinitelyUnlocked:optimisticallyPreLayoutWorkspaces:) - DEBOUNCE: Using fixed delay 50.0ms for event: globalObserver(NSWorkspaceDidActivateApplicationNotification)
[DEBUG] [2:49:30 PM] RefreshDebouncer.swift:47 debounceWithFixedDelay(event:screenIsDefinitelyUnlocked:optimisticallyPreLayoutWorkspaces:) - DEBOUNCE: Task scheduled, will wait 50.0ms
[DEBUG] [2:49:30 PM] RefreshDebouncer.swift:58 debounceWithFixedDelay(event:screenIsDefinitelyUnlocked:optimisticallyPreLayoutWorkspaces:) - DEBOUNCE: Executing refresh after 53.34901809692383ms
[DEBUG] [2:49:30 PM] refresh.swift:51 runRefreshSessionBlocking(_:layoutWorkspaces:optimisticallyPreLayoutWorkspaces:) - REFRESH: Starting blocking refresh for event: globalObserver(NSWorkspaceDidActivateApplicationNotification)
[DEBUG] [2:49:30 PM] refresh.swift:57 runRefreshSessionBlocking(_:layoutWorkspaces:optimisticallyPreLayoutWorkspaces:) - REFRESH: Completed blocking refresh in 16.4ms
[DEBUG] [2:49:30 PM] RefreshDebouncer.swift:25 debounce(event:screenIsDefinitelyUnlocked:optimisticallyPreLayoutWorkspaces:) - DEBOUNCE: Using fixed delay 50.0ms for event: globalObserverLeftMouseUp
[DEBUG] [2:49:30 PM] RefreshDebouncer.swift:47 debounceWithFixedDelay(event:screenIsDefinitelyUnlocked:optimisticallyPreLayoutWorkspaces:) - DEBOUNCE: Task scheduled, will wait 50.0ms
[DEBUG] [2:49:30 PM] RefreshDebouncer.swift:58 debounceWithFixedDelay(event:screenIsDefinitelyUnlocked:optimisticallyPreLayoutWorkspaces:) - DEBOUNCE: Executing refresh after 50.22907257080078ms
[DEBUG] [2:49:30 PM] refresh.swift:51 runRefreshSessionBlocking(_:layoutWorkspaces:optimisticallyPreLayoutWorkspaces:) - REFRESH: Starting blocking refresh for event: globalObserverLeftMouseUp
[DEBUG] [2:49:30 PM] refresh.swift:57 runRefreshSessionBlocking(_:layoutWorkspaces:optimisticallyPreLayoutWorkspaces:) - REFRESH: Completed blocking refresh in 19.7ms
[DEBUG] [2:49:32 PM] RefreshDebouncer.swift:25 debounce(event:screenIsDefinitelyUnlocked:optimisticallyPreLayoutWorkspaces:) - DEBOUNCE: Using fixed delay 50.0ms for event: globalObserverLeftMouseUp
[DEBUG] [2:49:32 PM] RefreshDebouncer.swift:47 debounceWithFixedDelay(event:screenIsDefinitelyUnlocked:optimisticallyPreLayoutWorkspaces:) - DEBOUNCE: Task scheduled, will wait 50.0ms
[DEBUG] [2:49:32 PM] RefreshDebouncer.swift:58 debounceWithFixedDelay(event:screenIsDefinitelyUnlocked:optimisticallyPreLayoutWorkspaces:) - DEBOUNCE: Executing refresh after 55.1990270614624ms
[DEBUG] [2:49:32 PM] refresh.swift:51 runRefreshSessionBlocking(_:layoutWorkspaces:optimisticallyPreLayoutWorkspaces:) - REFRESH: Starting blocking refresh for event: globalObserverLeftMouseUp
[DEBUG] [2:49:32 PM] refresh.swift:57 runRefreshSessionBlocking(_:layoutWorkspaces:optimisticallyPreLayoutWorkspaces:) - REFRESH: Completed blocking refresh in 27.0ms
[DEBUG] [2:49:33 PM] RefreshDebouncer.swift:25 debounce(event:screenIsDefinitelyUnlocked:optimisticallyPreLayoutWorkspaces:) - DEBOUNCE: Using fixed delay 50.0ms for event: ax(AXWindowCreated)
[DEBUG] [2:49:33 PM] RefreshDebouncer.swift:47 debounceWithFixedDelay(event:screenIsDefinitelyUnlocked:optimisticallyPreLayoutWorkspaces:) - DEBOUNCE: Task scheduled, will wait 50.0ms
[DEBUG] [2:49:33 PM] RefreshDebouncer.swift:58 debounceWithFixedDelay(event:screenIsDefinitelyUnlocked:optimisticallyPreLayoutWorkspaces:) - DEBOUNCE: Executing refresh after 53.038954734802246ms
[DEBUG] [2:49:33 PM] refresh.swift:51 runRefreshSessionBlocking(_:layoutWorkspaces:optimisticallyPreLayoutWorkspaces:) - REFRESH: Starting blocking refresh for event: ax(AXWindowCreated)
[DEBUG] [2:49:33 PM] refresh.swift:57 runRefreshSessionBlocking(_:layoutWorkspaces:optimisticallyPreLayoutWorkspaces:) - REFRESH: Completed blocking refresh in 20.0ms
[DEBUG] [2:49:33 PM] RefreshDebouncer.swift:25 debounce(event:screenIsDefinitelyUnlocked:optimisticallyPreLayoutWorkspaces:) - DEBOUNCE: Using fixed delay 50.0ms for event: globalObserver(NSWorkspaceDidActivateApplicationNotification)
[DEBUG] [2:49:33 PM] RefreshDebouncer.swift:47 debounceWithFixedDelay(event:screenIsDefinitelyUnlocked:optimisticallyPreLayoutWorkspaces:) - DEBOUNCE: Task scheduled, will wait 50.0ms
[DEBUG] [2:49:33 PM] RefreshDebouncer.swift:58 debounceWithFixedDelay(event:screenIsDefinitelyUnlocked:optimisticallyPreLayoutWorkspaces:) - DEBOUNCE: Executing refresh after 52.28996276855469ms
[DEBUG] [2:49:33 PM] refresh.swift:51 runRefreshSessionBlocking(_:layoutWorkspaces:optimisticallyPreLayoutWorkspaces:) - REFRESH: Starting blocking refresh for event: globalObserver(NSWorkspaceDidActivateApplicationNotification)
[DEBUG] [2:49:33 PM] RefreshDebouncer.swift:25 debounce(event:screenIsDefinitelyUnlocked:optimisticallyPreLayoutWorkspaces:) - DEBOUNCE: Using fixed delay 50.0ms for event: globalObserverLeftMouseUp
[DEBUG] [2:49:33 PM] RefreshDebouncer.swift:47 debounceWithFixedDelay(event:screenIsDefinitelyUnlocked:optimisticallyPreLayoutWorkspaces:) - DEBOUNCE: Task scheduled, will wait 50.0ms
[DEBUG] [2:49:33 PM] refresh.swift:57 runRefreshSessionBlocking(_:layoutWorkspaces:optimisticallyPreLayoutWorkspaces:) - REFRESH: Completed blocking refresh in 29.0ms
[DEBUG] [2:49:34 PM] RefreshDebouncer.swift:58 debounceWithFixedDelay(event:screenIsDefinitelyUnlocked:optimisticallyPreLayoutWorkspaces:) - DEBOUNCE: Executing refresh after 55.14097213745117ms
[DEBUG] [2:49:34 PM] refresh.swift:51 runRefreshSessionBlocking(_:layoutWorkspaces:optimisticallyPreLayoutWorkspaces:) - REFRESH: Starting blocking refresh for event: globalObserverLeftMouseUp
[DEBUG] [2:49:34 PM] refresh.swift:57 runRefreshSessionBlocking(_:layoutWorkspaces:optimisticallyPreLayoutWorkspaces:) - REFRESH: Completed blocking refresh in 16.4ms
[DEBUG] [2:49:36 PM] RefreshDebouncer.swift:25 debounce(event:screenIsDefinitelyUnlocked:optimisticallyPreLayoutWorkspaces:) - DEBOUNCE: Using fixed delay 50.0ms for event: globalObserverLeftMouseUp
[DEBUG] [2:49:36 PM] RefreshDebouncer.swift:47 debounceWithFixedDelay(event:screenIsDefinitelyUnlocked:optimisticallyPreLayoutWorkspaces:) - DEBOUNCE: Task scheduled, will wait 50.0ms
[DEBUG] [2:49:36 PM] RefreshDebouncer.swift:58 debounceWithFixedDelay(event:screenIsDefinitelyUnlocked:optimisticallyPreLayoutWorkspaces:) - DEBOUNCE: Executing refresh after 51.316022872924805ms
[DEBUG] [2:49:36 PM] refresh.swift:51 runRefreshSessionBlocking(_:layoutWorkspaces:optimisticallyPreLayoutWorkspaces:) - REFRESH: Starting blocking refresh for event: globalObserverLeftMouseUp
[DEBUG] [2:49:36 PM] refresh.swift:57 runRefreshSessionBlocking(_:layoutWorkspaces:optimisticallyPreLayoutWorkspaces:) - REFRESH: Completed blocking refresh in 18.4ms
[DEBUG] [2:49:38 PM] RefreshDebouncer.swift:25 debounce(event:screenIsDefinitelyUnlocked:optimisticallyPreLayoutWorkspaces:) - DEBOUNCE: Using fixed delay 50.0ms for event: globalObserverLeftMouseUp
[DEBUG] [2:49:38 PM] RefreshDebouncer.swift:47 debounceWithFixedDelay(event:screenIsDefinitelyUnlocked:optimisticallyPreLayoutWorkspaces:) - DEBOUNCE: Task scheduled, will wait 50.0ms
[DEBUG] [2:49:38 PM] RefreshDebouncer.swift:58 debounceWithFixedDelay(event:screenIsDefinitelyUnlocked:optimisticallyPreLayoutWorkspaces:) - DEBOUNCE: Executing refresh after 50.48501491546631ms
[DEBUG] [2:49:38 PM] refresh.swift:51 runRefreshSessionBlocking(_:layoutWorkspaces:optimisticallyPreLayoutWorkspaces:) - REFRESH: Starting blocking refresh for event: globalObserverLeftMouseUp
[DEBUG] [2:49:38 PM] refresh.swift:57 runRefreshSessionBlocking(_:layoutWorkspaces:optimisticallyPreLayoutWorkspaces:) - REFRESH: Completed blocking refresh in 20.4ms
[DEBUG] [2:50:00 PM] RefreshDebouncer.swift:25 debounce(event:screenIsDefinitelyUnlocked:optimisticallyPreLayoutWorkspaces:) - DEBOUNCE: Using fixed delay 50.0ms for event: globalObserver(NSWorkspaceDidActivateApplicationNotification)
[DEBUG] [2:50:00 PM] RefreshDebouncer.swift:47 debounceWithFixedDelay(event:screenIsDefinitelyUnlocked:optimisticallyPreLayoutWorkspaces:) - DEBOUNCE: Task scheduled, will wait 50.0ms
[DEBUG] [2:50:00 PM] RefreshDebouncer.swift:58 debounceWithFixedDelay(event:screenIsDefinitelyUnlocked:optimisticallyPreLayoutWorkspaces:) - DEBOUNCE: Executing refresh after 50.83000659942627ms
[DEBUG] [2:50:00 PM] refresh.swift:51 runRefreshSessionBlocking(_:layoutWorkspaces:optimisticallyPreLayoutWorkspaces:) - REFRESH: Starting blocking refresh for event: globalObserver(NSWorkspaceDidActivateApplicationNotification)
[DEBUG] [2:50:00 PM] refresh.swift:57 runRefreshSessionBlocking(_:layoutWorkspaces:optimisticallyPreLayoutWorkspaces:) - REFRESH: Completed blocking refresh in 17.7ms
[DEBUG] [2:50:00 PM] RefreshDebouncer.swift:25 debounce(event:screenIsDefinitelyUnlocked:optimisticallyPreLayoutWorkspaces:) - DEBOUNCE: Using fixed delay 50.0ms for event: globalObserverLeftMouseUp
[DEBUG] [2:50:00 PM] RefreshDebouncer.swift:47 debounceWithFixedDelay(event:screenIsDefinitelyUnlocked:optimisticallyPreLayoutWorkspaces:) - DEBOUNCE: Task scheduled, will wait 50.0ms
[DEBUG] [2:50:00 PM] RefreshDebouncer.swift:58 debounceWithFixedDelay(event:screenIsDefinitelyUnlocked:optimisticallyPreLayoutWorkspaces:) - DEBOUNCE: Executing refresh after 52.0329475402832ms
[DEBUG] [2:50:00 PM] refresh.swift:51 runRefreshSessionBlocking(_:layoutWorkspaces:optimisticallyPreLayoutWorkspaces:) - REFRESH: Starting blocking refresh for event: globalObserverLeftMouseUp
[DEBUG] [2:50:00 PM] refresh.swift:57 runRefreshSessionBlocking(_:layoutWorkspaces:optimisticallyPreLayoutWorkspaces:) - REFRESH: Completed blocking refresh in 17.4ms
[DEBUG] [2:50:01 PM] RefreshDebouncer.swift:25 debounce(event:screenIsDefinitelyUnlocked:optimisticallyPreLayoutWorkspaces:) - DEBOUNCE: Using fixed delay 50.0ms for event: globalObserverLeftMouseUp
[DEBUG] [2:50:01 PM] RefreshDebouncer.swift:47 debounceWithFixedDelay(event:screenIsDefinitelyUnlocked:optimisticallyPreLayoutWorkspaces:) - DEBOUNCE: Task scheduled, will wait 50.0ms
[DEBUG] [2:50:01 PM] RefreshDebouncer.swift:58 debounceWithFixedDelay(event:screenIsDefinitelyUnlocked:optimisticallyPreLayoutWorkspaces:) - DEBOUNCE: Executing refresh after 50.72498321533203ms
[DEBUG] [2:50:01 PM] refresh.swift:51 runRefreshSessionBlocking(_:layoutWorkspaces:optimisticallyPreLayoutWorkspaces:) - REFRESH: Starting blocking refresh for event: globalObserverLeftMouseUp
[DEBUG] [2:50:01 PM] refresh.swift:57 runRefreshSessionBlocking(_:layoutWorkspaces:optimisticallyPreLayoutWorkspaces:) - REFRESH: Completed blocking refresh in 28.3ms
[DEBUG] [2:50:01 PM] RefreshDebouncer.swift:25 debounce(event:screenIsDefinitelyUnlocked:optimisticallyPreLayoutWorkspaces:) - DEBOUNCE: Using fixed delay 50.0ms for event: ax(AXWindowCreated)
[DEBUG] [2:50:01 PM] RefreshDebouncer.swift:47 debounceWithFixedDelay(event:screenIsDefinitelyUnlocked:optimisticallyPreLayoutWorkspaces:) - DEBOUNCE: Task scheduled, will wait 50.0ms
[DEBUG] [2:50:02 PM] RefreshDebouncer.swift:58 debounceWithFixedDelay(event:screenIsDefinitelyUnlocked:optimisticallyPreLayoutWorkspaces:) - DEBOUNCE: Executing refresh after 55.2220344543457ms
[DEBUG] [2:50:02 PM] refresh.swift:51 runRefreshSessionBlocking(_:layoutWorkspaces:optimisticallyPreLayoutWorkspaces:) - REFRESH: Starting blocking refresh for event: ax(AXWindowCreated)
[DEBUG] [2:50:02 PM] refresh.swift:57 runRefreshSessionBlocking(_:layoutWorkspaces:optimisticallyPreLayoutWorkspaces:) - REFRESH: Completed blocking refresh in 23.7ms
[DEBUG] [2:50:02 PM] RefreshDebouncer.swift:25 debounce(event:screenIsDefinitelyUnlocked:optimisticallyPreLayoutWorkspaces:) - DEBOUNCE: Using fixed delay 50.0ms for event: globalObserver(NSWorkspaceDidActivateApplicationNotification)
[DEBUG] [2:50:02 PM] RefreshDebouncer.swift:47 debounceWithFixedDelay(event:screenIsDefinitelyUnlocked:optimisticallyPreLayoutWorkspaces:) - DEBOUNCE: Task scheduled, will wait 50.0ms
[DEBUG] [2:50:02 PM] RefreshDebouncer.swift:58 debounceWithFixedDelay(event:screenIsDefinitelyUnlocked:optimisticallyPreLayoutWorkspaces:) - DEBOUNCE: Executing refresh after 50.23002624511719ms
[DEBUG] [2:50:02 PM] refresh.swift:51 runRefreshSessionBlocking(_:layoutWorkspaces:optimisticallyPreLayoutWorkspaces:) - REFRESH: Starting blocking refresh for event: globalObserver(NSWorkspaceDidActivateApplicationNotification)
[DEBUG] [2:50:02 PM] refresh.swift:57 runRefreshSessionBlocking(_:layoutWorkspaces:optimisticallyPreLayoutWorkspaces:) - REFRESH: Completed blocking refresh in 27.1ms
[DEBUG] [2:50:02 PM] RefreshDebouncer.swift:25 debounce(event:screenIsDefinitelyUnlocked:optimisticallyPreLayoutWorkspaces:) - DEBOUNCE: Using fixed delay 50.0ms for event: globalObserverLeftMouseUp
[DEBUG] [2:50:02 PM] RefreshDebouncer.swift:47 debounceWithFixedDelay(event:screenIsDefinitelyUnlocked:optimisticallyPreLayoutWorkspaces:) - DEBOUNCE: Task scheduled, will wait 50.0ms
[DEBUG] [2:50:02 PM] RefreshDebouncer.swift:58 debounceWithFixedDelay(event:screenIsDefinitelyUnlocked:optimisticallyPreLayoutWorkspaces:) - DEBOUNCE: Executing refresh after 51.40697956085205ms
[DEBUG] [2:50:02 PM] refresh.swift:51 runRefreshSessionBlocking(_:layoutWorkspaces:optimisticallyPreLayoutWorkspaces:) - REFRESH: Starting blocking refresh for event: globalObserverLeftMouseUp
[DEBUG] [2:50:02 PM] refresh.swift:57 runRefreshSessionBlocking(_:layoutWorkspaces:optimisticallyPreLayoutWorkspaces:) - REFRESH: Completed blocking refresh in 36.8ms
[DEBUG] [2:50:02 PM] RefreshDebouncer.swift:25 debounce(event:screenIsDefinitelyUnlocked:optimisticallyPreLayoutWorkspaces:) - DEBOUNCE: Using fixed delay 50.0ms for event: ax(AXUIElementDestroyed)
[DEBUG] [2:50:02 PM] RefreshDebouncer.swift:47 debounceWithFixedDelay(event:screenIsDefinitelyUnlocked:optimisticallyPreLayoutWorkspaces:) - DEBOUNCE: Task scheduled, will wait 50.0ms
[DEBUG] [2:50:02 PM] RefreshDebouncer.swift:58 debounceWithFixedDelay(event:screenIsDefinitelyUnlocked:optimisticallyPreLayoutWorkspaces:) - DEBOUNCE: Executing refresh after 50.811052322387695ms
[DEBUG] [2:50:02 PM] refresh.swift:51 runRefreshSessionBlocking(_:layoutWorkspaces:optimisticallyPreLayoutWorkspaces:) - REFRESH: Starting blocking refresh for event: ax(AXUIElementDestroyed)
[DEBUG] [2:50:03 PM] refresh.swift:57 runRefreshSessionBlocking(_:layoutWorkspaces:optimisticallyPreLayoutWorkspaces:) - REFRESH: Completed blocking refresh in 19.5ms
[DEBUG] [2:50:10 PM] RefreshDebouncer.swift:25 debounce(event:screenIsDefinitelyUnlocked:optimisticallyPreLayoutWorkspaces:) - DEBOUNCE: Using fixed delay 50.0ms for event: globalObserverLeftMouseUp
[DEBUG] [2:50:10 PM] RefreshDebouncer.swift:47 debounceWithFixedDelay(event:screenIsDefinitelyUnlocked:optimisticallyPreLayoutWorkspaces:) - DEBOUNCE: Task scheduled, will wait 50.0ms
[DEBUG] [2:50:10 PM] RefreshDebouncer.swift:58 debounceWithFixedDelay(event:screenIsDefinitelyUnlocked:optimisticallyPreLayoutWorkspaces:) - DEBOUNCE: Executing refresh after 52.268028259277344ms
[DEBUG] [2:50:10 PM] refresh.swift:51 runRefreshSessionBlocking(_:layoutWorkspaces:optimisticallyPreLayoutWorkspaces:) - REFRESH: Starting blocking refresh for event: globalObserverLeftMouseUp
[DEBUG] [2:50:10 PM] refresh.swift:57 runRefreshSessionBlocking(_:layoutWorkspaces:optimisticallyPreLayoutWorkspaces:) - REFRESH: Completed blocking refresh in 17.4ms
[DEBUG] [2:50:11 PM] RefreshDebouncer.swift:25 debounce(event:screenIsDefinitelyUnlocked:optimisticallyPreLayoutWorkspaces:) - DEBOUNCE: Using fixed delay 50.0ms for event: ax(AXWindowCreated)
[DEBUG] [2:50:11 PM] RefreshDebouncer.swift:47 debounceWithFixedDelay(event:screenIsDefinitelyUnlocked:optimisticallyPreLayoutWorkspaces:) - DEBOUNCE: Task scheduled, will wait 50.0ms
[DEBUG] [2:50:11 PM] RefreshDebouncer.swift:58 debounceWithFixedDelay(event:screenIsDefinitelyUnlocked:optimisticallyPreLayoutWorkspaces:) - DEBOUNCE: Executing refresh after 55.23800849914551ms
[DEBUG] [2:50:11 PM] refresh.swift:51 runRefreshSessionBlocking(_:layoutWorkspaces:optimisticallyPreLayoutWorkspaces:) - REFRESH: Starting blocking refresh for event: ax(AXWindowCreated)
[DEBUG] [2:50:11 PM] refresh.swift:57 runRefreshSessionBlocking(_:layoutWorkspaces:optimisticallyPreLayoutWorkspaces:) - REFRESH: Completed blocking refresh in 24.6ms
[DEBUG] [2:50:11 PM] RefreshDebouncer.swift:25 debounce(event:screenIsDefinitelyUnlocked:optimisticallyPreLayoutWorkspaces:) - DEBOUNCE: Using fixed delay 50.0ms for event: globalObserver(NSWorkspaceDidActivateApplicationNotification)
[DEBUG] [2:50:11 PM] RefreshDebouncer.swift:47 debounceWithFixedDelay(event:screenIsDefinitelyUnlocked:optimisticallyPreLayoutWorkspaces:) - DEBOUNCE: Task scheduled, will wait 50.0ms
[DEBUG] [2:50:11 PM] RefreshDebouncer.swift:25 debounce(event:screenIsDefinitelyUnlocked:optimisticallyPreLayoutWorkspaces:) - DEBOUNCE: Using fixed delay 50.0ms for event: ax(AXFocusedWindowChanged)
[DEBUG] [2:50:11 PM] RefreshDebouncer.swift:47 debounceWithFixedDelay(event:screenIsDefinitelyUnlocked:optimisticallyPreLayoutWorkspaces:) - DEBOUNCE: Task scheduled, will wait 50.0ms
[DEBUG] [2:50:11 PM] RefreshDebouncer.swift:54 debounceWithFixedDelay(event:screenIsDefinitelyUnlocked:optimisticallyPreLayoutWorkspaces:) - DEBOUNCE: Task cancelled after 2.4770498275756836ms
[DEBUG] [2:50:11 PM] RefreshDebouncer.swift:58 debounceWithFixedDelay(event:screenIsDefinitelyUnlocked:optimisticallyPreLayoutWorkspaces:) - DEBOUNCE: Executing refresh after 52.76691913604736ms
[DEBUG] [2:50:11 PM] refresh.swift:51 runRefreshSessionBlocking(_:layoutWorkspaces:optimisticallyPreLayoutWorkspaces:) - REFRESH: Starting blocking refresh for event: ax(AXFocusedWindowChanged)
[DEBUG] [2:50:11 PM] refresh.swift:57 runRefreshSessionBlocking(_:layoutWorkspaces:optimisticallyPreLayoutWorkspaces:) - REFRESH: Completed blocking refresh in 18.7ms
[DEBUG] [2:50:11 PM] RefreshDebouncer.swift:25 debounce(event:screenIsDefinitelyUnlocked:optimisticallyPreLayoutWorkspaces:) - DEBOUNCE: Using fixed delay 50.0ms for event: globalObserverLeftMouseUp
[DEBUG] [2:50:11 PM] RefreshDebouncer.swift:47 debounceWithFixedDelay(event:screenIsDefinitelyUnlocked:optimisticallyPreLayoutWorkspaces:) - DEBOUNCE: Task scheduled, will wait 50.0ms
[DEBUG] [2:50:11 PM] RefreshDebouncer.swift:58 debounceWithFixedDelay(event:screenIsDefinitelyUnlocked:optimisticallyPreLayoutWorkspaces:) - DEBOUNCE: Executing refresh after 53.69007587432861ms
[DEBUG] [2:50:11 PM] refresh.swift:51 runRefreshSessionBlocking(_:layoutWorkspaces:optimisticallyPreLayoutWorkspaces:) - REFRESH: Starting blocking refresh for event: globalObserverLeftMouseUp
[DEBUG] [2:50:11 PM] refresh.swift:57 runRefreshSessionBlocking(_:layoutWorkspaces:optimisticallyPreLayoutWorkspaces:) - REFRESH: Completed blocking refresh in 19.7ms
[DEBUG] [2:50:12 PM] RefreshDebouncer.swift:25 debounce(event:screenIsDefinitelyUnlocked:optimisticallyPreLayoutWorkspaces:) - DEBOUNCE: Using fixed delay 50.0ms for event: ax(AXFocusedWindowChanged)
[DEBUG] [2:50:12 PM] RefreshDebouncer.swift:47 debounceWithFixedDelay(event:screenIsDefinitelyUnlocked:optimisticallyPreLayoutWorkspaces:) - DEBOUNCE: Task scheduled, will wait 50.0ms
[DEBUG] [2:50:12 PM] RefreshDebouncer.swift:58 debounceWithFixedDelay(event:screenIsDefinitelyUnlocked:optimisticallyPreLayoutWorkspaces:) - DEBOUNCE: Executing refresh after 53.08198928833008ms
[DEBUG] [2:50:12 PM] refresh.swift:51 runRefreshSessionBlocking(_:layoutWorkspaces:optimisticallyPreLayoutWorkspaces:) - REFRESH: Starting blocking refresh for event: ax(AXFocusedWindowChanged)
[DEBUG] [2:50:12 PM] refresh.swift:57 runRefreshSessionBlocking(_:layoutWorkspaces:optimisticallyPreLayoutWorkspaces:) - REFRESH: Completed blocking refresh in 20.8ms
[DEBUG] [2:50:12 PM] RefreshDebouncer.swift:25 debounce(event:screenIsDefinitelyUnlocked:optimisticallyPreLayoutWorkspaces:) - DEBOUNCE: Using fixed delay 50.0ms for event: globalObserverLeftMouseUp
[DEBUG] [2:50:12 PM] RefreshDebouncer.swift:47 debounceWithFixedDelay(event:screenIsDefinitelyUnlocked:optimisticallyPreLayoutWorkspaces:) - DEBOUNCE: Task scheduled, will wait 50.0ms
[DEBUG] [2:50:12 PM] RefreshDebouncer.swift:58 debounceWithFixedDelay(event:screenIsDefinitelyUnlocked:optimisticallyPreLayoutWorkspaces:) - DEBOUNCE: Executing refresh after 55.133938789367676ms
[DEBUG] [2:50:12 PM] refresh.swift:51 runRefreshSessionBlocking(_:layoutWorkspaces:optimisticallyPreLayoutWorkspaces:) - REFRESH: Starting blocking refresh for event: globalObserverLeftMouseUp
[DEBUG] [2:50:12 PM] refresh.swift:57 runRefreshSessionBlocking(_:layoutWorkspaces:optimisticallyPreLayoutWorkspaces:) - REFRESH: Completed blocking refresh in 20.3ms
[DEBUG] [2:50:12 PM] RefreshDebouncer.swift:25 debounce(event:screenIsDefinitelyUnlocked:optimisticallyPreLayoutWorkspaces:) - DEBOUNCE: Using fixed delay 50.0ms for event: globalObserverLeftMouseUp
[DEBUG] [2:50:12 PM] RefreshDebouncer.swift:47 debounceWithFixedDelay(event:screenIsDefinitelyUnlocked:optimisticallyPreLayoutWorkspaces:) - DEBOUNCE: Task scheduled, will wait 50.0ms
[DEBUG] [2:50:12 PM] RefreshDebouncer.swift:58 debounceWithFixedDelay(event:screenIsDefinitelyUnlocked:optimisticallyPreLayoutWorkspaces:) - DEBOUNCE: Executing refresh after 55.23800849914551ms
[DEBUG] [2:50:12 PM] refresh.swift:51 runRefreshSessionBlocking(_:layoutWorkspaces:optimisticallyPreLayoutWorkspaces:) - REFRESH: Starting blocking refresh for event: globalObserverLeftMouseUp
[DEBUG] [2:50:12 PM] refresh.swift:57 runRefreshSessionBlocking(_:layoutWorkspaces:optimisticallyPreLayoutWorkspaces:) - REFRESH: Completed blocking refresh in 27.4ms
[DEBUG] [2:50:12 PM] RefreshDebouncer.swift:25 debounce(event:screenIsDefinitelyUnlocked:optimisticallyPreLayoutWorkspaces:) - DEBOUNCE: Using fixed delay 50.0ms for event: ax(AXResized)
[DEBUG] [2:50:12 PM] RefreshDebouncer.swift:47 debounceWithFixedDelay(event:screenIsDefinitelyUnlocked:optimisticallyPreLayoutWorkspaces:) - DEBOUNCE: Task scheduled, will wait 50.0ms
[DEBUG] [2:50:12 PM] RefreshDebouncer.swift:25 debounce(event:screenIsDefinitelyUnlocked:optimisticallyPreLayoutWorkspaces:) - DEBOUNCE: Using fixed delay 50.0ms for event: ax(AXResized)
[DEBUG] [2:50:12 PM] RefreshDebouncer.swift:47 debounceWithFixedDelay(event:screenIsDefinitelyUnlocked:optimisticallyPreLayoutWorkspaces:) - DEBOUNCE: Task scheduled, will wait 50.0ms
[DEBUG] [2:50:12 PM] RefreshDebouncer.swift:54 debounceWithFixedDelay(event:screenIsDefinitelyUnlocked:optimisticallyPreLayoutWorkspaces:) - DEBOUNCE: Task cancelled after 49.18503761291504ms
[DEBUG] [2:50:12 PM] RefreshDebouncer.swift:25 debounce(event:screenIsDefinitelyUnlocked:optimisticallyPreLayoutWorkspaces:) - DEBOUNCE: Using fixed delay 50.0ms for event: ax(AXResized)
[DEBUG] [2:50:12 PM] RefreshDebouncer.swift:47 debounceWithFixedDelay(event:screenIsDefinitelyUnlocked:optimisticallyPreLayoutWorkspaces:) - DEBOUNCE: Task scheduled, will wait 50.0ms
[DEBUG] [2:50:12 PM] RefreshDebouncer.swift:54 debounceWithFixedDelay(event:screenIsDefinitelyUnlocked:optimisticallyPreLayoutWorkspaces:) - DEBOUNCE: Task cancelled after 50.16899108886719ms
[DEBUG] [2:50:12 PM] RefreshDebouncer.swift:25 debounce(event:screenIsDefinitelyUnlocked:optimisticallyPreLayoutWorkspaces:) - DEBOUNCE: Using fixed delay 50.0ms for event: ax(AXResized)
[DEBUG] [2:50:12 PM] RefreshDebouncer.swift:54 debounceWithFixedDelay(event:screenIsDefinitelyUnlocked:optimisticallyPreLayoutWorkspaces:) - DEBOUNCE: Task cancelled after 51.072001457214355ms
[DEBUG] [2:50:12 PM] RefreshDebouncer.swift:47 debounceWithFixedDelay(event:screenIsDefinitelyUnlocked:optimisticallyPreLayoutWorkspaces:) - DEBOUNCE: Task scheduled, will wait 50.0ms
[DEBUG] [2:50:13 PM] RefreshDebouncer.swift:58 debounceWithFixedDelay(event:screenIsDefinitelyUnlocked:optimisticallyPreLayoutWorkspaces:) - DEBOUNCE: Executing refresh after 50.4230260848999ms
[DEBUG] [2:50:13 PM] refresh.swift:51 runRefreshSessionBlocking(_:layoutWorkspaces:optimisticallyPreLayoutWorkspaces:) - REFRESH: Starting blocking refresh for event: ax(AXResized)
[DEBUG] [2:50:13 PM] refresh.swift:57 runRefreshSessionBlocking(_:layoutWorkspaces:optimisticallyPreLayoutWorkspaces:) - REFRESH: Completed blocking refresh in 20.3ms
[DEBUG] [2:50:39 PM] RefreshDebouncer.swift:25 debounce(event:screenIsDefinitelyUnlocked:optimisticallyPreLayoutWorkspaces:) - DEBOUNCE: Using fixed delay 50.0ms for event: globalObserverLeftMouseUp
[DEBUG] [2:50:39 PM] RefreshDebouncer.swift:47 debounceWithFixedDelay(event:screenIsDefinitelyUnlocked:optimisticallyPreLayoutWorkspaces:) - DEBOUNCE: Task scheduled, will wait 50.0ms
[DEBUG] [2:50:39 PM] RefreshDebouncer.swift:58 debounceWithFixedDelay(event:screenIsDefinitelyUnlocked:optimisticallyPreLayoutWorkspaces:) - DEBOUNCE: Executing refresh after 52.87909507751465ms
[DEBUG] [2:50:39 PM] refresh.swift:51 runRefreshSessionBlocking(_:layoutWorkspaces:optimisticallyPreLayoutWorkspaces:) - REFRESH: Starting blocking refresh for event: globalObserverLeftMouseUp
[DEBUG] [2:50:39 PM] refresh.swift:57 runRefreshSessionBlocking(_:layoutWorkspaces:optimisticallyPreLayoutWorkspaces:) - REFRESH: Completed blocking refresh in 20.9ms
[DEBUG] [2:50:41 PM] RefreshDebouncer.swift:25 debounce(event:screenIsDefinitelyUnlocked:optimisticallyPreLayoutWorkspaces:) - DEBOUNCE: Using fixed delay 50.0ms for event: globalObserver(NSWorkspaceDidActivateApplicationNotification)
[DEBUG] [2:50:41 PM] RefreshDebouncer.swift:47 debounceWithFixedDelay(event:screenIsDefinitelyUnlocked:optimisticallyPreLayoutWorkspaces:) - DEBOUNCE: Task scheduled, will wait 50.0ms
[DEBUG] [2:50:41 PM] RefreshDebouncer.swift:58 debounceWithFixedDelay(event:screenIsDefinitelyUnlocked:optimisticallyPreLayoutWorkspaces:) - DEBOUNCE: Executing refresh after 52.510976791381836ms
[DEBUG] [2:50:41 PM] refresh.swift:51 runRefreshSessionBlocking(_:layoutWorkspaces:optimisticallyPreLayoutWorkspaces:) - REFRESH: Starting blocking refresh for event: globalObserver(NSWorkspaceDidActivateApplicationNotification)
[DEBUG] [2:50:41 PM] refresh.swift:57 runRefreshSessionBlocking(_:layoutWorkspaces:optimisticallyPreLayoutWorkspaces:) - REFRESH: Completed blocking refresh in 25.2ms
[DEBUG] [2:50:41 PM] RefreshDebouncer.swift:25 debounce(event:screenIsDefinitelyUnlocked:optimisticallyPreLayoutWorkspaces:) - DEBOUNCE: Using fixed delay 50.0ms for event: globalObserverLeftMouseUp
[DEBUG] [2:50:41 PM] RefreshDebouncer.swift:47 debounceWithFixedDelay(event:screenIsDefinitelyUnlocked:optimisticallyPreLayoutWorkspaces:) - DEBOUNCE: Task scheduled, will wait 50.0ms
[DEBUG] [2:50:41 PM] RefreshDebouncer.swift:58 debounceWithFixedDelay(event:screenIsDefinitelyUnlocked:optimisticallyPreLayoutWorkspaces:) - DEBOUNCE: Executing refresh after 54.04698848724365ms
[DEBUG] [2:50:41 PM] refresh.swift:51 runRefreshSessionBlocking(_:layoutWorkspaces:optimisticallyPreLayoutWorkspaces:) - REFRESH: Starting blocking refresh for event: globalObserverLeftMouseUp
[DEBUG] [2:50:41 PM] refresh.swift:57 runRefreshSessionBlocking(_:layoutWorkspaces:optimisticallyPreLayoutWorkspaces:) - REFRESH: Completed blocking refresh in 17.4ms
[DEBUG] [2:51:54 PM] RefreshDebouncer.swift:25 debounce(event:screenIsDefinitelyUnlocked:optimisticallyPreLayoutWorkspaces:) - DEBOUNCE: Using fixed delay 50.0ms for event: globalObserverLeftMouseUp
[DEBUG] [2:51:54 PM] RefreshDebouncer.swift:47 debounceWithFixedDelay(event:screenIsDefinitelyUnlocked:optimisticallyPreLayoutWorkspaces:) - DEBOUNCE: Task scheduled, will wait 50.0ms
[DEBUG] [2:51:54 PM] RefreshDebouncer.swift:58 debounceWithFixedDelay(event:screenIsDefinitelyUnlocked:optimisticallyPreLayoutWorkspaces:) - DEBOUNCE: Executing refresh after 53.20703983306885ms
[DEBUG] [2:51:54 PM] refresh.swift:51 runRefreshSessionBlocking(_:layoutWorkspaces:optimisticallyPreLayoutWorkspaces:) - REFRESH: Starting blocking refresh for event: globalObserverLeftMouseUp
[DEBUG] [2:51:54 PM] refresh.swift:57 runRefreshSessionBlocking(_:layoutWorkspaces:optimisticallyPreLayoutWorkspaces:) - REFRESH: Completed blocking refresh in 23.8ms
[DEBUG] [2:51:54 PM] RefreshDebouncer.swift:25 debounce(event:screenIsDefinitelyUnlocked:optimisticallyPreLayoutWorkspaces:) - DEBOUNCE: Using fixed delay 50.0ms for event: ax(AXFocusedWindowChanged)
[DEBUG] [2:51:54 PM] RefreshDebouncer.swift:47 debounceWithFixedDelay(event:screenIsDefinitelyUnlocked:optimisticallyPreLayoutWorkspaces:) - DEBOUNCE: Task scheduled, will wait 50.0ms
[DEBUG] [2:51:54 PM] RefreshDebouncer.swift:58 debounceWithFixedDelay(event:screenIsDefinitelyUnlocked:optimisticallyPreLayoutWorkspaces:) - DEBOUNCE: Executing refresh after 55.19592761993408ms
[DEBUG] [2:51:54 PM] refresh.swift:51 runRefreshSessionBlocking(_:layoutWorkspaces:optimisticallyPreLayoutWorkspaces:) - REFRESH: Starting blocking refresh for event: ax(AXFocusedWindowChanged)
[DEBUG] [2:51:54 PM] refresh.swift:86 runSession(_:_:body:) - SESSION: Starting session for event: onFocusedMonitorChanged
[DEBUG] [2:51:54 PM] refresh.swift:106 runSession(_:_:body:) - SESSION: Executing body
[DEBUG] [2:51:54 PM] Command.swift:43 runCmdSeq(_:_:) - CMDSEQ: Running 1 command(s)
[DEBUG] [2:51:54 PM] Command.swift:47 runCmdSeq(_:_:) - CMDSEQ: Executing command 1/1: MoveMouseCommand
[DEBUG] [2:51:54 PM] Command.swift:50 runCmdSeq(_:_:) - CMDSEQ: Command MoveMouseCommand returned: true
[DEBUG] [2:51:54 PM] Command.swift:53 runCmdSeq(_:_:) - CMDSEQ: Sequence completed with overall success: true
[DEBUG] [2:51:54 PM] refresh.swift:57 runRefreshSessionBlocking(_:layoutWorkspaces:optimisticallyPreLayoutWorkspaces:) - REFRESH: Completed blocking refresh in 26.6ms
[DEBUG] [2:51:54 PM] refresh.swift:92 runSession(_:_:body:) - SESSION: Completed in 19.0ms
[DEBUG] [2:51:54 PM] refresh.swift:51 runRefreshSessionBlocking(_:layoutWorkspaces:optimisticallyPreLayoutWorkspaces:) - REFRESH: Starting blocking refresh for event: onFocusedMonitorChanged
[DEBUG] [2:51:54 PM] RefreshDebouncer.swift:25 debounce(event:screenIsDefinitelyUnlocked:optimisticallyPreLayoutWorkspaces:) - DEBOUNCE: Using fixed delay 50.0ms for event: globalObserverLeftMouseUp
[DEBUG] [2:51:54 PM] RefreshDebouncer.swift:47 debounceWithFixedDelay(event:screenIsDefinitelyUnlocked:optimisticallyPreLayoutWorkspaces:) - DEBOUNCE: Task scheduled, will wait 50.0ms
[DEBUG] [2:51:54 PM] RefreshDebouncer.swift:25 debounce(event:screenIsDefinitelyUnlocked:optimisticallyPreLayoutWorkspaces:) - DEBOUNCE: Using fixed delay 50.0ms for event: ax(AXUIElementDestroyed)
[DEBUG] [2:51:54 PM] RefreshDebouncer.swift:47 debounceWithFixedDelay(event:screenIsDefinitelyUnlocked:optimisticallyPreLayoutWorkspaces:) - DEBOUNCE: Task scheduled, will wait 50.0ms
[DEBUG] [2:51:54 PM] RefreshDebouncer.swift:54 debounceWithFixedDelay(event:screenIsDefinitelyUnlocked:optimisticallyPreLayoutWorkspaces:) - DEBOUNCE: Task cancelled after 9.93192195892334ms
[DEBUG] [2:51:54 PM] refresh.swift:57 runRefreshSessionBlocking(_:layoutWorkspaces:optimisticallyPreLayoutWorkspaces:) - REFRESH: Completed blocking refresh in 74.8ms
[DEBUG] [2:51:54 PM] RefreshDebouncer.swift:58 debounceWithFixedDelay(event:screenIsDefinitelyUnlocked:optimisticallyPreLayoutWorkspaces:) - DEBOUNCE: Executing refresh after 53.90799045562744ms
[DEBUG] [2:51:54 PM] refresh.swift:51 runRefreshSessionBlocking(_:layoutWorkspaces:optimisticallyPreLayoutWorkspaces:) - REFRESH: Starting blocking refresh for event: ax(AXUIElementDestroyed)
[DEBUG] [2:51:54 PM] refresh.swift:57 runRefreshSessionBlocking(_:layoutWorkspaces:optimisticallyPreLayoutWorkspaces:) - REFRESH: Completed blocking refresh in 18.8ms
[DEBUG] [2:51:58 PM] RefreshDebouncer.swift:25 debounce(event:screenIsDefinitelyUnlocked:optimisticallyPreLayoutWorkspaces:) - DEBOUNCE: Using fixed delay 50.0ms for event: globalObserver(NSWorkspaceDidActivateApplicationNotification)
[DEBUG] [2:51:58 PM] RefreshDebouncer.swift:47 debounceWithFixedDelay(event:screenIsDefinitelyUnlocked:optimisticallyPreLayoutWorkspaces:) - DEBOUNCE: Task scheduled, will wait 50.0ms
[DEBUG] [2:51:58 PM] RefreshDebouncer.swift:58 debounceWithFixedDelay(event:screenIsDefinitelyUnlocked:optimisticallyPreLayoutWorkspaces:) - DEBOUNCE: Executing refresh after 55.16195297241211ms
[DEBUG] [2:51:58 PM] refresh.swift:51 runRefreshSessionBlocking(_:layoutWorkspaces:optimisticallyPreLayoutWorkspaces:) - REFRESH: Starting blocking refresh for event: globalObserver(NSWorkspaceDidActivateApplicationNotification)
[DEBUG] [2:51:58 PM] refresh.swift:86 runSession(_:_:body:) - SESSION: Starting session for event: onFocusedMonitorChanged
[DEBUG] [2:51:58 PM] refresh.swift:106 runSession(_:_:body:) - SESSION: Executing body
[DEBUG] [2:51:58 PM] Command.swift:43 runCmdSeq(_:_:) - CMDSEQ: Running 1 command(s)
[DEBUG] [2:51:58 PM] Command.swift:47 runCmdSeq(_:_:) - CMDSEQ: Executing command 1/1: MoveMouseCommand
[DEBUG] [2:51:58 PM] Command.swift:50 runCmdSeq(_:_:) - CMDSEQ: Command MoveMouseCommand returned: true
[DEBUG] [2:51:58 PM] Command.swift:53 runCmdSeq(_:_:) - CMDSEQ: Sequence completed with overall success: true
[DEBUG] [2:51:58 PM] refresh.swift:92 runSession(_:_:body:) - SESSION: Completed in 3.4ms
[DEBUG] [2:51:58 PM] refresh.swift:51 runRefreshSessionBlocking(_:layoutWorkspaces:optimisticallyPreLayoutWorkspaces:) - REFRESH: Starting blocking refresh for event: onFocusedMonitorChanged
[DEBUG] [2:51:58 PM] refresh.swift:57 runRefreshSessionBlocking(_:layoutWorkspaces:optimisticallyPreLayoutWorkspaces:) - REFRESH: Completed blocking refresh in 45.5ms
[DEBUG] [2:51:58 PM] refresh.swift:57 runRefreshSessionBlocking(_:layoutWorkspaces:optimisticallyPreLayoutWorkspaces:) - REFRESH: Completed blocking refresh in 55.7ms
[DEBUG] [2:51:58 PM] RefreshDebouncer.swift:25 debounce(event:screenIsDefinitelyUnlocked:optimisticallyPreLayoutWorkspaces:) - DEBOUNCE: Using fixed delay 50.0ms for event: globalObserverLeftMouseUp
[DEBUG] [2:51:58 PM] RefreshDebouncer.swift:47 debounceWithFixedDelay(event:screenIsDefinitelyUnlocked:optimisticallyPreLayoutWorkspaces:) - DEBOUNCE: Task scheduled, will wait 50.0ms
[DEBUG] [2:51:58 PM] RefreshDebouncer.swift:58 debounceWithFixedDelay(event:screenIsDefinitelyUnlocked:optimisticallyPreLayoutWorkspaces:) - DEBOUNCE: Executing refresh after 52.816033363342285ms
[DEBUG] [2:51:58 PM] refresh.swift:51 runRefreshSessionBlocking(_:layoutWorkspaces:optimisticallyPreLayoutWorkspaces:) - REFRESH: Starting blocking refresh for event: globalObserverLeftMouseUp
[DEBUG] [2:51:58 PM] refresh.swift:57 runRefreshSessionBlocking(_:layoutWorkspaces:optimisticallyPreLayoutWorkspaces:) - REFRESH: Completed blocking refresh in 15.2ms
[DEBUG] [2:51:58 PM] RefreshDebouncer.swift:25 debounce(event:screenIsDefinitelyUnlocked:optimisticallyPreLayoutWorkspaces:) - DEBOUNCE: Using fixed delay 50.0ms for event: globalObserverLeftMouseUp
[DEBUG] [2:51:58 PM] RefreshDebouncer.swift:47 debounceWithFixedDelay(event:screenIsDefinitelyUnlocked:optimisticallyPreLayoutWorkspaces:) - DEBOUNCE: Task scheduled, will wait 50.0ms
[DEBUG] [2:51:58 PM] RefreshDebouncer.swift:58 debounceWithFixedDelay(event:screenIsDefinitelyUnlocked:optimisticallyPreLayoutWorkspaces:) - DEBOUNCE: Executing refresh after 53.57098579406738ms
[DEBUG] [2:51:58 PM] refresh.swift:51 runRefreshSessionBlocking(_:layoutWorkspaces:optimisticallyPreLayoutWorkspaces:) - REFRESH: Starting blocking refresh for event: globalObserverLeftMouseUp
[DEBUG] [2:51:58 PM] refresh.swift:57 runRefreshSessionBlocking(_:layoutWorkspaces:optimisticallyPreLayoutWorkspaces:) - REFRESH: Completed blocking refresh in 58.1ms
[DEBUG] [2:52:00 PM] RefreshDebouncer.swift:25 debounce(event:screenIsDefinitelyUnlocked:optimisticallyPreLayoutWorkspaces:) - DEBOUNCE: Using fixed delay 50.0ms for event: globalObserver(NSWorkspaceDidActivateApplicationNotification)
[DEBUG] [2:52:00 PM] RefreshDebouncer.swift:47 debounceWithFixedDelay(event:screenIsDefinitelyUnlocked:optimisticallyPreLayoutWorkspaces:) - DEBOUNCE: Task scheduled, will wait 50.0ms
[DEBUG] [2:52:00 PM] RefreshDebouncer.swift:58 debounceWithFixedDelay(event:screenIsDefinitelyUnlocked:optimisticallyPreLayoutWorkspaces:) - DEBOUNCE: Executing refresh after 54.51500415802002ms
[DEBUG] [2:52:00 PM] refresh.swift:51 runRefreshSessionBlocking(_:layoutWorkspaces:optimisticallyPreLayoutWorkspaces:) - REFRESH: Starting blocking refresh for event: globalObserver(NSWorkspaceDidActivateApplicationNotification)
[DEBUG] [2:52:00 PM] refresh.swift:86 runSession(_:_:body:) - SESSION: Starting session for event: onFocusedMonitorChanged
[DEBUG] [2:52:00 PM] refresh.swift:57 runRefreshSessionBlocking(_:layoutWorkspaces:optimisticallyPreLayoutWorkspaces:) - REFRESH: Completed blocking refresh in 47.1ms
[DEBUG] [2:52:00 PM] refresh.swift:106 runSession(_:_:body:) - SESSION: Executing body
[DEBUG] [2:52:00 PM] Command.swift:43 runCmdSeq(_:_:) - CMDSEQ: Running 1 command(s)
[DEBUG] [2:52:00 PM] Command.swift:47 runCmdSeq(_:_:) - CMDSEQ: Executing command 1/1: MoveMouseCommand
[DEBUG] [2:52:00 PM] Command.swift:50 runCmdSeq(_:_:) - CMDSEQ: Command MoveMouseCommand returned: true
[DEBUG] [2:52:00 PM] Command.swift:53 runCmdSeq(_:_:) - CMDSEQ: Sequence completed with overall success: true
[DEBUG] [2:52:00 PM] refresh.swift:92 runSession(_:_:body:) - SESSION: Completed in 49.7ms
[DEBUG] [2:52:00 PM] refresh.swift:51 runRefreshSessionBlocking(_:layoutWorkspaces:optimisticallyPreLayoutWorkspaces:) - REFRESH: Starting blocking refresh for event: onFocusedMonitorChanged
[DEBUG] [2:52:00 PM] RefreshDebouncer.swift:25 debounce(event:screenIsDefinitelyUnlocked:optimisticallyPreLayoutWorkspaces:) - DEBOUNCE: Using fixed delay 50.0ms for event: globalObserverLeftMouseUp
[DEBUG] [2:52:00 PM] RefreshDebouncer.swift:47 debounceWithFixedDelay(event:screenIsDefinitelyUnlocked:optimisticallyPreLayoutWorkspaces:) - DEBOUNCE: Task scheduled, will wait 50.0ms
[DEBUG] [2:52:00 PM] refresh.swift:57 runRefreshSessionBlocking(_:layoutWorkspaces:optimisticallyPreLayoutWorkspaces:) - REFRESH: Completed blocking refresh in 31.0ms
[DEBUG] [2:52:00 PM] RefreshDebouncer.swift:58 debounceWithFixedDelay(event:screenIsDefinitelyUnlocked:optimisticallyPreLayoutWorkspaces:) - DEBOUNCE: Executing refresh after 52.79803276062012ms
[DEBUG] [2:52:00 PM] refresh.swift:51 runRefreshSessionBlocking(_:layoutWorkspaces:optimisticallyPreLayoutWorkspaces:) - REFRESH: Starting blocking refresh for event: globalObserverLeftMouseUp
[DEBUG] [2:52:00 PM] refresh.swift:57 runRefreshSessionBlocking(_:layoutWorkspaces:optimisticallyPreLayoutWorkspaces:) - REFRESH: Completed blocking refresh in 37.2ms
[DEBUG] [2:52:10 PM] RefreshDebouncer.swift:25 debounce(event:screenIsDefinitelyUnlocked:optimisticallyPreLayoutWorkspaces:) - DEBOUNCE: Using fixed delay 50.0ms for event: ax(AXWindowCreated)
[DEBUG] [2:52:10 PM] RefreshDebouncer.swift:47 debounceWithFixedDelay(event:screenIsDefinitelyUnlocked:optimisticallyPreLayoutWorkspaces:) - DEBOUNCE: Task scheduled, will wait 50.0ms
[DEBUG] [2:52:10 PM] RefreshDebouncer.swift:58 debounceWithFixedDelay(event:screenIsDefinitelyUnlocked:optimisticallyPreLayoutWorkspaces:) - DEBOUNCE: Executing refresh after 55.2210807800293ms
[DEBUG] [2:52:10 PM] refresh.swift:51 runRefreshSessionBlocking(_:layoutWorkspaces:optimisticallyPreLayoutWorkspaces:) - REFRESH: Starting blocking refresh for event: ax(AXWindowCreated)
[DEBUG] [2:52:10 PM] refresh.swift:57 runRefreshSessionBlocking(_:layoutWorkspaces:optimisticallyPreLayoutWorkspaces:) - REFRESH: Completed blocking refresh in 20.4ms
[DEBUG] [2:52:10 PM] RefreshDebouncer.swift:25 debounce(event:screenIsDefinitelyUnlocked:optimisticallyPreLayoutWorkspaces:) - DEBOUNCE: Using fixed delay 50.0ms for event: globalObserver(NSWorkspaceDidActivateApplicationNotification)
[DEBUG] [2:52:10 PM] RefreshDebouncer.swift:47 debounceWithFixedDelay(event:screenIsDefinitelyUnlocked:optimisticallyPreLayoutWorkspaces:) - DEBOUNCE: Task scheduled, will wait 50.0ms
[DEBUG] [2:52:11 PM] RefreshDebouncer.swift:58 debounceWithFixedDelay(event:screenIsDefinitelyUnlocked:optimisticallyPreLayoutWorkspaces:) - DEBOUNCE: Executing refresh after 50.93801021575928ms
[DEBUG] [2:52:11 PM] refresh.swift:51 runRefreshSessionBlocking(_:layoutWorkspaces:optimisticallyPreLayoutWorkspaces:) - REFRESH: Starting blocking refresh for event: globalObserver(NSWorkspaceDidActivateApplicationNotification)
[DEBUG] [2:52:11 PM] refresh.swift:86 runSession(_:_:body:) - SESSION: Starting session for event: onFocusedMonitorChanged
[DEBUG] [2:52:11 PM] refresh.swift:106 runSession(_:_:body:) - SESSION: Executing body
[DEBUG] [2:52:11 PM] Command.swift:43 runCmdSeq(_:_:) - CMDSEQ: Running 1 command(s)
[DEBUG] [2:52:11 PM] Command.swift:47 runCmdSeq(_:_:) - CMDSEQ: Executing command 1/1: MoveMouseCommand
[DEBUG] [2:52:11 PM] Command.swift:50 runCmdSeq(_:_:) - CMDSEQ: Command MoveMouseCommand returned: true
[DEBUG] [2:52:11 PM] Command.swift:53 runCmdSeq(_:_:) - CMDSEQ: Sequence completed with overall success: true
[DEBUG] [2:52:11 PM] refresh.swift:92 runSession(_:_:body:) - SESSION: Completed in 2.6ms
[DEBUG] [2:52:11 PM] refresh.swift:51 runRefreshSessionBlocking(_:layoutWorkspaces:optimisticallyPreLayoutWorkspaces:) - REFRESH: Starting blocking refresh for event: onFocusedMonitorChanged
[DEBUG] [2:52:11 PM] refresh.swift:57 runRefreshSessionBlocking(_:layoutWorkspaces:optimisticallyPreLayoutWorkspaces:) - REFRESH: Completed blocking refresh in 53.4ms
[DEBUG] [2:52:11 PM] RefreshDebouncer.swift:25 debounce(event:screenIsDefinitelyUnlocked:optimisticallyPreLayoutWorkspaces:) - DEBOUNCE: Using fixed delay 50.0ms for event: globalObserverLeftMouseUp
[DEBUG] [2:52:11 PM] RefreshDebouncer.swift:47 debounceWithFixedDelay(event:screenIsDefinitelyUnlocked:optimisticallyPreLayoutWorkspaces:) - DEBOUNCE: Task scheduled, will wait 50.0ms
[DEBUG] [2:52:11 PM] refresh.swift:57 runRefreshSessionBlocking(_:layoutWorkspaces:optimisticallyPreLayoutWorkspaces:) - REFRESH: Completed blocking refresh in 40.0ms
[DEBUG] [2:52:11 PM] RefreshDebouncer.swift:58 debounceWithFixedDelay(event:screenIsDefinitelyUnlocked:optimisticallyPreLayoutWorkspaces:) - DEBOUNCE: Executing refresh after 55.14192581176758ms
[DEBUG] [2:52:11 PM] refresh.swift:51 runRefreshSessionBlocking(_:layoutWorkspaces:optimisticallyPreLayoutWorkspaces:) - REFRESH: Starting blocking refresh for event: globalObserverLeftMouseUp
[DEBUG] [2:52:11 PM] refresh.swift:57 runRefreshSessionBlocking(_:layoutWorkspaces:optimisticallyPreLayoutWorkspaces:) - REFRESH: Completed blocking refresh in 18.9ms
[DEBUG] [2:52:11 PM] RefreshDebouncer.swift:25 debounce(event:screenIsDefinitelyUnlocked:optimisticallyPreLayoutWorkspaces:) - DEBOUNCE: Using fixed delay 50.0ms for event: ax(AXUIElementDestroyed)
[DEBUG] [2:52:11 PM] RefreshDebouncer.swift:25 debounce(event:screenIsDefinitelyUnlocked:optimisticallyPreLayoutWorkspaces:) - DEBOUNCE: Using fixed delay 50.0ms for event: ax(AXUIElementDestroyed)
[DEBUG] [2:52:11 PM] RefreshDebouncer.swift:47 debounceWithFixedDelay(event:screenIsDefinitelyUnlocked:optimisticallyPreLayoutWorkspaces:) - DEBOUNCE: Task scheduled, will wait 50.0ms
[DEBUG] [2:52:11 PM] RefreshDebouncer.swift:47 debounceWithFixedDelay(event:screenIsDefinitelyUnlocked:optimisticallyPreLayoutWorkspaces:) - DEBOUNCE: Task scheduled, will wait 50.0ms
[DEBUG] [2:52:11 PM] RefreshDebouncer.swift:54 debounceWithFixedDelay(event:screenIsDefinitelyUnlocked:optimisticallyPreLayoutWorkspaces:) - DEBOUNCE: Task cancelled after 0.19299983978271484ms
[DEBUG] [2:52:11 PM] RefreshDebouncer.swift:25 debounce(event:screenIsDefinitelyUnlocked:optimisticallyPreLayoutWorkspaces:) - DEBOUNCE: Using fixed delay 50.0ms for event: ax(AXFocusedWindowChanged)
[DEBUG] [2:52:11 PM] RefreshDebouncer.swift:47 debounceWithFixedDelay(event:screenIsDefinitelyUnlocked:optimisticallyPreLayoutWorkspaces:) - DEBOUNCE: Task scheduled, will wait 50.0ms
[DEBUG] [2:52:11 PM] RefreshDebouncer.swift:54 debounceWithFixedDelay(event:screenIsDefinitelyUnlocked:optimisticallyPreLayoutWorkspaces:) - DEBOUNCE: Task cancelled after 10.164976119995117ms
[DEBUG] [2:52:11 PM] RefreshDebouncer.swift:58 debounceWithFixedDelay(event:screenIsDefinitelyUnlocked:optimisticallyPreLayoutWorkspaces:) - DEBOUNCE: Executing refresh after 50.575971603393555ms
[DEBUG] [2:52:11 PM] refresh.swift:51 runRefreshSessionBlocking(_:layoutWorkspaces:optimisticallyPreLayoutWorkspaces:) - REFRESH: Starting blocking refresh for event: ax(AXFocusedWindowChanged)
[DEBUG] [2:52:11 PM] RefreshDebouncer.swift:25 debounce(event:screenIsDefinitelyUnlocked:optimisticallyPreLayoutWorkspaces:) - DEBOUNCE: Using fixed delay 50.0ms for event: globalObserver(NSWorkspaceDidActivateApplicationNotification)
[DEBUG] [2:52:11 PM] RefreshDebouncer.swift:47 debounceWithFixedDelay(event:screenIsDefinitelyUnlocked:optimisticallyPreLayoutWorkspaces:) - DEBOUNCE: Task scheduled, will wait 50.0ms
[DEBUG] [2:52:11 PM] RefreshDebouncer.swift:25 debounce(event:screenIsDefinitelyUnlocked:optimisticallyPreLayoutWorkspaces:) - DEBOUNCE: Using fixed delay 50.0ms for event: ax(AXFocusedWindowChanged)
[DEBUG] [2:52:11 PM] RefreshDebouncer.swift:47 debounceWithFixedDelay(event:screenIsDefinitelyUnlocked:optimisticallyPreLayoutWorkspaces:) - DEBOUNCE: Task scheduled, will wait 50.0ms
[DEBUG] [2:52:11 PM] RefreshDebouncer.swift:54 debounceWithFixedDelay(event:screenIsDefinitelyUnlocked:optimisticallyPreLayoutWorkspaces:) - DEBOUNCE: Task cancelled after 1.2799501419067383ms
[DEBUG] [2:52:11 PM] RefreshDebouncer.swift:25 debounce(event:screenIsDefinitelyUnlocked:optimisticallyPreLayoutWorkspaces:) - DEBOUNCE: Using fixed delay 50.0ms for event: ax(AXFocusedWindowChanged)
[DEBUG] [2:52:11 PM] RefreshDebouncer.swift:47 debounceWithFixedDelay(event:screenIsDefinitelyUnlocked:optimisticallyPreLayoutWorkspaces:) - DEBOUNCE: Task scheduled, will wait 50.0ms
[DEBUG] [2:52:11 PM] RefreshDebouncer.swift:54 debounceWithFixedDelay(event:screenIsDefinitelyUnlocked:optimisticallyPreLayoutWorkspaces:) - DEBOUNCE: Task cancelled after 9.346961975097656ms
[DEBUG] [2:52:11 PM] RefreshDebouncer.swift:58 debounceWithFixedDelay(event:screenIsDefinitelyUnlocked:optimisticallyPreLayoutWorkspaces:) - DEBOUNCE: Executing refresh after 52.4979829788208ms
[DEBUG] [2:52:11 PM] RefreshDebouncer.swift:25 debounce(event:screenIsDefinitelyUnlocked:optimisticallyPreLayoutWorkspaces:) - DEBOUNCE: Using fixed delay 50.0ms for event: ax(AXFocusedWindowChanged)
[DEBUG] [2:52:11 PM] refresh.swift:51 runRefreshSessionBlocking(_:layoutWorkspaces:optimisticallyPreLayoutWorkspaces:) - REFRESH: Starting blocking refresh for event: ax(AXFocusedWindowChanged)
[DEBUG] [2:52:11 PM] refresh.swift:57 runRefreshSessionBlocking(_:layoutWorkspaces:optimisticallyPreLayoutWorkspaces:) - REFRESH: Completed blocking refresh in 344.9ms
[DEBUG] [2:52:11 PM] RefreshDebouncer.swift:47 debounceWithFixedDelay(event:screenIsDefinitelyUnlocked:optimisticallyPreLayoutWorkspaces:) - DEBOUNCE: Task scheduled, will wait 50.0ms
[DEBUG] [2:52:11 PM] refresh.swift:86 runSession(_:_:body:) - SESSION: Starting session for event: onFocusedMonitorChanged
[DEBUG] [2:52:11 PM] refresh.swift:106 runSession(_:_:body:) - SESSION: Executing body
[DEBUG] [2:52:11 PM] Command.swift:43 runCmdSeq(_:_:) - CMDSEQ: Running 1 command(s)
[DEBUG] [2:52:11 PM] Command.swift:47 runCmdSeq(_:_:) - CMDSEQ: Executing command 1/1: MoveMouseCommand
[DEBUG] [2:52:11 PM] Command.swift:50 runCmdSeq(_:_:) - CMDSEQ: Command MoveMouseCommand returned: true
[DEBUG] [2:52:11 PM] Command.swift:53 runCmdSeq(_:_:) - CMDSEQ: Sequence completed with overall success: true
[DEBUG] [2:52:11 PM] refresh.swift:57 runRefreshSessionBlocking(_:layoutWorkspaces:optimisticallyPreLayoutWorkspaces:) - REFRESH: Completed blocking refresh in 44.5ms
[DEBUG] [2:52:11 PM] refresh.swift:92 runSession(_:_:body:) - SESSION: Completed in 21.0ms
[DEBUG] [2:52:11 PM] refresh.swift:51 runRefreshSessionBlocking(_:layoutWorkspaces:optimisticallyPreLayoutWorkspaces:) - REFRESH: Starting blocking refresh for event: onFocusedMonitorChanged
[DEBUG] [2:52:11 PM] RefreshDebouncer.swift:58 debounceWithFixedDelay(event:screenIsDefinitelyUnlocked:optimisticallyPreLayoutWorkspaces:) - DEBOUNCE: Executing refresh after 52.970051765441895ms
[DEBUG] [2:52:11 PM] refresh.swift:51 runRefreshSessionBlocking(_:layoutWorkspaces:optimisticallyPreLayoutWorkspaces:) - REFRESH: Starting blocking refresh for event: ax(AXFocusedWindowChanged)
[DEBUG] [2:52:11 PM] refresh.swift:57 runRefreshSessionBlocking(_:layoutWorkspaces:optimisticallyPreLayoutWorkspaces:) - REFRESH: Completed blocking refresh in 40.8ms
[DEBUG] [2:52:12 PM] refresh.swift:57 runRefreshSessionBlocking(_:layoutWorkspaces:optimisticallyPreLayoutWorkspaces:) - REFRESH: Completed blocking refresh in 59.8ms
[DEBUG] [2:52:12 PM] RefreshDebouncer.swift:25 debounce(event:screenIsDefinitelyUnlocked:optimisticallyPreLayoutWorkspaces:) - DEBOUNCE: Using fixed delay 50.0ms for event: ax(AXResized)
[DEBUG] [2:52:12 PM] RefreshDebouncer.swift:47 debounceWithFixedDelay(event:screenIsDefinitelyUnlocked:optimisticallyPreLayoutWorkspaces:) - DEBOUNCE: Task scheduled, will wait 50.0ms
[DEBUG] [2:52:12 PM] RefreshDebouncer.swift:25 debounce(event:screenIsDefinitelyUnlocked:optimisticallyPreLayoutWorkspaces:) - DEBOUNCE: Using fixed delay 50.0ms for event: ax(AXResized)
[DEBUG] [2:52:12 PM] RefreshDebouncer.swift:47 debounceWithFixedDelay(event:screenIsDefinitelyUnlocked:optimisticallyPreLayoutWorkspaces:) - DEBOUNCE: Task scheduled, will wait 50.0ms
[DEBUG] [2:52:12 PM] RefreshDebouncer.swift:54 debounceWithFixedDelay(event:screenIsDefinitelyUnlocked:optimisticallyPreLayoutWorkspaces:) - DEBOUNCE: Task cancelled after 39.79599475860596ms
[DEBUG] [2:52:12 PM] RefreshDebouncer.swift:58 debounceWithFixedDelay(event:screenIsDefinitelyUnlocked:optimisticallyPreLayoutWorkspaces:) - DEBOUNCE: Executing refresh after 50.881028175354004ms
[DEBUG] [2:52:12 PM] refresh.swift:51 runRefreshSessionBlocking(_:layoutWorkspaces:optimisticallyPreLayoutWorkspaces:) - REFRESH: Starting blocking refresh for event: ax(AXResized)
[DEBUG] [2:52:12 PM] RefreshDebouncer.swift:25 debounce(event:screenIsDefinitelyUnlocked:optimisticallyPreLayoutWorkspaces:) - DEBOUNCE: Using fixed delay 50.0ms for event: ax(AXResized)
[DEBUG] [2:52:12 PM] RefreshDebouncer.swift:47 debounceWithFixedDelay(event:screenIsDefinitelyUnlocked:optimisticallyPreLayoutWorkspaces:) - DEBOUNCE: Task scheduled, will wait 50.0ms
[DEBUG] [2:52:12 PM] refresh.swift:57 runRefreshSessionBlocking(_:layoutWorkspaces:optimisticallyPreLayoutWorkspaces:) - REFRESH: Completed blocking refresh in 19.5ms
[DEBUG] [2:52:12 PM] RefreshDebouncer.swift:25 debounce(event:screenIsDefinitelyUnlocked:optimisticallyPreLayoutWorkspaces:) - DEBOUNCE: Using fixed delay 50.0ms for event: ax(AXResized)
[DEBUG] [2:52:12 PM] RefreshDebouncer.swift:47 debounceWithFixedDelay(event:screenIsDefinitelyUnlocked:optimisticallyPreLayoutWorkspaces:) - DEBOUNCE: Task scheduled, will wait 50.0ms
[DEBUG] [2:52:12 PM] RefreshDebouncer.swift:54 debounceWithFixedDelay(event:screenIsDefinitelyUnlocked:optimisticallyPreLayoutWorkspaces:) - DEBOUNCE: Task cancelled after 48.47609996795654ms
[DEBUG] [2:52:12 PM] RefreshDebouncer.swift:58 debounceWithFixedDelay(event:screenIsDefinitelyUnlocked:optimisticallyPreLayoutWorkspaces:) - DEBOUNCE: Executing refresh after 53.411006927490234ms
[DEBUG] [2:52:12 PM] refresh.swift:51 runRefreshSessionBlocking(_:layoutWorkspaces:optimisticallyPreLayoutWorkspaces:) - REFRESH: Starting blocking refresh for event: ax(AXResized)
[DEBUG] [2:52:12 PM] refresh.swift:57 runRefreshSessionBlocking(_:layoutWorkspaces:optimisticallyPreLayoutWorkspaces:) - REFRESH: Completed blocking refresh in 17.0ms
[DEBUG] [2:52:12 PM] RefreshDebouncer.swift:25 debounce(event:screenIsDefinitelyUnlocked:optimisticallyPreLayoutWorkspaces:) - DEBOUNCE: Using fixed delay 50.0ms for event: ax(AXMoved)
[DEBUG] [2:52:12 PM] RefreshDebouncer.swift:47 debounceWithFixedDelay(event:screenIsDefinitelyUnlocked:optimisticallyPreLayoutWorkspaces:) - DEBOUNCE: Task scheduled, will wait 50.0ms
[DEBUG] [2:52:12 PM] RefreshDebouncer.swift:25 debounce(event:screenIsDefinitelyUnlocked:optimisticallyPreLayoutWorkspaces:) - DEBOUNCE: Using fixed delay 50.0ms for event: ax(AXMoved)
[DEBUG] [2:52:12 PM] RefreshDebouncer.swift:47 debounceWithFixedDelay(event:screenIsDefinitelyUnlocked:optimisticallyPreLayoutWorkspaces:) - DEBOUNCE: Task scheduled, will wait 50.0ms
[DEBUG] [2:52:12 PM] RefreshDebouncer.swift:54 debounceWithFixedDelay(event:screenIsDefinitelyUnlocked:optimisticallyPreLayoutWorkspaces:) - DEBOUNCE: Task cancelled after 10.298967361450195ms
[DEBUG] [2:52:13 PM] RefreshDebouncer.swift:58 debounceWithFixedDelay(event:screenIsDefinitelyUnlocked:optimisticallyPreLayoutWorkspaces:) - DEBOUNCE: Executing refresh after 51.740050315856934ms
[DEBUG] [2:52:13 PM] refresh.swift:51 runRefreshSessionBlocking(_:layoutWorkspaces:optimisticallyPreLayoutWorkspaces:) - REFRESH: Starting blocking refresh for event: ax(AXMoved)
[DEBUG] [2:52:13 PM] refresh.swift:57 runRefreshSessionBlocking(_:layoutWorkspaces:optimisticallyPreLayoutWorkspaces:) - REFRESH: Completed blocking refresh in 22.0ms
[DEBUG] [2:52:15 PM] RefreshDebouncer.swift:25 debounce(event:screenIsDefinitelyUnlocked:optimisticallyPreLayoutWorkspaces:) - DEBOUNCE: Using fixed delay 50.0ms for event: ax(AXUIElementDestroyed)
[DEBUG] [2:52:15 PM] RefreshDebouncer.swift:47 debounceWithFixedDelay(event:screenIsDefinitelyUnlocked:optimisticallyPreLayoutWorkspaces:) - DEBOUNCE: Task scheduled, will wait 50.0ms
[DEBUG] [2:52:15 PM] RefreshDebouncer.swift:58 debounceWithFixedDelay(event:screenIsDefinitelyUnlocked:optimisticallyPreLayoutWorkspaces:) - DEBOUNCE: Executing refresh after 55.19092082977295ms
[DEBUG] [2:52:15 PM] refresh.swift:51 runRefreshSessionBlocking(_:layoutWorkspaces:optimisticallyPreLayoutWorkspaces:) - REFRESH: Starting blocking refresh for event: ax(AXUIElementDestroyed)
[DEBUG] [2:52:15 PM] refresh.swift:57 runRefreshSessionBlocking(_:layoutWorkspaces:optimisticallyPreLayoutWorkspaces:) - REFRESH: Completed blocking refresh in 23.6ms
[DEBUG] [2:52:15 PM] RefreshDebouncer.swift:25 debounce(event:screenIsDefinitelyUnlocked:optimisticallyPreLayoutWorkspaces:) - DEBOUNCE: Using fixed delay 50.0ms for event: globalObserver(NSWorkspaceDidActivateApplicationNotification)
[DEBUG] [2:52:15 PM] RefreshDebouncer.swift:47 debounceWithFixedDelay(event:screenIsDefinitelyUnlocked:optimisticallyPreLayoutWorkspaces:) - DEBOUNCE: Task scheduled, will wait 50.0ms
[DEBUG] [2:52:15 PM] RefreshDebouncer.swift:58 debounceWithFixedDelay(event:screenIsDefinitelyUnlocked:optimisticallyPreLayoutWorkspaces:) - DEBOUNCE: Executing refresh after 54.14891242980957ms
[DEBUG] [2:52:15 PM] refresh.swift:51 runRefreshSessionBlocking(_:layoutWorkspaces:optimisticallyPreLayoutWorkspaces:) - REFRESH: Starting blocking refresh for event: globalObserver(NSWorkspaceDidActivateApplicationNotification)
[DEBUG] [2:52:15 PM] refresh.swift:86 runSession(_:_:body:) - SESSION: Starting session for event: onFocusedMonitorChanged
[DEBUG] [2:52:15 PM] refresh.swift:57 runRefreshSessionBlocking(_:layoutWorkspaces:optimisticallyPreLayoutWorkspaces:) - REFRESH: Completed blocking refresh in 26.6ms
[DEBUG] [2:52:15 PM] refresh.swift:106 runSession(_:_:body:) - SESSION: Executing body
[DEBUG] [2:52:15 PM] Command.swift:43 runCmdSeq(_:_:) - CMDSEQ: Running 1 command(s)
[DEBUG] [2:52:15 PM] Command.swift:47 runCmdSeq(_:_:) - CMDSEQ: Executing command 1/1: MoveMouseCommand
[DEBUG] [2:52:15 PM] Command.swift:50 runCmdSeq(_:_:) - CMDSEQ: Command MoveMouseCommand returned: true
[DEBUG] [2:52:15 PM] Command.swift:53 runCmdSeq(_:_:) - CMDSEQ: Sequence completed with overall success: true
[DEBUG] [2:52:15 PM] refresh.swift:92 runSession(_:_:body:) - SESSION: Completed in 5.4ms
[DEBUG] [2:52:15 PM] refresh.swift:51 runRefreshSessionBlocking(_:layoutWorkspaces:optimisticallyPreLayoutWorkspaces:) - REFRESH: Starting blocking refresh for event: onFocusedMonitorChanged
[DEBUG] [2:52:15 PM] RefreshDebouncer.swift:25 debounce(event:screenIsDefinitelyUnlocked:optimisticallyPreLayoutWorkspaces:) - DEBOUNCE: Using fixed delay 50.0ms for event: globalObserverLeftMouseUp
[DEBUG] [2:52:15 PM] RefreshDebouncer.swift:47 debounceWithFixedDelay(event:screenIsDefinitelyUnlocked:optimisticallyPreLayoutWorkspaces:) - DEBOUNCE: Task scheduled, will wait 50.0ms
[DEBUG] [2:52:15 PM] refresh.swift:57 runRefreshSessionBlocking(_:layoutWorkspaces:optimisticallyPreLayoutWorkspaces:) - REFRESH: Completed blocking refresh in 18.5ms
[DEBUG] [2:52:15 PM] RefreshDebouncer.swift:58 debounceWithFixedDelay(event:screenIsDefinitelyUnlocked:optimisticallyPreLayoutWorkspaces:) - DEBOUNCE: Executing refresh after 54.79001998901367ms
[DEBUG] [2:52:15 PM] refresh.swift:51 runRefreshSessionBlocking(_:layoutWorkspaces:optimisticallyPreLayoutWorkspaces:) - REFRESH: Starting blocking refresh for event: globalObserverLeftMouseUp
[DEBUG] [2:52:15 PM] refresh.swift:57 runRefreshSessionBlocking(_:layoutWorkspaces:optimisticallyPreLayoutWorkspaces:) - REFRESH: Completed blocking refresh in 14.4ms
[DEBUG] [2:52:16 PM] RefreshDebouncer.swift:25 debounce(event:screenIsDefinitelyUnlocked:optimisticallyPreLayoutWorkspaces:) - DEBOUNCE: Using fixed delay 50.0ms for event: globalObserverLeftMouseUp
[DEBUG] [2:52:16 PM] RefreshDebouncer.swift:47 debounceWithFixedDelay(event:screenIsDefinitelyUnlocked:optimisticallyPreLayoutWorkspaces:) - DEBOUNCE: Task scheduled, will wait 50.0ms
[DEBUG] [2:52:16 PM] RefreshDebouncer.swift:58 debounceWithFixedDelay(event:screenIsDefinitelyUnlocked:optimisticallyPreLayoutWorkspaces:) - DEBOUNCE: Executing refresh after 54.35502529144287ms
[DEBUG] [2:52:16 PM] refresh.swift:51 runRefreshSessionBlocking(_:layoutWorkspaces:optimisticallyPreLayoutWorkspaces:) - REFRESH: Starting blocking refresh for event: globalObserverLeftMouseUp
[DEBUG] [2:52:16 PM] refresh.swift:57 runRefreshSessionBlocking(_:layoutWorkspaces:optimisticallyPreLayoutWorkspaces:) - REFRESH: Completed blocking refresh in 24.0ms
[DEBUG] [2:52:39 PM] RefreshDebouncer.swift:25 debounce(event:screenIsDefinitelyUnlocked:optimisticallyPreLayoutWorkspaces:) - DEBOUNCE: Using fixed delay 50.0ms for event: globalObserverLeftMouseUp
[DEBUG] [2:52:39 PM] RefreshDebouncer.swift:47 debounceWithFixedDelay(event:screenIsDefinitelyUnlocked:optimisticallyPreLayoutWorkspaces:) - DEBOUNCE: Task scheduled, will wait 50.0ms
[DEBUG] [2:52:39 PM] RefreshDebouncer.swift:58 debounceWithFixedDelay(event:screenIsDefinitelyUnlocked:optimisticallyPreLayoutWorkspaces:) - DEBOUNCE: Executing refresh after 54.43000793457031ms
[DEBUG] [2:52:39 PM] refresh.swift:51 runRefreshSessionBlocking(_:layoutWorkspaces:optimisticallyPreLayoutWorkspaces:) - REFRESH: Starting blocking refresh for event: globalObserverLeftMouseUp
[DEBUG] [2:52:39 PM] refresh.swift:57 runRefreshSessionBlocking(_:layoutWorkspaces:optimisticallyPreLayoutWorkspaces:) - REFRESH: Completed blocking refresh in 25.9ms
[DEBUG] [2:52:40 PM] RefreshDebouncer.swift:25 debounce(event:screenIsDefinitelyUnlocked:optimisticallyPreLayoutWorkspaces:) - DEBOUNCE: Using fixed delay 50.0ms for event: globalObserverLeftMouseUp
[DEBUG] [2:52:40 PM] RefreshDebouncer.swift:47 debounceWithFixedDelay(event:screenIsDefinitelyUnlocked:optimisticallyPreLayoutWorkspaces:) - DEBOUNCE: Task scheduled, will wait 50.0ms
[DEBUG] [2:52:40 PM] RefreshDebouncer.swift:58 debounceWithFixedDelay(event:screenIsDefinitelyUnlocked:optimisticallyPreLayoutWorkspaces:) - DEBOUNCE: Executing refresh after 55.369019508361816ms
[DEBUG] [2:52:40 PM] refresh.swift:51 runRefreshSessionBlocking(_:layoutWorkspaces:optimisticallyPreLayoutWorkspaces:) - REFRESH: Starting blocking refresh for event: globalObserverLeftMouseUp
[DEBUG] [2:52:40 PM] refresh.swift:57 runRefreshSessionBlocking(_:layoutWorkspaces:optimisticallyPreLayoutWorkspaces:) - REFRESH: Completed blocking refresh in 24.9ms
[DEBUG] [2:52:44 PM] refresh.swift:86 runSession(_:_:body:) - SESSION: Starting session for event: ax(AXResized)
[DEBUG] [2:52:44 PM] refresh.swift:86 runSession(_:_:body:) - SESSION: Starting session for event: ax(AXResized)
[DEBUG] [2:52:44 PM] refresh.swift:106 runSession(_:_:body:) - SESSION: Executing body
[DEBUG] [2:52:44 PM] refresh.swift:92 runSession(_:_:body:) - SESSION: Completed in 114.7ms
[DEBUG] [2:52:45 PM] RefreshDebouncer.swift:25 debounce(event:screenIsDefinitelyUnlocked:optimisticallyPreLayoutWorkspaces:) - DEBOUNCE: Using fixed delay 50.0ms for event: globalObserverLeftMouseUp
[DEBUG] [2:52:45 PM] RefreshDebouncer.swift:47 debounceWithFixedDelay(event:screenIsDefinitelyUnlocked:optimisticallyPreLayoutWorkspaces:) - DEBOUNCE: Task scheduled, will wait 50.0ms
[DEBUG] [2:52:45 PM] RefreshDebouncer.swift:58 debounceWithFixedDelay(event:screenIsDefinitelyUnlocked:optimisticallyPreLayoutWorkspaces:) - DEBOUNCE: Executing refresh after 54.25596237182617ms
[DEBUG] [2:52:45 PM] refresh.swift:51 runRefreshSessionBlocking(_:layoutWorkspaces:optimisticallyPreLayoutWorkspaces:) - REFRESH: Starting blocking refresh for event: globalObserverLeftMouseUp
[DEBUG] [2:52:45 PM] refresh.swift:86 runSession(_:_:body:) - SESSION: Starting session for event: ax(AXResized)
[DEBUG] [2:52:45 PM] refresh.swift:106 runSession(_:_:body:) - SESSION: Executing body
[DEBUG] [2:52:45 PM] refresh.swift:92 runSession(_:_:body:) - SESSION: Completed in 703.9ms
[DEBUG] [2:52:45 PM] RefreshDebouncer.swift:25 debounce(event:screenIsDefinitelyUnlocked:optimisticallyPreLayoutWorkspaces:) - DEBOUNCE: Using fixed delay 50.0ms for event: ax(AXResized)
[DEBUG] [2:52:45 PM] refresh.swift:57 runRefreshSessionBlocking(_:layoutWorkspaces:optimisticallyPreLayoutWorkspaces:) - REFRESH: Completed blocking refresh in 70.6ms
[DEBUG] [2:52:45 PM] RefreshDebouncer.swift:47 debounceWithFixedDelay(event:screenIsDefinitelyUnlocked:optimisticallyPreLayoutWorkspaces:) - DEBOUNCE: Task scheduled, will wait 50.0ms
[DEBUG] [2:52:45 PM] refresh.swift:106 runSession(_:_:body:) - SESSION: Executing body
[DEBUG] [2:52:45 PM] RefreshDebouncer.swift:25 debounce(event:screenIsDefinitelyUnlocked:optimisticallyPreLayoutWorkspaces:) - DEBOUNCE: Using fixed delay 50.0ms for event: ax(AXResized)
[DEBUG] [2:52:45 PM] RefreshDebouncer.swift:25 debounce(event:screenIsDefinitelyUnlocked:optimisticallyPreLayoutWorkspaces:) - DEBOUNCE: Using fixed delay 50.0ms for event: ax(AXWindowCreated)
[DEBUG] [2:52:45 PM] RefreshDebouncer.swift:47 debounceWithFixedDelay(event:screenIsDefinitelyUnlocked:optimisticallyPreLayoutWorkspaces:) - DEBOUNCE: Task scheduled, will wait 50.0ms
[DEBUG] [2:52:45 PM] RefreshDebouncer.swift:54 debounceWithFixedDelay(event:screenIsDefinitelyUnlocked:optimisticallyPreLayoutWorkspaces:) - DEBOUNCE: Task cancelled after 22.21500873565674ms
[DEBUG] [2:52:45 PM] RefreshDebouncer.swift:25 debounce(event:screenIsDefinitelyUnlocked:optimisticallyPreLayoutWorkspaces:) - DEBOUNCE: Using fixed delay 50.0ms for event: ax(AXResized)
[DEBUG] [2:52:45 PM] RefreshDebouncer.swift:25 debounce(event:screenIsDefinitelyUnlocked:optimisticallyPreLayoutWorkspaces:) - DEBOUNCE: Using fixed delay 50.0ms for event: ax(AXResized)
[DEBUG] [2:52:45 PM] RefreshDebouncer.swift:25 debounce(event:screenIsDefinitelyUnlocked:optimisticallyPreLayoutWorkspaces:) - DEBOUNCE: Using fixed delay 50.0ms for event: ax(AXResized)
[DEBUG] [2:52:45 PM] RefreshDebouncer.swift:25 debounce(event:screenIsDefinitelyUnlocked:optimisticallyPreLayoutWorkspaces:) - DEBOUNCE: Using fixed delay 50.0ms for event: ax(AXResized)
[DEBUG] [2:52:45 PM] RefreshDebouncer.swift:25 debounce(event:screenIsDefinitelyUnlocked:optimisticallyPreLayoutWorkspaces:) - DEBOUNCE: Using fixed delay 50.0ms for event: ax(AXResized)
[DEBUG] [2:52:45 PM] RefreshDebouncer.swift:25 debounce(event:screenIsDefinitelyUnlocked:optimisticallyPreLayoutWorkspaces:) - DEBOUNCE: Using fixed delay 50.0ms for event: ax(AXResized)
[DEBUG] [2:52:45 PM] RefreshDebouncer.swift:25 debounce(event:screenIsDefinitelyUnlocked:optimisticallyPreLayoutWorkspaces:) - DEBOUNCE: Using fixed delay 50.0ms for event: ax(AXResized)
[DEBUG] [2:52:45 PM] RefreshDebouncer.swift:25 debounce(event:screenIsDefinitelyUnlocked:optimisticallyPreLayoutWorkspaces:) - DEBOUNCE: Using fixed delay 50.0ms for event: ax(AXResized)
[DEBUG] [2:52:45 PM] RefreshDebouncer.swift:25 debounce(event:screenIsDefinitelyUnlocked:optimisticallyPreLayoutWorkspaces:) - DEBOUNCE: Using fixed delay 50.0ms for event: ax(AXResized)
[DEBUG] [2:52:45 PM] RefreshDebouncer.swift:25 debounce(event:screenIsDefinitelyUnlocked:optimisticallyPreLayoutWorkspaces:) - DEBOUNCE: Using fixed delay 50.0ms for event: ax(AXResized)
[DEBUG] [2:52:45 PM] RefreshDebouncer.swift:25 debounce(event:screenIsDefinitelyUnlocked:optimisticallyPreLayoutWorkspaces:) - DEBOUNCE: Using fixed delay 50.0ms for event: ax(AXResized)
[DEBUG] [2:52:45 PM] RefreshDebouncer.swift:25 debounce(event:screenIsDefinitelyUnlocked:optimisticallyPreLayoutWorkspaces:) - DEBOUNCE: Using fixed delay 50.0ms for event: ax(AXResized)
[DEBUG] [2:52:45 PM] RefreshDebouncer.swift:47 debounceWithFixedDelay(event:screenIsDefinitelyUnlocked:optimisticallyPreLayoutWorkspaces:) - DEBOUNCE: Task scheduled, will wait 50.0ms
[DEBUG] [2:52:45 PM] RefreshDebouncer.swift:54 debounceWithFixedDelay(event:screenIsDefinitelyUnlocked:optimisticallyPreLayoutWorkspaces:) - DEBOUNCE: Task cancelled after 6.5490007400512695ms
[DEBUG] [2:52:45 PM] RefreshDebouncer.swift:47 debounceWithFixedDelay(event:screenIsDefinitelyUnlocked:optimisticallyPreLayoutWorkspaces:) - DEBOUNCE: Task scheduled, will wait 50.0ms
[DEBUG] [2:52:45 PM] RefreshDebouncer.swift:47 debounceWithFixedDelay(event:screenIsDefinitelyUnlocked:optimisticallyPreLayoutWorkspaces:) - DEBOUNCE: Task scheduled, will wait 50.0ms
[DEBUG] [2:52:45 PM] RefreshDebouncer.swift:47 debounceWithFixedDelay(event:screenIsDefinitelyUnlocked:optimisticallyPreLayoutWorkspaces:) - DEBOUNCE: Task scheduled, will wait 50.0ms
[DEBUG] [2:52:45 PM] RefreshDebouncer.swift:47 debounceWithFixedDelay(event:screenIsDefinitelyUnlocked:optimisticallyPreLayoutWorkspaces:) - DEBOUNCE: Task scheduled, will wait 50.0ms
[DEBUG] [2:52:45 PM] RefreshDebouncer.swift:47 debounceWithFixedDelay(event:screenIsDefinitelyUnlocked:optimisticallyPreLayoutWorkspaces:) - DEBOUNCE: Task scheduled, will wait 50.0ms
[DEBUG] [2:52:45 PM] RefreshDebouncer.swift:47 debounceWithFixedDelay(event:screenIsDefinitelyUnlocked:optimisticallyPreLayoutWorkspaces:) - DEBOUNCE: Task scheduled, will wait 50.0ms
[DEBUG] [2:52:45 PM] RefreshDebouncer.swift:47 debounceWithFixedDelay(event:screenIsDefinitelyUnlocked:optimisticallyPreLayoutWorkspaces:) - DEBOUNCE: Task scheduled, will wait 50.0ms
[DEBUG] [2:52:45 PM] RefreshDebouncer.swift:47 debounceWithFixedDelay(event:screenIsDefinitelyUnlocked:optimisticallyPreLayoutWorkspaces:) - DEBOUNCE: Task scheduled, will wait 50.0ms
[DEBUG] [2:52:45 PM] RefreshDebouncer.swift:47 debounceWithFixedDelay(event:screenIsDefinitelyUnlocked:optimisticallyPreLayoutWorkspaces:) - DEBOUNCE: Task scheduled, will wait 50.0ms
[DEBUG] [2:52:45 PM] RefreshDebouncer.swift:47 debounceWithFixedDelay(event:screenIsDefinitelyUnlocked:optimisticallyPreLayoutWorkspaces:) - DEBOUNCE: Task scheduled, will wait 50.0ms
[DEBUG] [2:52:45 PM] RefreshDebouncer.swift:47 debounceWithFixedDelay(event:screenIsDefinitelyUnlocked:optimisticallyPreLayoutWorkspaces:) - DEBOUNCE: Task scheduled, will wait 50.0ms
[DEBUG] [2:52:45 PM] RefreshDebouncer.swift:47 debounceWithFixedDelay(event:screenIsDefinitelyUnlocked:optimisticallyPreLayoutWorkspaces:) - DEBOUNCE: Task scheduled, will wait 50.0ms
[DEBUG] [2:52:45 PM] RefreshDebouncer.swift:54 debounceWithFixedDelay(event:screenIsDefinitelyUnlocked:optimisticallyPreLayoutWorkspaces:) - DEBOUNCE: Task cancelled after 0.9710788726806641ms
[DEBUG] [2:52:45 PM] RefreshDebouncer.swift:54 debounceWithFixedDelay(event:screenIsDefinitelyUnlocked:optimisticallyPreLayoutWorkspaces:) - DEBOUNCE: Task cancelled after 0.720977783203125ms
[DEBUG] [2:52:45 PM] RefreshDebouncer.swift:54 debounceWithFixedDelay(event:screenIsDefinitelyUnlocked:optimisticallyPreLayoutWorkspaces:) - DEBOUNCE: Task cancelled after 0.6849765777587891ms
[DEBUG] [2:52:45 PM] RefreshDebouncer.swift:54 debounceWithFixedDelay(event:screenIsDefinitelyUnlocked:optimisticallyPreLayoutWorkspaces:) - DEBOUNCE: Task cancelled after 0.6630420684814453ms
[DEBUG] [2:52:45 PM] RefreshDebouncer.swift:54 debounceWithFixedDelay(event:screenIsDefinitelyUnlocked:optimisticallyPreLayoutWorkspaces:) - DEBOUNCE: Task cancelled after 0.7289648056030273ms
[DEBUG] [2:52:45 PM] RefreshDebouncer.swift:54 debounceWithFixedDelay(event:screenIsDefinitelyUnlocked:optimisticallyPreLayoutWorkspaces:) - DEBOUNCE: Task cancelled after 0.7179975509643555ms
[DEBUG] [2:52:45 PM] RefreshDebouncer.swift:54 debounceWithFixedDelay(event:screenIsDefinitelyUnlocked:optimisticallyPreLayoutWorkspaces:) - DEBOUNCE: Task cancelled after 0.7079839706420898ms
[DEBUG] [2:52:45 PM] RefreshDebouncer.swift:54 debounceWithFixedDelay(event:screenIsDefinitelyUnlocked:optimisticallyPreLayoutWorkspaces:) - DEBOUNCE: Task cancelled after 0.702977180480957ms
[DEBUG] [2:52:45 PM] RefreshDebouncer.swift:54 debounceWithFixedDelay(event:screenIsDefinitelyUnlocked:optimisticallyPreLayoutWorkspaces:) - DEBOUNCE: Task cancelled after 0.697016716003418ms
[DEBUG] [2:52:45 PM] RefreshDebouncer.swift:54 debounceWithFixedDelay(event:screenIsDefinitelyUnlocked:optimisticallyPreLayoutWorkspaces:) - DEBOUNCE: Task cancelled after 0.6879568099975586ms
[DEBUG] [2:52:45 PM] RefreshDebouncer.swift:54 debounceWithFixedDelay(event:screenIsDefinitelyUnlocked:optimisticallyPreLayoutWorkspaces:) - DEBOUNCE: Task cancelled after 0.6830692291259766ms
[DEBUG] [2:52:45 PM] RefreshDebouncer.swift:54 debounceWithFixedDelay(event:screenIsDefinitelyUnlocked:optimisticallyPreLayoutWorkspaces:) - DEBOUNCE: Task cancelled after 0.6769895553588867ms
[DEBUG] [2:52:45 PM] refresh.swift:92 runSession(_:_:body:) - SESSION: Completed in 43.4ms
[DEBUG] [2:52:45 PM] refresh.swift:51 runRefreshSessionBlocking(_:layoutWorkspaces:optimisticallyPreLayoutWorkspaces:) - REFRESH: Starting blocking refresh for event: ax(AXResized)
[DEBUG] [2:52:45 PM] RefreshDebouncer.swift:58 debounceWithFixedDelay(event:screenIsDefinitelyUnlocked:optimisticallyPreLayoutWorkspaces:) - DEBOUNCE: Executing refresh after 54.04996871948242ms
[DEBUG] [2:52:45 PM] refresh.swift:51 runRefreshSessionBlocking(_:layoutWorkspaces:optimisticallyPreLayoutWorkspaces:) - REFRESH: Starting blocking refresh for event: ax(AXResized)
[DEBUG] [2:52:45 PM] RefreshDebouncer.swift:25 debounce(event:screenIsDefinitelyUnlocked:optimisticallyPreLayoutWorkspaces:) - DEBOUNCE: Using fixed delay 50.0ms for event: ax(AXResized)
[DEBUG] [2:52:45 PM] RefreshDebouncer.swift:25 debounce(event:screenIsDefinitelyUnlocked:optimisticallyPreLayoutWorkspaces:) - DEBOUNCE: Using fixed delay 50.0ms for event: ax(AXMoved)
[DEBUG] [2:52:45 PM] RefreshDebouncer.swift:47 debounceWithFixedDelay(event:screenIsDefinitelyUnlocked:optimisticallyPreLayoutWorkspaces:) - DEBOUNCE: Task scheduled, will wait 50.0ms
[DEBUG] [2:52:45 PM] RefreshDebouncer.swift:47 debounceWithFixedDelay(event:screenIsDefinitelyUnlocked:optimisticallyPreLayoutWorkspaces:) - DEBOUNCE: Task scheduled, will wait 50.0ms
[DEBUG] [2:52:45 PM] RefreshDebouncer.swift:54 debounceWithFixedDelay(event:screenIsDefinitelyUnlocked:optimisticallyPreLayoutWorkspaces:) - DEBOUNCE: Task cancelled after 0.10800361633300781ms
[DEBUG] [2:52:45 PM] RefreshDebouncer.swift:25 debounce(event:screenIsDefinitelyUnlocked:optimisticallyPreLayoutWorkspaces:) - DEBOUNCE: Using fixed delay 50.0ms for event: ax(AXResized)
[DEBUG] [2:52:45 PM] refresh.swift:57 runRefreshSessionBlocking(_:layoutWorkspaces:optimisticallyPreLayoutWorkspaces:) - REFRESH: Completed blocking refresh in 109.0ms
[DEBUG] [2:52:45 PM] RefreshDebouncer.swift:47 debounceWithFixedDelay(event:screenIsDefinitelyUnlocked:optimisticallyPreLayoutWorkspaces:) - DEBOUNCE: Task scheduled, will wait 50.0ms
[DEBUG] [2:52:45 PM] RefreshDebouncer.swift:54 debounceWithFixedDelay(event:screenIsDefinitelyUnlocked:optimisticallyPreLayoutWorkspaces:) - DEBOUNCE: Task cancelled after 24.7499942779541ms
[DEBUG] [2:52:45 PM] RefreshDebouncer.swift:25 debounce(event:screenIsDefinitelyUnlocked:optimisticallyPreLayoutWorkspaces:) - DEBOUNCE: Using fixed delay 50.0ms for event: ax(AXResized)
[DEBUG] [2:52:45 PM] RefreshDebouncer.swift:25 debounce(event:screenIsDefinitelyUnlocked:optimisticallyPreLayoutWorkspaces:) - DEBOUNCE: Using fixed delay 50.0ms for event: ax(AXMoved)
[DEBUG] [2:52:45 PM] RefreshDebouncer.swift:25 debounce(event:screenIsDefinitelyUnlocked:optimisticallyPreLayoutWorkspaces:) - DEBOUNCE: Using fixed delay 50.0ms for event: ax(AXResized)
[DEBUG] [2:52:45 PM] RefreshDebouncer.swift:25 debounce(event:screenIsDefinitelyUnlocked:optimisticallyPreLayoutWorkspaces:) - DEBOUNCE: Using fixed delay 50.0ms for event: ax(AXMoved)
[DEBUG] [2:52:45 PM] RefreshDebouncer.swift:25 debounce(event:screenIsDefinitelyUnlocked:optimisticallyPreLayoutWorkspaces:) - DEBOUNCE: Using fixed delay 50.0ms for event: ax(AXResized)
[DEBUG] [2:52:45 PM] RefreshDebouncer.swift:25 debounce(event:screenIsDefinitelyUnlocked:optimisticallyPreLayoutWorkspaces:) - DEBOUNCE: Using fixed delay 50.0ms for event: ax(AXResized)
[DEBUG] [2:52:45 PM] RefreshDebouncer.swift:25 debounce(event:screenIsDefinitelyUnlocked:optimisticallyPreLayoutWorkspaces:) - DEBOUNCE: Using fixed delay 50.0ms for event: ax(AXResized)
[DEBUG] [2:52:45 PM] RefreshDebouncer.swift:25 debounce(event:screenIsDefinitelyUnlocked:optimisticallyPreLayoutWorkspaces:) - DEBOUNCE: Using fixed delay 50.0ms for event: ax(AXResized)
[DEBUG] [2:52:45 PM] RefreshDebouncer.swift:25 debounce(event:screenIsDefinitelyUnlocked:optimisticallyPreLayoutWorkspaces:) - DEBOUNCE: Using fixed delay 50.0ms for event: ax(AXResized)
[DEBUG] [2:52:45 PM] RefreshDebouncer.swift:25 debounce(event:screenIsDefinitelyUnlocked:optimisticallyPreLayoutWorkspaces:) - DEBOUNCE: Using fixed delay 50.0ms for event: ax(AXResized)
[DEBUG] [2:52:45 PM] RefreshDebouncer.swift:25 debounce(event:screenIsDefinitelyUnlocked:optimisticallyPreLayoutWorkspaces:) - DEBOUNCE: Using fixed delay 50.0ms for event: ax(AXResized)
[DEBUG] [2:52:45 PM] RefreshDebouncer.swift:25 debounce(event:screenIsDefinitelyUnlocked:optimisticallyPreLayoutWorkspaces:) - DEBOUNCE: Using fixed delay 50.0ms for event: ax(AXResized)
[DEBUG] [2:52:45 PM] RefreshDebouncer.swift:25 debounce(event:screenIsDefinitelyUnlocked:optimisticallyPreLayoutWorkspaces:) - DEBOUNCE: Using fixed delay 50.0ms for event: ax(AXResized)
[DEBUG] [2:52:45 PM] RefreshDebouncer.swift:25 debounce(event:screenIsDefinitelyUnlocked:optimisticallyPreLayoutWorkspaces:) - DEBOUNCE: Using fixed delay 50.0ms for event: ax(AXResized)
[DEBUG] [2:52:45 PM] RefreshDebouncer.swift:47 debounceWithFixedDelay(event:screenIsDefinitelyUnlocked:optimisticallyPreLayoutWorkspaces:) - DEBOUNCE: Task scheduled, will wait 50.0ms
[DEBUG] [2:52:45 PM] RefreshDebouncer.swift:54 debounceWithFixedDelay(event:screenIsDefinitelyUnlocked:optimisticallyPreLayoutWorkspaces:) - DEBOUNCE: Task cancelled after 2.617001533508301ms
[DEBUG] [2:52:45 PM] RefreshDebouncer.swift:47 debounceWithFixedDelay(event:screenIsDefinitelyUnlocked:optimisticallyPreLayoutWorkspaces:) - DEBOUNCE: Task scheduled, will wait 50.0ms
[DEBUG] [2:52:45 PM] RefreshDebouncer.swift:47 debounceWithFixedDelay(event:screenIsDefinitelyUnlocked:optimisticallyPreLayoutWorkspaces:) - DEBOUNCE: Task scheduled, will wait 50.0ms
[DEBUG] [2:52:45 PM] RefreshDebouncer.swift:47 debounceWithFixedDelay(event:screenIsDefinitelyUnlocked:optimisticallyPreLayoutWorkspaces:) - DEBOUNCE: Task scheduled, will wait 50.0ms
[DEBUG] [2:52:45 PM] RefreshDebouncer.swift:47 debounceWithFixedDelay(event:screenIsDefinitelyUnlocked:optimisticallyPreLayoutWorkspaces:) - DEBOUNCE: Task scheduled, will wait 50.0ms
[DEBUG] [2:52:45 PM] RefreshDebouncer.swift:47 debounceWithFixedDelay(event:screenIsDefinitelyUnlocked:optimisticallyPreLayoutWorkspaces:) - DEBOUNCE: Task scheduled, will wait 50.0ms
[DEBUG] [2:52:45 PM] RefreshDebouncer.swift:47 debounceWithFixedDelay(event:screenIsDefinitelyUnlocked:optimisticallyPreLayoutWorkspaces:) - DEBOUNCE: Task scheduled, will wait 50.0ms
[DEBUG] [2:52:45 PM] RefreshDebouncer.swift:47 debounceWithFixedDelay(event:screenIsDefinitelyUnlocked:optimisticallyPreLayoutWorkspaces:) - DEBOUNCE: Task scheduled, will wait 50.0ms
[DEBUG] [2:52:45 PM] RefreshDebouncer.swift:47 debounceWithFixedDelay(event:screenIsDefinitelyUnlocked:optimisticallyPreLayoutWorkspaces:) - DEBOUNCE: Task scheduled, will wait 50.0ms
[DEBUG] [2:52:45 PM] RefreshDebouncer.swift:47 debounceWithFixedDelay(event:screenIsDefinitelyUnlocked:optimisticallyPreLayoutWorkspaces:) - DEBOUNCE: Task scheduled, will wait 50.0ms
[DEBUG] [2:52:45 PM] RefreshDebouncer.swift:47 debounceWithFixedDelay(event:screenIsDefinitelyUnlocked:optimisticallyPreLayoutWorkspaces:) - DEBOUNCE: Task scheduled, will wait 50.0ms
[DEBUG] [2:52:45 PM] RefreshDebouncer.swift:47 debounceWithFixedDelay(event:screenIsDefinitelyUnlocked:optimisticallyPreLayoutWorkspaces:) - DEBOUNCE: Task scheduled, will wait 50.0ms
[DEBUG] [2:52:45 PM] RefreshDebouncer.swift:47 debounceWithFixedDelay(event:screenIsDefinitelyUnlocked:optimisticallyPreLayoutWorkspaces:) - DEBOUNCE: Task scheduled, will wait 50.0ms
[DEBUG] [2:52:45 PM] RefreshDebouncer.swift:47 debounceWithFixedDelay(event:screenIsDefinitelyUnlocked:optimisticallyPreLayoutWorkspaces:) - DEBOUNCE: Task scheduled, will wait 50.0ms
[DEBUG] [2:52:45 PM] RefreshDebouncer.swift:54 debounceWithFixedDelay(event:screenIsDefinitelyUnlocked:optimisticallyPreLayoutWorkspaces:) - DEBOUNCE: Task cancelled after 0.8119344711303711ms
[DEBUG] [2:52:45 PM] RefreshDebouncer.swift:54 debounceWithFixedDelay(event:screenIsDefinitelyUnlocked:optimisticallyPreLayoutWorkspaces:) - DEBOUNCE: Task cancelled after 0.6260871887207031ms
[DEBUG] [2:52:45 PM] RefreshDebouncer.swift:54 debounceWithFixedDelay(event:screenIsDefinitelyUnlocked:optimisticallyPreLayoutWorkspaces:) - DEBOUNCE: Task cancelled after 0.6029605865478516ms
[DEBUG] [2:52:45 PM] RefreshDebouncer.swift:54 debounceWithFixedDelay(event:screenIsDefinitelyUnlocked:optimisticallyPreLayoutWorkspaces:) - DEBOUNCE: Task cancelled after 0.5979537963867188ms
[DEBUG] [2:52:45 PM] RefreshDebouncer.swift:54 debounceWithFixedDelay(event:screenIsDefinitelyUnlocked:optimisticallyPreLayoutWorkspaces:) - DEBOUNCE: Task cancelled after 0.5860328674316406ms
[DEBUG] [2:52:45 PM] RefreshDebouncer.swift:54 debounceWithFixedDelay(event:screenIsDefinitelyUnlocked:optimisticallyPreLayoutWorkspaces:) - DEBOUNCE: Task cancelled after 0.5780458450317383ms
[DEBUG] [2:52:45 PM] RefreshDebouncer.swift:54 debounceWithFixedDelay(event:screenIsDefinitelyUnlocked:optimisticallyPreLayoutWorkspaces:) - DEBOUNCE: Task cancelled after 0.5639791488647461ms
[DEBUG] [2:52:45 PM] RefreshDebouncer.swift:54 debounceWithFixedDelay(event:screenIsDefinitelyUnlocked:optimisticallyPreLayoutWorkspaces:) - DEBOUNCE: Task cancelled after 0.5550384521484375ms
[DEBUG] [2:52:45 PM] RefreshDebouncer.swift:54 debounceWithFixedDelay(event:screenIsDefinitelyUnlocked:optimisticallyPreLayoutWorkspaces:) - DEBOUNCE: Task cancelled after 0.5469322204589844ms
[DEBUG] [2:52:45 PM] RefreshDebouncer.swift:54 debounceWithFixedDelay(event:screenIsDefinitelyUnlocked:optimisticallyPreLayoutWorkspaces:) - DEBOUNCE: Task cancelled after 0.5469322204589844ms
[DEBUG] [2:52:45 PM] RefreshDebouncer.swift:54 debounceWithFixedDelay(event:screenIsDefinitelyUnlocked:optimisticallyPreLayoutWorkspaces:) - DEBOUNCE: Task cancelled after 0.5470514297485352ms
[DEBUG] [2:52:45 PM] RefreshDebouncer.swift:54 debounceWithFixedDelay(event:screenIsDefinitelyUnlocked:optimisticallyPreLayoutWorkspaces:) - DEBOUNCE: Task cancelled after 0.5691051483154297ms
[DEBUG] [2:52:45 PM] RefreshDebouncer.swift:54 debounceWithFixedDelay(event:screenIsDefinitelyUnlocked:optimisticallyPreLayoutWorkspaces:) - DEBOUNCE: Task cancelled after 0.5700588226318359ms
[DEBUG] [2:52:45 PM] refresh.swift:57 runRefreshSessionBlocking(_:layoutWorkspaces:optimisticallyPreLayoutWorkspaces:) - REFRESH: Completed blocking refresh in 78.4ms
[DEBUG] [2:52:45 PM] RefreshDebouncer.swift:58 debounceWithFixedDelay(event:screenIsDefinitelyUnlocked:optimisticallyPreLayoutWorkspaces:) - DEBOUNCE: Executing refresh after 52.61397361755371ms
[DEBUG] [2:52:45 PM] refresh.swift:51 runRefreshSessionBlocking(_:layoutWorkspaces:optimisticallyPreLayoutWorkspaces:) - REFRESH: Starting blocking refresh for event: ax(AXResized)
[DEBUG] [2:52:45 PM] refresh.swift:57 runRefreshSessionBlocking(_:layoutWorkspaces:optimisticallyPreLayoutWorkspaces:) - REFRESH: Completed blocking refresh in 17.9ms
[DEBUG] [2:53:06 PM] RefreshDebouncer.swift:25 debounce(event:screenIsDefinitelyUnlocked:optimisticallyPreLayoutWorkspaces:) - DEBOUNCE: Using fixed delay 50.0ms for event: ax(AXWindowCreated)
[DEBUG] [2:53:06 PM] RefreshDebouncer.swift:47 debounceWithFixedDelay(event:screenIsDefinitelyUnlocked:optimisticallyPreLayoutWorkspaces:) - DEBOUNCE: Task scheduled, will wait 50.0ms
[DEBUG] [2:53:06 PM] RefreshDebouncer.swift:58 debounceWithFixedDelay(event:screenIsDefinitelyUnlocked:optimisticallyPreLayoutWorkspaces:) - DEBOUNCE: Executing refresh after 53.164005279541016ms
[DEBUG] [2:53:06 PM] refresh.swift:51 runRefreshSessionBlocking(_:layoutWorkspaces:optimisticallyPreLayoutWorkspaces:) - REFRESH: Starting blocking refresh for event: ax(AXWindowCreated)
[DEBUG] [2:53:06 PM] refresh.swift:57 runRefreshSessionBlocking(_:layoutWorkspaces:optimisticallyPreLayoutWorkspaces:) - REFRESH: Completed blocking refresh in 25.4ms
[DEBUG] [2:53:07 PM] RefreshDebouncer.swift:25 debounce(event:screenIsDefinitelyUnlocked:optimisticallyPreLayoutWorkspaces:) - DEBOUNCE: Using fixed delay 50.0ms for event: ax(AXUIElementDestroyed)
[DEBUG] [2:53:07 PM] RefreshDebouncer.swift:47 debounceWithFixedDelay(event:screenIsDefinitelyUnlocked:optimisticallyPreLayoutWorkspaces:) - DEBOUNCE: Task scheduled, will wait 50.0ms
[DEBUG] [2:53:07 PM] RefreshDebouncer.swift:25 debounce(event:screenIsDefinitelyUnlocked:optimisticallyPreLayoutWorkspaces:) - DEBOUNCE: Using fixed delay 50.0ms for event: ax(AXWindowCreated)
[DEBUG] [2:53:07 PM] RefreshDebouncer.swift:47 debounceWithFixedDelay(event:screenIsDefinitelyUnlocked:optimisticallyPreLayoutWorkspaces:) - DEBOUNCE: Task scheduled, will wait 50.0ms
[DEBUG] [2:53:07 PM] RefreshDebouncer.swift:54 debounceWithFixedDelay(event:screenIsDefinitelyUnlocked:optimisticallyPreLayoutWorkspaces:) - DEBOUNCE: Task cancelled after 6.92594051361084ms
[DEBUG] [2:53:07 PM] RefreshDebouncer.swift:58 debounceWithFixedDelay(event:screenIsDefinitelyUnlocked:optimisticallyPreLayoutWorkspaces:) - DEBOUNCE: Executing refresh after 52.612900733947754ms
[DEBUG] [2:53:07 PM] refresh.swift:51 runRefreshSessionBlocking(_:layoutWorkspaces:optimisticallyPreLayoutWorkspaces:) - REFRESH: Starting blocking refresh for event: ax(AXWindowCreated)
[DEBUG] [2:53:07 PM] refresh.swift:57 runRefreshSessionBlocking(_:layoutWorkspaces:optimisticallyPreLayoutWorkspaces:) - REFRESH: Completed blocking refresh in 27.1ms
[DEBUG] [2:53:08 PM] RefreshDebouncer.swift:25 debounce(event:screenIsDefinitelyUnlocked:optimisticallyPreLayoutWorkspaces:) - DEBOUNCE: Using fixed delay 50.0ms for event: ax(AXUIElementDestroyed)
[DEBUG] [2:53:08 PM] RefreshDebouncer.swift:47 debounceWithFixedDelay(event:screenIsDefinitelyUnlocked:optimisticallyPreLayoutWorkspaces:) - DEBOUNCE: Task scheduled, will wait 50.0ms
[DEBUG] [2:53:08 PM] RefreshDebouncer.swift:58 debounceWithFixedDelay(event:screenIsDefinitelyUnlocked:optimisticallyPreLayoutWorkspaces:) - DEBOUNCE: Executing refresh after 54.40199375152588ms
[DEBUG] [2:53:08 PM] refresh.swift:51 runRefreshSessionBlocking(_:layoutWorkspaces:optimisticallyPreLayoutWorkspaces:) - REFRESH: Starting blocking refresh for event: ax(AXUIElementDestroyed)
[DEBUG] [2:53:08 PM] refresh.swift:57 runRefreshSessionBlocking(_:layoutWorkspaces:optimisticallyPreLayoutWorkspaces:) - REFRESH: Completed blocking refresh in 22.2ms
[DEBUG] [2:53:12 PM] RefreshDebouncer.swift:25 debounce(event:screenIsDefinitelyUnlocked:optimisticallyPreLayoutWorkspaces:) - DEBOUNCE: Using fixed delay 50.0ms for event: globalObserver(NSWorkspaceDidActivateApplicationNotification)
[DEBUG] [2:53:12 PM] RefreshDebouncer.swift:47 debounceWithFixedDelay(event:screenIsDefinitelyUnlocked:optimisticallyPreLayoutWorkspaces:) - DEBOUNCE: Task scheduled, will wait 50.0ms
[DEBUG] [2:53:12 PM] RefreshDebouncer.swift:25 debounce(event:screenIsDefinitelyUnlocked:optimisticallyPreLayoutWorkspaces:) - DEBOUNCE: Using fixed delay 50.0ms for event: ax(AXFocusedWindowChanged)
[DEBUG] [2:53:12 PM] RefreshDebouncer.swift:47 debounceWithFixedDelay(event:screenIsDefinitelyUnlocked:optimisticallyPreLayoutWorkspaces:) - DEBOUNCE: Task scheduled, will wait 50.0ms
[DEBUG] [2:53:12 PM] RefreshDebouncer.swift:54 debounceWithFixedDelay(event:screenIsDefinitelyUnlocked:optimisticallyPreLayoutWorkspaces:) - DEBOUNCE: Task cancelled after 12.369990348815918ms
[DEBUG] [2:53:12 PM] RefreshDebouncer.swift:25 debounce(event:screenIsDefinitelyUnlocked:optimisticallyPreLayoutWorkspaces:) - DEBOUNCE: Using fixed delay 50.0ms for event: ax(AXWindowCreated)
[DEBUG] [2:53:12 PM] RefreshDebouncer.swift:47 debounceWithFixedDelay(event:screenIsDefinitelyUnlocked:optimisticallyPreLayoutWorkspaces:) - DEBOUNCE: Task scheduled, will wait 50.0ms
[DEBUG] [2:53:12 PM] RefreshDebouncer.swift:54 debounceWithFixedDelay(event:screenIsDefinitelyUnlocked:optimisticallyPreLayoutWorkspaces:) - DEBOUNCE: Task cancelled after 49.42798614501953ms
[DEBUG] [2:53:12 PM] RefreshDebouncer.swift:58 debounceWithFixedDelay(event:screenIsDefinitelyUnlocked:optimisticallyPreLayoutWorkspaces:) - DEBOUNCE: Executing refresh after 55.140018463134766ms
[DEBUG] [2:53:12 PM] refresh.swift:51 runRefreshSessionBlocking(_:layoutWorkspaces:optimisticallyPreLayoutWorkspaces:) - REFRESH: Starting blocking refresh for event: ax(AXWindowCreated)
[DEBUG] [2:53:12 PM] Command.swift:43 runCmdSeq(_:_:) - CMDSEQ: Running 1 command(s)
[DEBUG] [2:53:12 PM] Command.swift:47 runCmdSeq(_:_:) - CMDSEQ: Executing command 1/1: LayoutCommand
[DEBUG] [2:53:12 PM] LayoutCommand.swift:13 run(_:_:) - COMMAND: LayoutCommand starting - toggling between [Common.LayoutCmdArgs.LayoutDescription.floating]
[DEBUG] [2:53:12 PM] LayoutCommand.swift:24 run(_:_:) - COMMAND: Current window: 28568, parent: Optional(AppBundle.TilingContainer)
[DEBUG] [2:53:12 PM] LayoutCommand.swift:28 run(_:_:) - COMMAND: Target layout description: floating
[DEBUG] [2:53:12 PM] LayoutCommand.swift:34 run(_:_:) - COMMAND: Switching to layout: floating
[DEBUG] [2:53:12 PM] Command.swift:50 runCmdSeq(_:_:) - CMDSEQ: Command LayoutCommand returned: true
[DEBUG] [2:53:12 PM] Command.swift:53 runCmdSeq(_:_:) - CMDSEQ: Sequence completed with overall success: true
[DEBUG] [2:53:12 PM] refresh.swift:57 runRefreshSessionBlocking(_:layoutWorkspaces:optimisticallyPreLayoutWorkspaces:) - REFRESH: Completed blocking refresh in 34.8ms
[DEBUG] [2:53:14 PM] RefreshDebouncer.swift:25 debounce(event:screenIsDefinitelyUnlocked:optimisticallyPreLayoutWorkspaces:) - DEBOUNCE: Using fixed delay 50.0ms for event: resetManipulatedWithMouse
[DEBUG] [2:53:14 PM] RefreshDebouncer.swift:25 debounce(event:screenIsDefinitelyUnlocked:optimisticallyPreLayoutWorkspaces:) - DEBOUNCE: Using fixed delay 50.0ms for event: globalObserverLeftMouseUp
[DEBUG] [2:53:14 PM] RefreshDebouncer.swift:47 debounceWithFixedDelay(event:screenIsDefinitelyUnlocked:optimisticallyPreLayoutWorkspaces:) - DEBOUNCE: Task scheduled, will wait 50.0ms
[DEBUG] [2:53:14 PM] RefreshDebouncer.swift:47 debounceWithFixedDelay(event:screenIsDefinitelyUnlocked:optimisticallyPreLayoutWorkspaces:) - DEBOUNCE: Task scheduled, will wait 50.0ms
[DEBUG] [2:53:14 PM] RefreshDebouncer.swift:54 debounceWithFixedDelay(event:screenIsDefinitelyUnlocked:optimisticallyPreLayoutWorkspaces:) - DEBOUNCE: Task cancelled after 0.16999244689941406ms
[DEBUG] [2:53:14 PM] RefreshDebouncer.swift:58 debounceWithFixedDelay(event:screenIsDefinitelyUnlocked:optimisticallyPreLayoutWorkspaces:) - DEBOUNCE: Executing refresh after 50.38905143737793ms
[DEBUG] [2:53:14 PM] refresh.swift:51 runRefreshSessionBlocking(_:layoutWorkspaces:optimisticallyPreLayoutWorkspaces:) - REFRESH: Starting blocking refresh for event: globalObserverLeftMouseUp
[DEBUG] [2:53:14 PM] refresh.swift:57 runRefreshSessionBlocking(_:layoutWorkspaces:optimisticallyPreLayoutWorkspaces:) - REFRESH: Completed blocking refresh in 26.8ms
[DEBUG] [2:53:14 PM] RefreshDebouncer.swift:25 debounce(event:screenIsDefinitelyUnlocked:optimisticallyPreLayoutWorkspaces:) - DEBOUNCE: Using fixed delay 50.0ms for event: globalObserverLeftMouseUp
[DEBUG] [2:53:14 PM] RefreshDebouncer.swift:47 debounceWithFixedDelay(event:screenIsDefinitelyUnlocked:optimisticallyPreLayoutWorkspaces:) - DEBOUNCE: Task scheduled, will wait 50.0ms
[DEBUG] [2:53:14 PM] RefreshDebouncer.swift:25 debounce(event:screenIsDefinitelyUnlocked:optimisticallyPreLayoutWorkspaces:) - DEBOUNCE: Using fixed delay 50.0ms for event: ax(AXUIElementDestroyed)
[DEBUG] [2:53:14 PM] RefreshDebouncer.swift:47 debounceWithFixedDelay(event:screenIsDefinitelyUnlocked:optimisticallyPreLayoutWorkspaces:) - DEBOUNCE: Task scheduled, will wait 50.0ms
[DEBUG] [2:53:14 PM] RefreshDebouncer.swift:54 debounceWithFixedDelay(event:screenIsDefinitelyUnlocked:optimisticallyPreLayoutWorkspaces:) - DEBOUNCE: Task cancelled after 11.297941207885742ms
[DEBUG] [2:53:14 PM] RefreshDebouncer.swift:58 debounceWithFixedDelay(event:screenIsDefinitelyUnlocked:optimisticallyPreLayoutWorkspaces:) - DEBOUNCE: Executing refresh after 51.11992359161377ms
[DEBUG] [2:53:14 PM] refresh.swift:51 runRefreshSessionBlocking(_:layoutWorkspaces:optimisticallyPreLayoutWorkspaces:) - REFRESH: Starting blocking refresh for event: ax(AXUIElementDestroyed)
[DEBUG] [2:53:14 PM] RefreshDebouncer.swift:25 debounce(event:screenIsDefinitelyUnlocked:optimisticallyPreLayoutWorkspaces:) - DEBOUNCE: Using fixed delay 50.0ms for event: ax(AXFocusedWindowChanged)
[DEBUG] [2:53:14 PM] RefreshDebouncer.swift:25 debounce(event:screenIsDefinitelyUnlocked:optimisticallyPreLayoutWorkspaces:) - DEBOUNCE: Using fixed delay 50.0ms for event: ax(AXWindowCreated)
[DEBUG] [2:53:14 PM] RefreshDebouncer.swift:47 debounceWithFixedDelay(event:screenIsDefinitelyUnlocked:optimisticallyPreLayoutWorkspaces:) - DEBOUNCE: Task scheduled, will wait 50.0ms
[DEBUG] [2:53:14 PM] RefreshDebouncer.swift:47 debounceWithFixedDelay(event:screenIsDefinitelyUnlocked:optimisticallyPreLayoutWorkspaces:) - DEBOUNCE: Task scheduled, will wait 50.0ms
[DEBUG] [2:53:14 PM] RefreshDebouncer.swift:54 debounceWithFixedDelay(event:screenIsDefinitelyUnlocked:optimisticallyPreLayoutWorkspaces:) - DEBOUNCE: Task cancelled after 0.12099742889404297ms
[DEBUG] [2:53:14 PM] Command.swift:43 runCmdSeq(_:_:) - CMDSEQ: Running 1 command(s)
[DEBUG] [2:53:14 PM] Command.swift:47 runCmdSeq(_:_:) - CMDSEQ: Executing command 1/1: LayoutCommand
[DEBUG] [2:53:14 PM] LayoutCommand.swift:13 run(_:_:) - COMMAND: LayoutCommand starting - toggling between [Common.LayoutCmdArgs.LayoutDescription.floating]
[DEBUG] [2:53:14 PM] LayoutCommand.swift:24 run(_:_:) - COMMAND: Current window: 53408, parent: Optional(AppBundle.Workspace)
[DEBUG] [2:53:14 PM] LayoutCommand.swift:28 run(_:_:) - COMMAND: Target layout description: floating
[DEBUG] [2:53:14 PM] LayoutCommand.swift:31 run(_:_:) - COMMAND: Window already matches target layout floating - nothing to do
[DEBUG] [2:53:14 PM] Command.swift:50 runCmdSeq(_:_:) - CMDSEQ: Command LayoutCommand returned: true
[DEBUG] [2:53:14 PM] Command.swift:53 runCmdSeq(_:_:) - CMDSEQ: Sequence completed with overall success: true
[DEBUG] [2:53:14 PM] RefreshDebouncer.swift:58 debounceWithFixedDelay(event:screenIsDefinitelyUnlocked:optimisticallyPreLayoutWorkspaces:) - DEBOUNCE: Executing refresh after 52.23798751831055ms
[DEBUG] [2:53:14 PM] refresh.swift:51 runRefreshSessionBlocking(_:layoutWorkspaces:optimisticallyPreLayoutWorkspaces:) - REFRESH: Starting blocking refresh for event: ax(AXWindowCreated)
[DEBUG] [2:53:16 PM] RefreshDebouncer.swift:25 debounce(event:screenIsDefinitelyUnlocked:optimisticallyPreLayoutWorkspaces:) - DEBOUNCE: Using fixed delay 50.0ms for event: ax(AXUIElementDestroyed)
[DEBUG] [2:53:16 PM] RefreshDebouncer.swift:47 debounceWithFixedDelay(event:screenIsDefinitelyUnlocked:optimisticallyPreLayoutWorkspaces:) - DEBOUNCE: Task scheduled, will wait 50.0ms
[DEBUG] [2:53:16 PM] refresh.swift:57 runRefreshSessionBlocking(_:layoutWorkspaces:optimisticallyPreLayoutWorkspaces:) - REFRESH: Completed blocking refresh in 1526.3ms
[DEBUG] [2:53:16 PM] RefreshDebouncer.swift:58 debounceWithFixedDelay(event:screenIsDefinitelyUnlocked:optimisticallyPreLayoutWorkspaces:) - DEBOUNCE: Executing refresh after 55.22501468658447ms
[DEBUG] [2:53:16 PM] refresh.swift:51 runRefreshSessionBlocking(_:layoutWorkspaces:optimisticallyPreLayoutWorkspaces:) - REFRESH: Starting blocking refresh for event: ax(AXUIElementDestroyed)
[DEBUG] [2:53:16 PM] refresh.swift:57 runRefreshSessionBlocking(_:layoutWorkspaces:optimisticallyPreLayoutWorkspaces:) - REFRESH: Completed blocking refresh in 2007.0ms
[DEBUG] [2:53:16 PM] RefreshDebouncer.swift:25 debounce(event:screenIsDefinitelyUnlocked:optimisticallyPreLayoutWorkspaces:) - DEBOUNCE: Using fixed delay 50.0ms for event: ax(AXFocusedWindowChanged)
[DEBUG] [2:53:16 PM] RefreshDebouncer.swift:25 debounce(event:screenIsDefinitelyUnlocked:optimisticallyPreLayoutWorkspaces:) - DEBOUNCE: Using fixed delay 50.0ms for event: ax(AXWindowCreated)
[DEBUG] [2:53:16 PM] RefreshDebouncer.swift:25 debounce(event:screenIsDefinitelyUnlocked:optimisticallyPreLayoutWorkspaces:) - DEBOUNCE: Using fixed delay 50.0ms for event: ax(AXWindowCreated)
[DEBUG] [2:53:16 PM] RefreshDebouncer.swift:25 debounce(event:screenIsDefinitelyUnlocked:optimisticallyPreLayoutWorkspaces:) - DEBOUNCE: Using fixed delay 50.0ms for event: ax(AXFocusedWindowChanged)
[DEBUG] [2:53:16 PM] RefreshDebouncer.swift:47 debounceWithFixedDelay(event:screenIsDefinitelyUnlocked:optimisticallyPreLayoutWorkspaces:) - DEBOUNCE: Task scheduled, will wait 50.0ms
[DEBUG] [2:53:16 PM] RefreshDebouncer.swift:47 debounceWithFixedDelay(event:screenIsDefinitelyUnlocked:optimisticallyPreLayoutWorkspaces:) - DEBOUNCE: Task scheduled, will wait 50.0ms
[DEBUG] [2:53:16 PM] RefreshDebouncer.swift:47 debounceWithFixedDelay(event:screenIsDefinitelyUnlocked:optimisticallyPreLayoutWorkspaces:) - DEBOUNCE: Task scheduled, will wait 50.0ms
[DEBUG] [2:53:16 PM] RefreshDebouncer.swift:47 debounceWithFixedDelay(event:screenIsDefinitelyUnlocked:optimisticallyPreLayoutWorkspaces:) - DEBOUNCE: Task scheduled, will wait 50.0ms
[DEBUG] [2:53:16 PM] RefreshDebouncer.swift:54 debounceWithFixedDelay(event:screenIsDefinitelyUnlocked:optimisticallyPreLayoutWorkspaces:) - DEBOUNCE: Task cancelled after 1.0159015655517578ms
[DEBUG] [2:53:16 PM] RefreshDebouncer.swift:54 debounceWithFixedDelay(event:screenIsDefinitelyUnlocked:optimisticallyPreLayoutWorkspaces:) - DEBOUNCE: Task cancelled after 1.0600090026855469ms
[DEBUG] [2:53:16 PM] RefreshDebouncer.swift:54 debounceWithFixedDelay(event:screenIsDefinitelyUnlocked:optimisticallyPreLayoutWorkspaces:) - DEBOUNCE: Task cancelled after 1.0739564895629883ms
[DEBUG] [2:53:16 PM] Command.swift:43 runCmdSeq(_:_:) - CMDSEQ: Running 1 command(s)
[DEBUG] [2:53:16 PM] Command.swift:47 runCmdSeq(_:_:) - CMDSEQ: Executing command 1/1: LayoutCommand
[DEBUG] [2:53:16 PM] LayoutCommand.swift:13 run(_:_:) - COMMAND: LayoutCommand starting - toggling between [Common.LayoutCmdArgs.LayoutDescription.floating]
[DEBUG] [2:53:16 PM] LayoutCommand.swift:24 run(_:_:) - COMMAND: Current window: 53411, parent: Optional(AppBundle.TilingContainer)
[DEBUG] [2:53:16 PM] LayoutCommand.swift:28 run(_:_:) - COMMAND: Target layout description: floating
[DEBUG] [2:53:16 PM] LayoutCommand.swift:34 run(_:_:) - COMMAND: Switching to layout: floating
[DEBUG] [2:53:16 PM] Command.swift:50 runCmdSeq(_:_:) - CMDSEQ: Command LayoutCommand returned: true
[DEBUG] [2:53:16 PM] Command.swift:53 runCmdSeq(_:_:) - CMDSEQ: Sequence completed with overall success: true
[DEBUG] [2:53:16 PM] RefreshDebouncer.swift:58 debounceWithFixedDelay(event:screenIsDefinitelyUnlocked:optimisticallyPreLayoutWorkspaces:) - DEBOUNCE: Executing refresh after 50.843000411987305ms
[DEBUG] [2:53:16 PM] refresh.swift:51 runRefreshSessionBlocking(_:layoutWorkspaces:optimisticallyPreLayoutWorkspaces:) - REFRESH: Starting blocking refresh for event: ax(AXFocusedWindowChanged)
[DEBUG] [2:53:16 PM] refresh.swift:57 runRefreshSessionBlocking(_:layoutWorkspaces:optimisticallyPreLayoutWorkspaces:) - REFRESH: Completed blocking refresh in 885.3ms
[DEBUG] [2:53:16 PM] refresh.swift:57 runRefreshSessionBlocking(_:layoutWorkspaces:optimisticallyPreLayoutWorkspaces:) - REFRESH: Completed blocking refresh in 36.0ms
[DEBUG] [2:53:21 PM] RefreshDebouncer.swift:25 debounce(event:screenIsDefinitelyUnlocked:optimisticallyPreLayoutWorkspaces:) - DEBOUNCE: Using fixed delay 50.0ms for event: globalObserver(NSWorkspaceDidActivateApplicationNotification)
[DEBUG] [2:53:21 PM] RefreshDebouncer.swift:47 debounceWithFixedDelay(event:screenIsDefinitelyUnlocked:optimisticallyPreLayoutWorkspaces:) - DEBOUNCE: Task scheduled, will wait 50.0ms
[DEBUG] [2:53:21 PM] RefreshDebouncer.swift:58 debounceWithFixedDelay(event:screenIsDefinitelyUnlocked:optimisticallyPreLayoutWorkspaces:) - DEBOUNCE: Executing refresh after 51.40495300292969ms
[DEBUG] [2:53:21 PM] refresh.swift:51 runRefreshSessionBlocking(_:layoutWorkspaces:optimisticallyPreLayoutWorkspaces:) - REFRESH: Starting blocking refresh for event: globalObserver(NSWorkspaceDidActivateApplicationNotification)
[DEBUG] [2:53:21 PM] refresh.swift:57 runRefreshSessionBlocking(_:layoutWorkspaces:optimisticallyPreLayoutWorkspaces:) - REFRESH: Completed blocking refresh in 31.1ms
[DEBUG] [2:53:21 PM] RefreshDebouncer.swift:25 debounce(event:screenIsDefinitelyUnlocked:optimisticallyPreLayoutWorkspaces:) - DEBOUNCE: Using fixed delay 50.0ms for event: globalObserverLeftMouseUp
[DEBUG] [2:53:21 PM] RefreshDebouncer.swift:47 debounceWithFixedDelay(event:screenIsDefinitelyUnlocked:optimisticallyPreLayoutWorkspaces:) - DEBOUNCE: Task scheduled, will wait 50.0ms
[DEBUG] [2:53:21 PM] RefreshDebouncer.swift:58 debounceWithFixedDelay(event:screenIsDefinitelyUnlocked:optimisticallyPreLayoutWorkspaces:) - DEBOUNCE: Executing refresh after 54.85093593597412ms
[DEBUG] [2:53:21 PM] refresh.swift:51 runRefreshSessionBlocking(_:layoutWorkspaces:optimisticallyPreLayoutWorkspaces:) - REFRESH: Starting blocking refresh for event: globalObserverLeftMouseUp
[DEBUG] [2:53:21 PM] refresh.swift:57 runRefreshSessionBlocking(_:layoutWorkspaces:optimisticallyPreLayoutWorkspaces:) - REFRESH: Completed blocking refresh in 20.0ms
[DEBUG] [2:53:21 PM] RefreshDebouncer.swift:25 debounce(event:screenIsDefinitelyUnlocked:optimisticallyPreLayoutWorkspaces:) - DEBOUNCE: Using fixed delay 50.0ms for event: globalObserverLeftMouseUp
[DEBUG] [2:53:21 PM] RefreshDebouncer.swift:47 debounceWithFixedDelay(event:screenIsDefinitelyUnlocked:optimisticallyPreLayoutWorkspaces:) - DEBOUNCE: Task scheduled, will wait 50.0ms
[DEBUG] [2:53:22 PM] RefreshDebouncer.swift:58 debounceWithFixedDelay(event:screenIsDefinitelyUnlocked:optimisticallyPreLayoutWorkspaces:) - DEBOUNCE: Executing refresh after 54.91602420806885ms
[DEBUG] [2:53:22 PM] refresh.swift:51 runRefreshSessionBlocking(_:layoutWorkspaces:optimisticallyPreLayoutWorkspaces:) - REFRESH: Starting blocking refresh for event: globalObserverLeftMouseUp
[DEBUG] [2:53:22 PM] refresh.swift:57 runRefreshSessionBlocking(_:layoutWorkspaces:optimisticallyPreLayoutWorkspaces:) - REFRESH: Completed blocking refresh in 40.8ms
[DEBUG] [2:53:23 PM] refresh.swift:86 runSession(_:_:body:) - SESSION: Starting session for event: ax(AXResized)
[DEBUG] [2:53:23 PM] refresh.swift:86 runSession(_:_:body:) - SESSION: Starting session for event: ax(AXResized)
[DEBUG] [2:53:23 PM] refresh.swift:106 runSession(_:_:body:) - SESSION: Executing body
[DEBUG] [2:53:23 PM] refresh.swift:92 runSession(_:_:body:) - SESSION: Completed in 85.6ms
[DEBUG] [2:53:23 PM] refresh.swift:106 runSession(_:_:body:) - SESSION: Executing body
[DEBUG] [2:53:23 PM] refresh.swift:86 runSession(_:_:body:) - SESSION: Starting session for event: ax(AXResized)
[DEBUG] [2:53:23 PM] refresh.swift:92 runSession(_:_:body:) - SESSION: Completed in 3.8ms
[DEBUG] [2:53:23 PM] refresh.swift:106 runSession(_:_:body:) - SESSION: Executing body
[DEBUG] [2:53:23 PM] refresh.swift:92 runSession(_:_:body:) - SESSION: Completed in 1.2ms
[DEBUG] [2:53:23 PM] refresh.swift:86 runSession(_:_:body:) - SESSION: Starting session for event: ax(AXResized)
[DEBUG] [2:53:23 PM] refresh.swift:106 runSession(_:_:body:) - SESSION: Executing body
[DEBUG] [2:53:23 PM] refresh.swift:92 runSession(_:_:body:) - SESSION: Completed in 6.2ms
[DEBUG] [2:53:23 PM] refresh.swift:51 runRefreshSessionBlocking(_:layoutWorkspaces:optimisticallyPreLayoutWorkspaces:) - REFRESH: Starting blocking refresh for event: ax(AXResized)
[DEBUG] [2:53:23 PM] RefreshDebouncer.swift:25 debounce(event:screenIsDefinitelyUnlocked:optimisticallyPreLayoutWorkspaces:) - DEBOUNCE: Using fixed delay 50.0ms for event: ax(AXResized)
[DEBUG] [2:53:23 PM] RefreshDebouncer.swift:25 debounce(event:screenIsDefinitelyUnlocked:optimisticallyPreLayoutWorkspaces:) - DEBOUNCE: Using fixed delay 50.0ms for event: ax(AXMoved)
[DEBUG] [2:53:23 PM] RefreshDebouncer.swift:25 debounce(event:screenIsDefinitelyUnlocked:optimisticallyPreLayoutWorkspaces:) - DEBOUNCE: Using fixed delay 50.0ms for event: ax(AXResized)
[DEBUG] [2:53:23 PM] RefreshDebouncer.swift:25 debounce(event:screenIsDefinitelyUnlocked:optimisticallyPreLayoutWorkspaces:) - DEBOUNCE: Using fixed delay 50.0ms for event: ax(AXMoved)
[DEBUG] [2:53:23 PM] RefreshDebouncer.swift:47 debounceWithFixedDelay(event:screenIsDefinitelyUnlocked:optimisticallyPreLayoutWorkspaces:) - DEBOUNCE: Task scheduled, will wait 50.0ms
[DEBUG] [2:53:23 PM] RefreshDebouncer.swift:47 debounceWithFixedDelay(event:screenIsDefinitelyUnlocked:optimisticallyPreLayoutWorkspaces:) - DEBOUNCE: Task scheduled, will wait 50.0ms
[DEBUG] [2:53:23 PM] RefreshDebouncer.swift:47 debounceWithFixedDelay(event:screenIsDefinitelyUnlocked:optimisticallyPreLayoutWorkspaces:) - DEBOUNCE: Task scheduled, will wait 50.0ms
[DEBUG] [2:53:23 PM] RefreshDebouncer.swift:47 debounceWithFixedDelay(event:screenIsDefinitelyUnlocked:optimisticallyPreLayoutWorkspaces:) - DEBOUNCE: Task scheduled, will wait 50.0ms
[DEBUG] [2:53:23 PM] RefreshDebouncer.swift:54 debounceWithFixedDelay(event:screenIsDefinitelyUnlocked:optimisticallyPreLayoutWorkspaces:) - DEBOUNCE: Task cancelled after 0.3750324249267578ms
[DEBUG] [2:53:23 PM] RefreshDebouncer.swift:54 debounceWithFixedDelay(event:screenIsDefinitelyUnlocked:optimisticallyPreLayoutWorkspaces:) - DEBOUNCE: Task cancelled after 0.2560615539550781ms
[DEBUG] [2:53:23 PM] RefreshDebouncer.swift:54 debounceWithFixedDelay(event:screenIsDefinitelyUnlocked:optimisticallyPreLayoutWorkspaces:) - DEBOUNCE: Task cancelled after 0.2200603485107422ms
[DEBUG] [2:53:23 PM] RefreshDebouncer.swift:25 debounce(event:screenIsDefinitelyUnlocked:optimisticallyPreLayoutWorkspaces:) - DEBOUNCE: Using fixed delay 50.0ms for event: ax(AXResized)
[DEBUG] [2:53:23 PM] RefreshDebouncer.swift:47 debounceWithFixedDelay(event:screenIsDefinitelyUnlocked:optimisticallyPreLayoutWorkspaces:) - DEBOUNCE: Task scheduled, will wait 50.0ms
[DEBUG] [2:53:23 PM] RefreshDebouncer.swift:54 debounceWithFixedDelay(event:screenIsDefinitelyUnlocked:optimisticallyPreLayoutWorkspaces:) - DEBOUNCE: Task cancelled after 29.469013214111328ms
[DEBUG] [2:53:23 PM] RefreshDebouncer.swift:25 debounce(event:screenIsDefinitelyUnlocked:optimisticallyPreLayoutWorkspaces:) - DEBOUNCE: Using fixed delay 50.0ms for event: ax(AXMoved)
[DEBUG] [2:53:23 PM] RefreshDebouncer.swift:25 debounce(event:screenIsDefinitelyUnlocked:optimisticallyPreLayoutWorkspaces:) - DEBOUNCE: Using fixed delay 50.0ms for event: ax(AXResized)
[DEBUG] [2:53:23 PM] RefreshDebouncer.swift:47 debounceWithFixedDelay(event:screenIsDefinitelyUnlocked:optimisticallyPreLayoutWorkspaces:) - DEBOUNCE: Task scheduled, will wait 50.0ms
[DEBUG] [2:53:23 PM] RefreshDebouncer.swift:54 debounceWithFixedDelay(event:screenIsDefinitelyUnlocked:optimisticallyPreLayoutWorkspaces:) - DEBOUNCE: Task cancelled after 5.484104156494141ms
[DEBUG] [2:53:23 PM] RefreshDebouncer.swift:47 debounceWithFixedDelay(event:screenIsDefinitelyUnlocked:optimisticallyPreLayoutWorkspaces:) - DEBOUNCE: Task scheduled, will wait 50.0ms
[DEBUG] [2:53:23 PM] RefreshDebouncer.swift:54 debounceWithFixedDelay(event:screenIsDefinitelyUnlocked:optimisticallyPreLayoutWorkspaces:) - DEBOUNCE: Task cancelled after 3.410935401916504ms
[DEBUG] [2:53:23 PM] refresh.swift:57 runRefreshSessionBlocking(_:layoutWorkspaces:optimisticallyPreLayoutWorkspaces:) - REFRESH: Completed blocking refresh in 129.9ms
[DEBUG] [2:53:23 PM] RefreshDebouncer.swift:58 debounceWithFixedDelay(event:screenIsDefinitelyUnlocked:optimisticallyPreLayoutWorkspaces:) - DEBOUNCE: Executing refresh after 53.50005626678467ms
[DEBUG] [2:53:23 PM] refresh.swift:51 runRefreshSessionBlocking(_:layoutWorkspaces:optimisticallyPreLayoutWorkspaces:) - REFRESH: Starting blocking refresh for event: ax(AXResized)
[DEBUG] [2:53:23 PM] refresh.swift:57 runRefreshSessionBlocking(_:layoutWorkspaces:optimisticallyPreLayoutWorkspaces:) - REFRESH: Completed blocking refresh in 18.6ms
[DEBUG] [2:53:24 PM] RefreshDebouncer.swift:25 debounce(event:screenIsDefinitelyUnlocked:optimisticallyPreLayoutWorkspaces:) - DEBOUNCE: Using fixed delay 50.0ms for event: resetManipulatedWithMouse
[DEBUG] [2:53:24 PM] RefreshDebouncer.swift:25 debounce(event:screenIsDefinitelyUnlocked:optimisticallyPreLayoutWorkspaces:) - DEBOUNCE: Using fixed delay 50.0ms for event: globalObserverLeftMouseUp
[DEBUG] [2:53:24 PM] RefreshDebouncer.swift:47 debounceWithFixedDelay(event:screenIsDefinitelyUnlocked:optimisticallyPreLayoutWorkspaces:) - DEBOUNCE: Task scheduled, will wait 50.0ms
[DEBUG] [2:53:24 PM] RefreshDebouncer.swift:47 debounceWithFixedDelay(event:screenIsDefinitelyUnlocked:optimisticallyPreLayoutWorkspaces:) - DEBOUNCE: Task scheduled, will wait 50.0ms
[DEBUG] [2:53:24 PM] RefreshDebouncer.swift:54 debounceWithFixedDelay(event:screenIsDefinitelyUnlocked:optimisticallyPreLayoutWorkspaces:) - DEBOUNCE: Task cancelled after 0.1100301742553711ms
[DEBUG] [2:53:24 PM] RefreshDebouncer.swift:58 debounceWithFixedDelay(event:screenIsDefinitelyUnlocked:optimisticallyPreLayoutWorkspaces:) - DEBOUNCE: Executing refresh after 54.054975509643555ms
[DEBUG] [2:53:24 PM] refresh.swift:51 runRefreshSessionBlocking(_:layoutWorkspaces:optimisticallyPreLayoutWorkspaces:) - REFRESH: Starting blocking refresh for event: globalObserverLeftMouseUp
[DEBUG] [2:53:24 PM] refresh.swift:57 runRefreshSessionBlocking(_:layoutWorkspaces:optimisticallyPreLayoutWorkspaces:) - REFRESH: Completed blocking refresh in 17.9ms
[DEBUG] [2:53:24 PM] refresh.swift:86 runSession(_:_:body:) - SESSION: Starting session for event: ax(AXResized)
[DEBUG] [2:53:25 PM] refresh.swift:86 runSession(_:_:body:) - SESSION: Starting session for event: ax(AXResized)
[DEBUG] [2:53:25 PM] refresh.swift:106 runSession(_:_:body:) - SESSION: Executing body
[DEBUG] [2:53:25 PM] refresh.swift:92 runSession(_:_:body:) - SESSION: Completed in 101.4ms
[DEBUG] [2:53:25 PM] refresh.swift:86 runSession(_:_:body:) - SESSION: Starting session for event: ax(AXResized)
[DEBUG] [2:53:25 PM] refresh.swift:92 runSession(_:_:body:) - SESSION: Completed in 15.4ms
[DEBUG] [2:53:25 PM] refresh.swift:106 runSession(_:_:body:) - SESSION: Executing body
[DEBUG] [2:53:25 PM] refresh.swift:92 runSession(_:_:body:) - SESSION: Completed in 30.4ms
[DEBUG] [2:53:25 PM] refresh.swift:86 runSession(_:_:body:) - SESSION: Starting session for event: ax(AXResized)
[DEBUG] [2:53:25 PM] refresh.swift:86 runSession(_:_:body:) - SESSION: Starting session for event: ax(AXResized)
[DEBUG] [2:53:25 PM] RefreshDebouncer.swift:25 debounce(event:screenIsDefinitelyUnlocked:optimisticallyPreLayoutWorkspaces:) - DEBOUNCE: Using fixed delay 50.0ms for event: resetManipulatedWithMouse
[DEBUG] [2:53:25 PM] RefreshDebouncer.swift:25 debounce(event:screenIsDefinitelyUnlocked:optimisticallyPreLayoutWorkspaces:) - DEBOUNCE: Using fixed delay 50.0ms for event: globalObserverLeftMouseUp
[DEBUG] [2:53:25 PM] RefreshDebouncer.swift:47 debounceWithFixedDelay(event:screenIsDefinitelyUnlocked:optimisticallyPreLayoutWorkspaces:) - DEBOUNCE: Task scheduled, will wait 50.0ms
[DEBUG] [2:53:25 PM] RefreshDebouncer.swift:47 debounceWithFixedDelay(event:screenIsDefinitelyUnlocked:optimisticallyPreLayoutWorkspaces:) - DEBOUNCE: Task scheduled, will wait 50.0ms
[DEBUG] [2:53:25 PM] RefreshDebouncer.swift:54 debounceWithFixedDelay(event:screenIsDefinitelyUnlocked:optimisticallyPreLayoutWorkspaces:) - DEBOUNCE: Task cancelled after 0.1480579376220703ms
[DEBUG] [2:53:25 PM] RefreshDebouncer.swift:58 debounceWithFixedDelay(event:screenIsDefinitelyUnlocked:optimisticallyPreLayoutWorkspaces:) - DEBOUNCE: Executing refresh after 51.54895782470703ms
[DEBUG] [2:53:25 PM] refresh.swift:51 runRefreshSessionBlocking(_:layoutWorkspaces:optimisticallyPreLayoutWorkspaces:) - REFRESH: Starting blocking refresh for event: globalObserverLeftMouseUp
[DEBUG] [2:53:25 PM] RefreshDebouncer.swift:25 debounce(event:screenIsDefinitelyUnlocked:optimisticallyPreLayoutWorkspaces:) - DEBOUNCE: Using fixed delay 50.0ms for event: ax(AXResized)
[DEBUG] [2:53:25 PM] RefreshDebouncer.swift:47 debounceWithFixedDelay(event:screenIsDefinitelyUnlocked:optimisticallyPreLayoutWorkspaces:) - DEBOUNCE: Task scheduled, will wait 50.0ms
[DEBUG] [2:53:25 PM] RefreshDebouncer.swift:25 debounce(event:screenIsDefinitelyUnlocked:optimisticallyPreLayoutWorkspaces:) - DEBOUNCE: Using fixed delay 50.0ms for event: ax(AXMoved)
[DEBUG] [2:53:25 PM] RefreshDebouncer.swift:47 debounceWithFixedDelay(event:screenIsDefinitelyUnlocked:optimisticallyPreLayoutWorkspaces:) - DEBOUNCE: Task scheduled, will wait 50.0ms
[DEBUG] [2:53:25 PM] RefreshDebouncer.swift:54 debounceWithFixedDelay(event:screenIsDefinitelyUnlocked:optimisticallyPreLayoutWorkspaces:) - DEBOUNCE: Task cancelled after 2.8209686279296875ms
[DEBUG] [2:53:25 PM] RefreshDebouncer.swift:25 debounce(event:screenIsDefinitelyUnlocked:optimisticallyPreLayoutWorkspaces:) - DEBOUNCE: Using fixed delay 50.0ms for event: ax(AXResized)
[DEBUG] [2:53:25 PM] RefreshDebouncer.swift:47 debounceWithFixedDelay(event:screenIsDefinitelyUnlocked:optimisticallyPreLayoutWorkspaces:) - DEBOUNCE: Task scheduled, will wait 50.0ms
[DEBUG] [2:53:25 PM] RefreshDebouncer.swift:54 debounceWithFixedDelay(event:screenIsDefinitelyUnlocked:optimisticallyPreLayoutWorkspaces:) - DEBOUNCE: Task cancelled after 7.45999813079834ms
[DEBUG] [2:53:25 PM] refresh.swift:86 runSession(_:_:body:) - SESSION: Starting session for event: ax(AXResized)
[DEBUG] [2:53:25 PM] refresh.swift:92 runSession(_:_:body:) - SESSION: Completed in 125.5ms
[DEBUG] [2:53:25 PM] refresh.swift:57 runRefreshSessionBlocking(_:layoutWorkspaces:optimisticallyPreLayoutWorkspaces:) - REFRESH: Completed blocking refresh in 66.5ms
[DEBUG] [2:53:25 PM] refresh.swift:92 runSession(_:_:body:) - SESSION: Completed in 125.2ms
[DEBUG] [2:53:25 PM] RefreshDebouncer.swift:25 debounce(event:screenIsDefinitelyUnlocked:optimisticallyPreLayoutWorkspaces:) - DEBOUNCE: Using fixed delay 50.0ms for event: ax(AXResized)
[DEBUG] [2:53:25 PM] refresh.swift:86 runSession(_:_:body:) - SESSION: Starting session for event: ax(AXResized)
[DEBUG] [2:53:25 PM] refresh.swift:106 runSession(_:_:body:) - SESSION: Executing body
[DEBUG] [2:53:25 PM] refresh.swift:92 runSession(_:_:body:) - SESSION: Completed in 1.1ms
[DEBUG] [2:53:25 PM] RefreshDebouncer.swift:25 debounce(event:screenIsDefinitelyUnlocked:optimisticallyPreLayoutWorkspaces:) - DEBOUNCE: Using fixed delay 50.0ms for event: ax(AXResized)
[DEBUG] [2:53:25 PM] RefreshDebouncer.swift:25 debounce(event:screenIsDefinitelyUnlocked:optimisticallyPreLayoutWorkspaces:) - DEBOUNCE: Using fixed delay 50.0ms for event: ax(AXWindowCreated)
[DEBUG] [2:53:25 PM] RefreshDebouncer.swift:25 debounce(event:screenIsDefinitelyUnlocked:optimisticallyPreLayoutWorkspaces:) - DEBOUNCE: Using fixed delay 50.0ms for event: ax(AXMoved)
[DEBUG] [2:53:25 PM] RefreshDebouncer.swift:25 debounce(event:screenIsDefinitelyUnlocked:optimisticallyPreLayoutWorkspaces:) - DEBOUNCE: Using fixed delay 50.0ms for event: ax(AXResized)
[DEBUG] [2:53:25 PM] RefreshDebouncer.swift:25 debounce(event:screenIsDefinitelyUnlocked:optimisticallyPreLayoutWorkspaces:) - DEBOUNCE: Using fixed delay 50.0ms for event: ax(AXMoved)
[DEBUG] [2:53:25 PM] RefreshDebouncer.swift:47 debounceWithFixedDelay(event:screenIsDefinitelyUnlocked:optimisticallyPreLayoutWorkspaces:) - DEBOUNCE: Task scheduled, will wait 50.0ms
[DEBUG] [2:53:25 PM] RefreshDebouncer.swift:54 debounceWithFixedDelay(event:screenIsDefinitelyUnlocked:optimisticallyPreLayoutWorkspaces:) - DEBOUNCE: Task cancelled after 27.801990509033203ms
[DEBUG] [2:53:25 PM] refresh.swift:92 runSession(_:_:body:) - SESSION: Completed in 0.8ms
[DEBUG] [2:53:25 PM] RefreshDebouncer.swift:47 debounceWithFixedDelay(event:screenIsDefinitelyUnlocked:optimisticallyPreLayoutWorkspaces:) - DEBOUNCE: Task scheduled, will wait 50.0ms
[DEBUG] [2:53:25 PM] RefreshDebouncer.swift:47 debounceWithFixedDelay(event:screenIsDefinitelyUnlocked:optimisticallyPreLayoutWorkspaces:) - DEBOUNCE: Task scheduled, will wait 50.0ms
[DEBUG] [2:53:25 PM] refresh.swift:86 runSession(_:_:body:) - SESSION: Starting session for event: ax(AXResized)
[DEBUG] [2:53:25 PM] RefreshDebouncer.swift:47 debounceWithFixedDelay(event:screenIsDefinitelyUnlocked:optimisticallyPreLayoutWorkspaces:) - DEBOUNCE: Task scheduled, will wait 50.0ms
[DEBUG] [2:53:25 PM] RefreshDebouncer.swift:47 debounceWithFixedDelay(event:screenIsDefinitelyUnlocked:optimisticallyPreLayoutWorkspaces:) - DEBOUNCE: Task scheduled, will wait 50.0ms
[DEBUG] [2:53:25 PM] RefreshDebouncer.swift:47 debounceWithFixedDelay(event:screenIsDefinitelyUnlocked:optimisticallyPreLayoutWorkspaces:) - DEBOUNCE: Task scheduled, will wait 50.0ms
[DEBUG] [2:53:25 PM] RefreshDebouncer.swift:54 debounceWithFixedDelay(event:screenIsDefinitelyUnlocked:optimisticallyPreLayoutWorkspaces:) - DEBOUNCE: Task cancelled after 0.6449222564697266ms
[DEBUG] [2:53:25 PM] RefreshDebouncer.swift:54 debounceWithFixedDelay(event:screenIsDefinitelyUnlocked:optimisticallyPreLayoutWorkspaces:) - DEBOUNCE: Task cancelled after 0.55694580078125ms
[DEBUG] [2:53:25 PM] RefreshDebouncer.swift:54 debounceWithFixedDelay(event:screenIsDefinitelyUnlocked:optimisticallyPreLayoutWorkspaces:) - DEBOUNCE: Task cancelled after 0.5559921264648438ms
[DEBUG] [2:53:25 PM] RefreshDebouncer.swift:54 debounceWithFixedDelay(event:screenIsDefinitelyUnlocked:optimisticallyPreLayoutWorkspaces:) - DEBOUNCE: Task cancelled after 0.3859996795654297ms
[DEBUG] [2:53:25 PM] refresh.swift:106 runSession(_:_:body:) - SESSION: Executing body
[DEBUG] [2:53:25 PM] RefreshDebouncer.swift:54 debounceWithFixedDelay(event:screenIsDefinitelyUnlocked:optimisticallyPreLayoutWorkspaces:) - DEBOUNCE: Task cancelled after 0.4540681838989258ms
[DEBUG] [2:53:25 PM] refresh.swift:92 runSession(_:_:body:) - SESSION: Completed in 7.0ms
[DEBUG] [2:53:25 PM] refresh.swift:51 runRefreshSessionBlocking(_:layoutWorkspaces:optimisticallyPreLayoutWorkspaces:) - REFRESH: Starting blocking refresh for event: ax(AXResized)
[DEBUG] [2:53:25 PM] RefreshDebouncer.swift:58 debounceWithFixedDelay(event:screenIsDefinitelyUnlocked:optimisticallyPreLayoutWorkspaces:) - DEBOUNCE: Executing refresh after 50.994038581848145ms
[DEBUG] [2:53:25 PM] refresh.swift:51 runRefreshSessionBlocking(_:layoutWorkspaces:optimisticallyPreLayoutWorkspaces:) - REFRESH: Starting blocking refresh for event: ax(AXMoved)
[DEBUG] [2:53:25 PM] refresh.swift:57 runRefreshSessionBlocking(_:layoutWorkspaces:optimisticallyPreLayoutWorkspaces:) - REFRESH: Completed blocking refresh in 74.7ms
[DEBUG] [2:53:25 PM] RefreshDebouncer.swift:25 debounce(event:screenIsDefinitelyUnlocked:optimisticallyPreLayoutWorkspaces:) - DEBOUNCE: Using fixed delay 50.0ms for event: ax(AXResized)
[DEBUG] [2:53:25 PM] RefreshDebouncer.swift:25 debounce(event:screenIsDefinitelyUnlocked:optimisticallyPreLayoutWorkspaces:) - DEBOUNCE: Using fixed delay 50.0ms for event: ax(AXResized)
[DEBUG] [2:53:25 PM] RefreshDebouncer.swift:25 debounce(event:screenIsDefinitelyUnlocked:optimisticallyPreLayoutWorkspaces:) - DEBOUNCE: Using fixed delay 50.0ms for event: ax(AXMoved)
[DEBUG] [2:53:25 PM] RefreshDebouncer.swift:25 debounce(event:screenIsDefinitelyUnlocked:optimisticallyPreLayoutWorkspaces:) - DEBOUNCE: Using fixed delay 50.0ms for event: ax(AXResized)
[DEBUG] [2:53:25 PM] RefreshDebouncer.swift:25 debounce(event:screenIsDefinitelyUnlocked:optimisticallyPreLayoutWorkspaces:) - DEBOUNCE: Using fixed delay 50.0ms for event: ax(AXMoved)
[DEBUG] [2:53:25 PM] RefreshDebouncer.swift:25 debounce(event:screenIsDefinitelyUnlocked:optimisticallyPreLayoutWorkspaces:) - DEBOUNCE: Using fixed delay 50.0ms for event: ax(AXMoved)
[DEBUG] [2:53:25 PM] RefreshDebouncer.swift:25 debounce(event:screenIsDefinitelyUnlocked:optimisticallyPreLayoutWorkspaces:) - DEBOUNCE: Using fixed delay 50.0ms for event: ax(AXResized)
[DEBUG] [2:53:25 PM] RefreshDebouncer.swift:47 debounceWithFixedDelay(event:screenIsDefinitelyUnlocked:optimisticallyPreLayoutWorkspaces:) - DEBOUNCE: Task scheduled, will wait 50.0ms
[DEBUG] [2:53:25 PM] RefreshDebouncer.swift:47 debounceWithFixedDelay(event:screenIsDefinitelyUnlocked:optimisticallyPreLayoutWorkspaces:) - DEBOUNCE: Task scheduled, will wait 50.0ms
[DEBUG] [2:53:25 PM] RefreshDebouncer.swift:47 debounceWithFixedDelay(event:screenIsDefinitelyUnlocked:optimisticallyPreLayoutWorkspaces:) - DEBOUNCE: Task scheduled, will wait 50.0ms
[DEBUG] [2:53:25 PM] RefreshDebouncer.swift:47 debounceWithFixedDelay(event:screenIsDefinitelyUnlocked:optimisticallyPreLayoutWorkspaces:) - DEBOUNCE: Task scheduled, will wait 50.0ms
[DEBUG] [2:53:25 PM] RefreshDebouncer.swift:47 debounceWithFixedDelay(event:screenIsDefinitelyUnlocked:optimisticallyPreLayoutWorkspaces:) - DEBOUNCE: Task scheduled, will wait 50.0ms
[DEBUG] [2:53:25 PM] RefreshDebouncer.swift:47 debounceWithFixedDelay(event:screenIsDefinitelyUnlocked:optimisticallyPreLayoutWorkspaces:) - DEBOUNCE: Task scheduled, will wait 50.0ms
[DEBUG] [2:53:25 PM] RefreshDebouncer.swift:47 debounceWithFixedDelay(event:screenIsDefinitelyUnlocked:optimisticallyPreLayoutWorkspaces:) - DEBOUNCE: Task scheduled, will wait 50.0ms
[DEBUG] [2:53:25 PM] RefreshDebouncer.swift:54 debounceWithFixedDelay(event:screenIsDefinitelyUnlocked:optimisticallyPreLayoutWorkspaces:) - DEBOUNCE: Task cancelled after 0.5049705505371094ms
[DEBUG] [2:53:25 PM] RefreshDebouncer.swift:54 debounceWithFixedDelay(event:screenIsDefinitelyUnlocked:optimisticallyPreLayoutWorkspaces:) - DEBOUNCE: Task cancelled after 0.40400028228759766ms
[DEBUG] [2:53:25 PM] RefreshDebouncer.swift:54 debounceWithFixedDelay(event:screenIsDefinitelyUnlocked:optimisticallyPreLayoutWorkspaces:) - DEBOUNCE: Task cancelled after 0.3629922866821289ms
[DEBUG] [2:53:25 PM] RefreshDebouncer.swift:54 debounceWithFixedDelay(event:screenIsDefinitelyUnlocked:optimisticallyPreLayoutWorkspaces:) - DEBOUNCE: Task cancelled after 0.34606456756591797ms
[DEBUG] [2:53:25 PM] RefreshDebouncer.swift:54 debounceWithFixedDelay(event:screenIsDefinitelyUnlocked:optimisticallyPreLayoutWorkspaces:) - DEBOUNCE: Task cancelled after 0.32699108123779297ms
[DEBUG] [2:53:25 PM] RefreshDebouncer.swift:54 debounceWithFixedDelay(event:screenIsDefinitelyUnlocked:optimisticallyPreLayoutWorkspaces:) - DEBOUNCE: Task cancelled after 0.32591819763183594ms
[DEBUG] [2:53:25 PM] refresh.swift:57 runRefreshSessionBlocking(_:layoutWorkspaces:optimisticallyPreLayoutWorkspaces:) - REFRESH: Completed blocking refresh in 56.0ms
[DEBUG] [2:53:25 PM] RefreshDebouncer.swift:58 debounceWithFixedDelay(event:screenIsDefinitelyUnlocked:optimisticallyPreLayoutWorkspaces:) - DEBOUNCE: Executing refresh after 54.772019386291504ms
[DEBUG] [2:53:25 PM] refresh.swift:51 runRefreshSessionBlocking(_:layoutWorkspaces:optimisticallyPreLayoutWorkspaces:) - REFRESH: Starting blocking refresh for event: ax(AXResized)
[DEBUG] [2:53:25 PM] refresh.swift:57 runRefreshSessionBlocking(_:layoutWorkspaces:optimisticallyPreLayoutWorkspaces:) - REFRESH: Completed blocking refresh in 21.9ms
[DEBUG] [2:53:25 PM] RefreshDebouncer.swift:25 debounce(event:screenIsDefinitelyUnlocked:optimisticallyPreLayoutWorkspaces:) - DEBOUNCE: Using fixed delay 50.0ms for event: resetManipulatedWithMouse
[DEBUG] [2:53:25 PM] RefreshDebouncer.swift:25 debounce(event:screenIsDefinitelyUnlocked:optimisticallyPreLayoutWorkspaces:) - DEBOUNCE: Using fixed delay 50.0ms for event: globalObserverLeftMouseUp
[DEBUG] [2:53:25 PM] RefreshDebouncer.swift:47 debounceWithFixedDelay(event:screenIsDefinitelyUnlocked:optimisticallyPreLayoutWorkspaces:) - DEBOUNCE: Task scheduled, will wait 50.0ms
[DEBUG] [2:53:25 PM] RefreshDebouncer.swift:47 debounceWithFixedDelay(event:screenIsDefinitelyUnlocked:optimisticallyPreLayoutWorkspaces:) - DEBOUNCE: Task scheduled, will wait 50.0ms
[DEBUG] [2:53:25 PM] RefreshDebouncer.swift:54 debounceWithFixedDelay(event:screenIsDefinitelyUnlocked:optimisticallyPreLayoutWorkspaces:) - DEBOUNCE: Task cancelled after 0.17201900482177734ms
[DEBUG] [2:53:25 PM] RefreshDebouncer.swift:58 debounceWithFixedDelay(event:screenIsDefinitelyUnlocked:optimisticallyPreLayoutWorkspaces:) - DEBOUNCE: Executing refresh after 54.48102951049805ms
[DEBUG] [2:53:25 PM] refresh.swift:51 runRefreshSessionBlocking(_:layoutWorkspaces:optimisticallyPreLayoutWorkspaces:) - REFRESH: Starting blocking refresh for event: globalObserverLeftMouseUp
[DEBUG] [2:53:25 PM] refresh.swift:57 runRefreshSessionBlocking(_:layoutWorkspaces:optimisticallyPreLayoutWorkspaces:) - REFRESH: Completed blocking refresh in 16.0ms
[DEBUG] [2:53:52 PM] RefreshDebouncer.swift:25 debounce(event:screenIsDefinitelyUnlocked:optimisticallyPreLayoutWorkspaces:) - DEBOUNCE: Using fixed delay 50.0ms for event: globalObserverLeftMouseUp
[DEBUG] [2:53:52 PM] RefreshDebouncer.swift:47 debounceWithFixedDelay(event:screenIsDefinitelyUnlocked:optimisticallyPreLayoutWorkspaces:) - DEBOUNCE: Task scheduled, will wait 50.0ms
[DEBUG] [2:53:52 PM] RefreshDebouncer.swift:58 debounceWithFixedDelay(event:screenIsDefinitelyUnlocked:optimisticallyPreLayoutWorkspaces:) - DEBOUNCE: Executing refresh after 51.99408531188965ms
[DEBUG] [2:53:52 PM] refresh.swift:51 runRefreshSessionBlocking(_:layoutWorkspaces:optimisticallyPreLayoutWorkspaces:) - REFRESH: Starting blocking refresh for event: globalObserverLeftMouseUp
[DEBUG] [2:53:52 PM] refresh.swift:57 runRefreshSessionBlocking(_:layoutWorkspaces:optimisticallyPreLayoutWorkspaces:) - REFRESH: Completed blocking refresh in 21.3ms
[DEBUG] [2:53:54 PM] RefreshDebouncer.swift:25 debounce(event:screenIsDefinitelyUnlocked:optimisticallyPreLayoutWorkspaces:) - DEBOUNCE: Using fixed delay 50.0ms for event: globalObserverLeftMouseUp
[DEBUG] [2:53:54 PM] RefreshDebouncer.swift:47 debounceWithFixedDelay(event:screenIsDefinitelyUnlocked:optimisticallyPreLayoutWorkspaces:) - DEBOUNCE: Task scheduled, will wait 50.0ms
[DEBUG] [2:53:54 PM] RefreshDebouncer.swift:58 debounceWithFixedDelay(event:screenIsDefinitelyUnlocked:optimisticallyPreLayoutWorkspaces:) - DEBOUNCE: Executing refresh after 52.69598960876465ms
[DEBUG] [2:53:54 PM] refresh.swift:51 runRefreshSessionBlocking(_:layoutWorkspaces:optimisticallyPreLayoutWorkspaces:) - REFRESH: Starting blocking refresh for event: globalObserverLeftMouseUp
[DEBUG] [2:53:54 PM] refresh.swift:57 runRefreshSessionBlocking(_:layoutWorkspaces:optimisticallyPreLayoutWorkspaces:) - REFRESH: Completed blocking refresh in 27.0ms
[DEBUG] [2:53:55 PM] RefreshDebouncer.swift:25 debounce(event:screenIsDefinitelyUnlocked:optimisticallyPreLayoutWorkspaces:) - DEBOUNCE: Using fixed delay 50.0ms for event: globalObserverLeftMouseUp
[DEBUG] [2:53:55 PM] RefreshDebouncer.swift:47 debounceWithFixedDelay(event:screenIsDefinitelyUnlocked:optimisticallyPreLayoutWorkspaces:) - DEBOUNCE: Task scheduled, will wait 50.0ms
[DEBUG] [2:53:55 PM] RefreshDebouncer.swift:58 debounceWithFixedDelay(event:screenIsDefinitelyUnlocked:optimisticallyPreLayoutWorkspaces:) - DEBOUNCE: Executing refresh after 54.40700054168701ms
[DEBUG] [2:53:55 PM] refresh.swift:51 runRefreshSessionBlocking(_:layoutWorkspaces:optimisticallyPreLayoutWorkspaces:) - REFRESH: Starting blocking refresh for event: globalObserverLeftMouseUp
[DEBUG] [2:53:55 PM] refresh.swift:57 runRefreshSessionBlocking(_:layoutWorkspaces:optimisticallyPreLayoutWorkspaces:) - REFRESH: Completed blocking refresh in 20.3ms
[DEBUG] [2:53:56 PM] RefreshDebouncer.swift:25 debounce(event:screenIsDefinitelyUnlocked:optimisticallyPreLayoutWorkspaces:) - DEBOUNCE: Using fixed delay 50.0ms for event: globalObserverLeftMouseUp
[DEBUG] [2:53:56 PM] RefreshDebouncer.swift:47 debounceWithFixedDelay(event:screenIsDefinitelyUnlocked:optimisticallyPreLayoutWorkspaces:) - DEBOUNCE: Task scheduled, will wait 50.0ms
[DEBUG] [2:53:56 PM] RefreshDebouncer.swift:58 debounceWithFixedDelay(event:screenIsDefinitelyUnlocked:optimisticallyPreLayoutWorkspaces:) - DEBOUNCE: Executing refresh after 54.834961891174316ms
[DEBUG] [2:53:56 PM] refresh.swift:51 runRefreshSessionBlocking(_:layoutWorkspaces:optimisticallyPreLayoutWorkspaces:) - REFRESH: Starting blocking refresh for event: globalObserverLeftMouseUp
[DEBUG] [2:53:56 PM] refresh.swift:57 runRefreshSessionBlocking(_:layoutWorkspaces:optimisticallyPreLayoutWorkspaces:) - REFRESH: Completed blocking refresh in 29.1ms
[DEBUG] [2:53:56 PM] RefreshDebouncer.swift:25 debounce(event:screenIsDefinitelyUnlocked:optimisticallyPreLayoutWorkspaces:) - DEBOUNCE: Using fixed delay 50.0ms for event: globalObserverLeftMouseUp
[DEBUG] [2:53:56 PM] RefreshDebouncer.swift:47 debounceWithFixedDelay(event:screenIsDefinitelyUnlocked:optimisticallyPreLayoutWorkspaces:) - DEBOUNCE: Task scheduled, will wait 50.0ms
[DEBUG] [2:53:56 PM] RefreshDebouncer.swift:58 debounceWithFixedDelay(event:screenIsDefinitelyUnlocked:optimisticallyPreLayoutWorkspaces:) - DEBOUNCE: Executing refresh after 53.19499969482422ms
[DEBUG] [2:53:56 PM] refresh.swift:51 runRefreshSessionBlocking(_:layoutWorkspaces:optimisticallyPreLayoutWorkspaces:) - REFRESH: Starting blocking refresh for event: globalObserverLeftMouseUp
[DEBUG] [2:53:56 PM] refresh.swift:57 runRefreshSessionBlocking(_:layoutWorkspaces:optimisticallyPreLayoutWorkspaces:) - REFRESH: Completed blocking refresh in 29.7ms
[DEBUG] [2:53:56 PM] RefreshDebouncer.swift:25 debounce(event:screenIsDefinitelyUnlocked:optimisticallyPreLayoutWorkspaces:) - DEBOUNCE: Using fixed delay 50.0ms for event: globalObserverLeftMouseUp
[DEBUG] [2:53:56 PM] RefreshDebouncer.swift:47 debounceWithFixedDelay(event:screenIsDefinitelyUnlocked:optimisticallyPreLayoutWorkspaces:) - DEBOUNCE: Task scheduled, will wait 50.0ms
[DEBUG] [2:53:57 PM] RefreshDebouncer.swift:58 debounceWithFixedDelay(event:screenIsDefinitelyUnlocked:optimisticallyPreLayoutWorkspaces:) - DEBOUNCE: Executing refresh after 55.1600456237793ms
[DEBUG] [2:53:57 PM] refresh.swift:51 runRefreshSessionBlocking(_:layoutWorkspaces:optimisticallyPreLayoutWorkspaces:) - REFRESH: Starting blocking refresh for event: globalObserverLeftMouseUp
[DEBUG] [2:53:57 PM] refresh.swift:57 runRefreshSessionBlocking(_:layoutWorkspaces:optimisticallyPreLayoutWorkspaces:) - REFRESH: Completed blocking refresh in 25.1ms
[DEBUG] [2:53:57 PM] RefreshDebouncer.swift:25 debounce(event:screenIsDefinitelyUnlocked:optimisticallyPreLayoutWorkspaces:) - DEBOUNCE: Using fixed delay 50.0ms for event: globalObserverLeftMouseUp
[DEBUG] [2:53:57 PM] RefreshDebouncer.swift:47 debounceWithFixedDelay(event:screenIsDefinitelyUnlocked:optimisticallyPreLayoutWorkspaces:) - DEBOUNCE: Task scheduled, will wait 50.0ms
[DEBUG] [2:53:57 PM] RefreshDebouncer.swift:58 debounceWithFixedDelay(event:screenIsDefinitelyUnlocked:optimisticallyPreLayoutWorkspaces:) - DEBOUNCE: Executing refresh after 54.756999015808105ms
[DEBUG] [2:53:57 PM] refresh.swift:51 runRefreshSessionBlocking(_:layoutWorkspaces:optimisticallyPreLayoutWorkspaces:) - REFRESH: Starting blocking refresh for event: globalObserverLeftMouseUp
[DEBUG] [2:53:57 PM] refresh.swift:57 runRefreshSessionBlocking(_:layoutWorkspaces:optimisticallyPreLayoutWorkspaces:) - REFRESH: Completed blocking refresh in 24.5ms
[DEBUG] [2:53:58 PM] RefreshDebouncer.swift:25 debounce(event:screenIsDefinitelyUnlocked:optimisticallyPreLayoutWorkspaces:) - DEBOUNCE: Using fixed delay 50.0ms for event: ax(AXWindowCreated)
[DEBUG] [2:53:58 PM] RefreshDebouncer.swift:47 debounceWithFixedDelay(event:screenIsDefinitelyUnlocked:optimisticallyPreLayoutWorkspaces:) - DEBOUNCE: Task scheduled, will wait 50.0ms
[DEBUG] [2:53:58 PM] RefreshDebouncer.swift:58 debounceWithFixedDelay(event:screenIsDefinitelyUnlocked:optimisticallyPreLayoutWorkspaces:) - DEBOUNCE: Executing refresh after 52.54697799682617ms
[DEBUG] [2:53:58 PM] refresh.swift:51 runRefreshSessionBlocking(_:layoutWorkspaces:optimisticallyPreLayoutWorkspaces:) - REFRESH: Starting blocking refresh for event: ax(AXWindowCreated)
[DEBUG] [2:53:58 PM] refresh.swift:57 runRefreshSessionBlocking(_:layoutWorkspaces:optimisticallyPreLayoutWorkspaces:) - REFRESH: Completed blocking refresh in 22.5ms
[DEBUG] [2:54:08 PM] RefreshDebouncer.swift:25 debounce(event:screenIsDefinitelyUnlocked:optimisticallyPreLayoutWorkspaces:) - DEBOUNCE: Using fixed delay 50.0ms for event: ax(AXFocusedWindowChanged)
[DEBUG] [2:54:08 PM] RefreshDebouncer.swift:47 debounceWithFixedDelay(event:screenIsDefinitelyUnlocked:optimisticallyPreLayoutWorkspaces:) - DEBOUNCE: Task scheduled, will wait 50.0ms
[DEBUG] [2:54:08 PM] RefreshDebouncer.swift:58 debounceWithFixedDelay(event:screenIsDefinitelyUnlocked:optimisticallyPreLayoutWorkspaces:) - DEBOUNCE: Executing refresh after 54.768919944763184ms
[DEBUG] [2:54:08 PM] refresh.swift:51 runRefreshSessionBlocking(_:layoutWorkspaces:optimisticallyPreLayoutWorkspaces:) - REFRESH: Starting blocking refresh for event: ax(AXFocusedWindowChanged)
[DEBUG] [2:54:08 PM] refresh.swift:57 runRefreshSessionBlocking(_:layoutWorkspaces:optimisticallyPreLayoutWorkspaces:) - REFRESH: Completed blocking refresh in 29.8ms
[DEBUG] [2:54:08 PM] RefreshDebouncer.swift:25 debounce(event:screenIsDefinitelyUnlocked:optimisticallyPreLayoutWorkspaces:) - DEBOUNCE: Using fixed delay 50.0ms for event: globalObserverLeftMouseUp
[DEBUG] [2:54:08 PM] RefreshDebouncer.swift:47 debounceWithFixedDelay(event:screenIsDefinitelyUnlocked:optimisticallyPreLayoutWorkspaces:) - DEBOUNCE: Task scheduled, will wait 50.0ms
[DEBUG] [2:54:08 PM] RefreshDebouncer.swift:25 debounce(event:screenIsDefinitelyUnlocked:optimisticallyPreLayoutWorkspaces:) - DEBOUNCE: Using fixed delay 50.0ms for event: ax(AXResized)
[DEBUG] [2:54:08 PM] RefreshDebouncer.swift:47 debounceWithFixedDelay(event:screenIsDefinitelyUnlocked:optimisticallyPreLayoutWorkspaces:) - DEBOUNCE: Task scheduled, will wait 50.0ms
[DEBUG] [2:54:08 PM] RefreshDebouncer.swift:54 debounceWithFixedDelay(event:screenIsDefinitelyUnlocked:optimisticallyPreLayoutWorkspaces:) - DEBOUNCE: Task cancelled after 0.7919073104858398ms
[DEBUG] [2:54:08 PM] RefreshDebouncer.swift:25 debounce(event:screenIsDefinitelyUnlocked:optimisticallyPreLayoutWorkspaces:) - DEBOUNCE: Using fixed delay 50.0ms for event: ax(AXMoved)
[DEBUG] [2:54:08 PM] RefreshDebouncer.swift:47 debounceWithFixedDelay(event:screenIsDefinitelyUnlocked:optimisticallyPreLayoutWorkspaces:) - DEBOUNCE: Task scheduled, will wait 50.0ms
[DEBUG] [2:54:08 PM] RefreshDebouncer.swift:54 debounceWithFixedDelay(event:screenIsDefinitelyUnlocked:optimisticallyPreLayoutWorkspaces:) - DEBOUNCE: Task cancelled after 0.805974006652832ms
[DEBUG] [2:54:08 PM] RefreshDebouncer.swift:58 debounceWithFixedDelay(event:screenIsDefinitelyUnlocked:optimisticallyPreLayoutWorkspaces:) - DEBOUNCE: Executing refresh after 53.77197265625ms
[DEBUG] [2:54:08 PM] refresh.swift:51 runRefreshSessionBlocking(_:layoutWorkspaces:optimisticallyPreLayoutWorkspaces:) - REFRESH: Starting blocking refresh for event: ax(AXMoved)
[DEBUG] [2:54:08 PM] refresh.swift:57 runRefreshSessionBlocking(_:layoutWorkspaces:optimisticallyPreLayoutWorkspaces:) - REFRESH: Completed blocking refresh in 19.3ms
[DEBUG] [2:54:10 PM] RefreshDebouncer.swift:25 debounce(event:screenIsDefinitelyUnlocked:optimisticallyPreLayoutWorkspaces:) - DEBOUNCE: Using fixed delay 50.0ms for event: ax(AXFocusedWindowChanged)
[DEBUG] [2:54:10 PM] RefreshDebouncer.swift:47 debounceWithFixedDelay(event:screenIsDefinitelyUnlocked:optimisticallyPreLayoutWorkspaces:) - DEBOUNCE: Task scheduled, will wait 50.0ms
[DEBUG] [2:54:10 PM] RefreshDebouncer.swift:58 debounceWithFixedDelay(event:screenIsDefinitelyUnlocked:optimisticallyPreLayoutWorkspaces:) - DEBOUNCE: Executing refresh after 51.289916038513184ms
[DEBUG] [2:54:10 PM] refresh.swift:51 runRefreshSessionBlocking(_:layoutWorkspaces:optimisticallyPreLayoutWorkspaces:) - REFRESH: Starting blocking refresh for event: ax(AXFocusedWindowChanged)
[DEBUG] [2:54:10 PM] refresh.swift:57 runRefreshSessionBlocking(_:layoutWorkspaces:optimisticallyPreLayoutWorkspaces:) - REFRESH: Completed blocking refresh in 25.2ms
[DEBUG] [2:54:10 PM] RefreshDebouncer.swift:25 debounce(event:screenIsDefinitelyUnlocked:optimisticallyPreLayoutWorkspaces:) - DEBOUNCE: Using fixed delay 50.0ms for event: globalObserverLeftMouseUp
[DEBUG] [2:54:10 PM] RefreshDebouncer.swift:47 debounceWithFixedDelay(event:screenIsDefinitelyUnlocked:optimisticallyPreLayoutWorkspaces:) - DEBOUNCE: Task scheduled, will wait 50.0ms
[DEBUG] [2:54:10 PM] RefreshDebouncer.swift:58 debounceWithFixedDelay(event:screenIsDefinitelyUnlocked:optimisticallyPreLayoutWorkspaces:) - DEBOUNCE: Executing refresh after 54.155945777893066ms
[DEBUG] [2:54:10 PM] refresh.swift:51 runRefreshSessionBlocking(_:layoutWorkspaces:optimisticallyPreLayoutWorkspaces:) - REFRESH: Starting blocking refresh for event: globalObserverLeftMouseUp
[DEBUG] [2:54:10 PM] refresh.swift:57 runRefreshSessionBlocking(_:layoutWorkspaces:optimisticallyPreLayoutWorkspaces:) - REFRESH: Completed blocking refresh in 16.4ms
[DEBUG] [2:54:11 PM] RefreshDebouncer.swift:25 debounce(event:screenIsDefinitelyUnlocked:optimisticallyPreLayoutWorkspaces:) - DEBOUNCE: Using fixed delay 50.0ms for event: ax(AXWindowCreated)
[DEBUG] [2:54:11 PM] RefreshDebouncer.swift:47 debounceWithFixedDelay(event:screenIsDefinitelyUnlocked:optimisticallyPreLayoutWorkspaces:) - DEBOUNCE: Task scheduled, will wait 50.0ms
[DEBUG] [2:54:11 PM] RefreshDebouncer.swift:58 debounceWithFixedDelay(event:screenIsDefinitelyUnlocked:optimisticallyPreLayoutWorkspaces:) - DEBOUNCE: Executing refresh after 53.17795276641846ms
[DEBUG] [2:54:11 PM] refresh.swift:51 runRefreshSessionBlocking(_:layoutWorkspaces:optimisticallyPreLayoutWorkspaces:) - REFRESH: Starting blocking refresh for event: ax(AXWindowCreated)
[DEBUG] [2:54:11 PM] refresh.swift:57 runRefreshSessionBlocking(_:layoutWorkspaces:optimisticallyPreLayoutWorkspaces:) - REFRESH: Completed blocking refresh in 16.7ms
[DEBUG] [2:54:11 PM] RefreshDebouncer.swift:25 debounce(event:screenIsDefinitelyUnlocked:optimisticallyPreLayoutWorkspaces:) - DEBOUNCE: Using fixed delay 50.0ms for event: ax(AXWindowCreated)
[DEBUG] [2:54:11 PM] RefreshDebouncer.swift:47 debounceWithFixedDelay(event:screenIsDefinitelyUnlocked:optimisticallyPreLayoutWorkspaces:) - DEBOUNCE: Task scheduled, will wait 50.0ms
[DEBUG] [2:54:11 PM] RefreshDebouncer.swift:58 debounceWithFixedDelay(event:screenIsDefinitelyUnlocked:optimisticallyPreLayoutWorkspaces:) - DEBOUNCE: Executing refresh after 55.220961570739746ms
[DEBUG] [2:54:11 PM] refresh.swift:51 runRefreshSessionBlocking(_:layoutWorkspaces:optimisticallyPreLayoutWorkspaces:) - REFRESH: Starting blocking refresh for event: ax(AXWindowCreated)
[DEBUG] [2:54:11 PM] refresh.swift:57 runRefreshSessionBlocking(_:layoutWorkspaces:optimisticallyPreLayoutWorkspaces:) - REFRESH: Completed blocking refresh in 22.1ms
[DEBUG] [2:54:11 PM] RefreshDebouncer.swift:25 debounce(event:screenIsDefinitelyUnlocked:optimisticallyPreLayoutWorkspaces:) - DEBOUNCE: Using fixed delay 50.0ms for event: globalObserverLeftMouseUp
[DEBUG] [2:54:11 PM] RefreshDebouncer.swift:47 debounceWithFixedDelay(event:screenIsDefinitelyUnlocked:optimisticallyPreLayoutWorkspaces:) - DEBOUNCE: Task scheduled, will wait 50.0ms
[DEBUG] [2:54:12 PM] RefreshDebouncer.swift:58 debounceWithFixedDelay(event:screenIsDefinitelyUnlocked:optimisticallyPreLayoutWorkspaces:) - DEBOUNCE: Executing refresh after 51.93901062011719ms
[DEBUG] [2:54:12 PM] refresh.swift:51 runRefreshSessionBlocking(_:layoutWorkspaces:optimisticallyPreLayoutWorkspaces:) - REFRESH: Starting blocking refresh for event: globalObserverLeftMouseUp
[DEBUG] [2:54:12 PM] refresh.swift:57 runRefreshSessionBlocking(_:layoutWorkspaces:optimisticallyPreLayoutWorkspaces:) - REFRESH: Completed blocking refresh in 38.8ms
[DEBUG] [2:54:12 PM] RefreshDebouncer.swift:25 debounce(event:screenIsDefinitelyUnlocked:optimisticallyPreLayoutWorkspaces:) - DEBOUNCE: Using fixed delay 50.0ms for event: ax(AXWindowCreated)
[DEBUG] [2:54:12 PM] RefreshDebouncer.swift:47 debounceWithFixedDelay(event:screenIsDefinitelyUnlocked:optimisticallyPreLayoutWorkspaces:) - DEBOUNCE: Task scheduled, will wait 50.0ms
[DEBUG] [2:54:12 PM] RefreshDebouncer.swift:58 debounceWithFixedDelay(event:screenIsDefinitelyUnlocked:optimisticallyPreLayoutWorkspaces:) - DEBOUNCE: Executing refresh after 54.350972175598145ms
[DEBUG] [2:54:12 PM] refresh.swift:51 runRefreshSessionBlocking(_:layoutWorkspaces:optimisticallyPreLayoutWorkspaces:) - REFRESH: Starting blocking refresh for event: ax(AXWindowCreated)
[DEBUG] [2:54:12 PM] refresh.swift:57 runRefreshSessionBlocking(_:layoutWorkspaces:optimisticallyPreLayoutWorkspaces:) - REFRESH: Completed blocking refresh in 32.5ms
[DEBUG] [2:54:13 PM] RefreshDebouncer.swift:25 debounce(event:screenIsDefinitelyUnlocked:optimisticallyPreLayoutWorkspaces:) - DEBOUNCE: Using fixed delay 50.0ms for event: ax(AXUIElementDestroyed)
[DEBUG] [2:54:13 PM] RefreshDebouncer.swift:47 debounceWithFixedDelay(event:screenIsDefinitelyUnlocked:optimisticallyPreLayoutWorkspaces:) - DEBOUNCE: Task scheduled, will wait 50.0ms
[DEBUG] [2:54:13 PM] RefreshDebouncer.swift:58 debounceWithFixedDelay(event:screenIsDefinitelyUnlocked:optimisticallyPreLayoutWorkspaces:) - DEBOUNCE: Executing refresh after 53.00891399383545ms
[DEBUG] [2:54:13 PM] refresh.swift:51 runRefreshSessionBlocking(_:layoutWorkspaces:optimisticallyPreLayoutWorkspaces:) - REFRESH: Starting blocking refresh for event: ax(AXUIElementDestroyed)
[DEBUG] [2:54:13 PM] refresh.swift:57 runRefreshSessionBlocking(_:layoutWorkspaces:optimisticallyPreLayoutWorkspaces:) - REFRESH: Completed blocking refresh in 31.6ms
[DEBUG] [2:54:16 PM] RefreshDebouncer.swift:25 debounce(event:screenIsDefinitelyUnlocked:optimisticallyPreLayoutWorkspaces:) - DEBOUNCE: Using fixed delay 50.0ms for event: ax(AXWindowCreated)
[DEBUG] [2:54:16 PM] RefreshDebouncer.swift:47 debounceWithFixedDelay(event:screenIsDefinitelyUnlocked:optimisticallyPreLayoutWorkspaces:) - DEBOUNCE: Task scheduled, will wait 50.0ms
[DEBUG] [2:54:16 PM] RefreshDebouncer.swift:25 debounce(event:screenIsDefinitelyUnlocked:optimisticallyPreLayoutWorkspaces:) - DEBOUNCE: Using fixed delay 50.0ms for event: ax(AXWindowCreated)
[DEBUG] [2:54:16 PM] RefreshDebouncer.swift:47 debounceWithFixedDelay(event:screenIsDefinitelyUnlocked:optimisticallyPreLayoutWorkspaces:) - DEBOUNCE: Task scheduled, will wait 50.0ms
[DEBUG] [2:54:16 PM] RefreshDebouncer.swift:54 debounceWithFixedDelay(event:screenIsDefinitelyUnlocked:optimisticallyPreLayoutWorkspaces:) - DEBOUNCE: Task cancelled after 31.41307830810547ms
[DEBUG] [2:54:16 PM] RefreshDebouncer.swift:58 debounceWithFixedDelay(event:screenIsDefinitelyUnlocked:optimisticallyPreLayoutWorkspaces:) - DEBOUNCE: Executing refresh after 55.48298358917236ms
[DEBUG] [2:54:16 PM] refresh.swift:51 runRefreshSessionBlocking(_:layoutWorkspaces:optimisticallyPreLayoutWorkspaces:) - REFRESH: Starting blocking refresh for event: ax(AXWindowCreated)
[DEBUG] [2:54:16 PM] refresh.swift:57 runRefreshSessionBlocking(_:layoutWorkspaces:optimisticallyPreLayoutWorkspaces:) - REFRESH: Completed blocking refresh in 32.0ms
[DEBUG] [2:54:16 PM] RefreshDebouncer.swift:25 debounce(event:screenIsDefinitelyUnlocked:optimisticallyPreLayoutWorkspaces:) - DEBOUNCE: Using fixed delay 50.0ms for event: ax(AXUIElementDestroyed)
[DEBUG] [2:54:16 PM] RefreshDebouncer.swift:47 debounceWithFixedDelay(event:screenIsDefinitelyUnlocked:optimisticallyPreLayoutWorkspaces:) - DEBOUNCE: Task scheduled, will wait 50.0ms
[DEBUG] [2:54:16 PM] RefreshDebouncer.swift:25 debounce(event:screenIsDefinitelyUnlocked:optimisticallyPreLayoutWorkspaces:) - DEBOUNCE: Using fixed delay 50.0ms for event: ax(AXWindowCreated)
[DEBUG] [2:54:16 PM] RefreshDebouncer.swift:47 debounceWithFixedDelay(event:screenIsDefinitelyUnlocked:optimisticallyPreLayoutWorkspaces:) - DEBOUNCE: Task scheduled, will wait 50.0ms
[DEBUG] [2:54:16 PM] RefreshDebouncer.swift:54 debounceWithFixedDelay(event:screenIsDefinitelyUnlocked:optimisticallyPreLayoutWorkspaces:) - DEBOUNCE: Task cancelled after 18.62502098083496ms
[DEBUG] [2:54:16 PM] RefreshDebouncer.swift:58 debounceWithFixedDelay(event:screenIsDefinitelyUnlocked:optimisticallyPreLayoutWorkspaces:) - DEBOUNCE: Executing refresh after 52.179932594299316ms
[DEBUG] [2:54:16 PM] refresh.swift:51 runRefreshSessionBlocking(_:layoutWorkspaces:optimisticallyPreLayoutWorkspaces:) - REFRESH: Starting blocking refresh for event: ax(AXWindowCreated)
[DEBUG] [2:54:17 PM] refresh.swift:57 runRefreshSessionBlocking(_:layoutWorkspaces:optimisticallyPreLayoutWorkspaces:) - REFRESH: Completed blocking refresh in 22.8ms
[DEBUG] [2:54:17 PM] RefreshDebouncer.swift:25 debounce(event:screenIsDefinitelyUnlocked:optimisticallyPreLayoutWorkspaces:) - DEBOUNCE: Using fixed delay 50.0ms for event: globalObserverLeftMouseUp
[DEBUG] [2:54:17 PM] RefreshDebouncer.swift:47 debounceWithFixedDelay(event:screenIsDefinitelyUnlocked:optimisticallyPreLayoutWorkspaces:) - DEBOUNCE: Task scheduled, will wait 50.0ms
[DEBUG] [2:54:17 PM] RefreshDebouncer.swift:58 debounceWithFixedDelay(event:screenIsDefinitelyUnlocked:optimisticallyPreLayoutWorkspaces:) - DEBOUNCE: Executing refresh after 55.021047592163086ms
[DEBUG] [2:54:17 PM] refresh.swift:51 runRefreshSessionBlocking(_:layoutWorkspaces:optimisticallyPreLayoutWorkspaces:) - REFRESH: Starting blocking refresh for event: globalObserverLeftMouseUp
[DEBUG] [2:54:17 PM] refresh.swift:57 runRefreshSessionBlocking(_:layoutWorkspaces:optimisticallyPreLayoutWorkspaces:) - REFRESH: Completed blocking refresh in 27.9ms
[DEBUG] [2:54:17 PM] RefreshDebouncer.swift:25 debounce(event:screenIsDefinitelyUnlocked:optimisticallyPreLayoutWorkspaces:) - DEBOUNCE: Using fixed delay 50.0ms for event: ax(AXUIElementDestroyed)
[DEBUG] [2:54:17 PM] RefreshDebouncer.swift:47 debounceWithFixedDelay(event:screenIsDefinitelyUnlocked:optimisticallyPreLayoutWorkspaces:) - DEBOUNCE: Task scheduled, will wait 50.0ms
[DEBUG] [2:54:17 PM] RefreshDebouncer.swift:58 debounceWithFixedDelay(event:screenIsDefinitelyUnlocked:optimisticallyPreLayoutWorkspaces:) - DEBOUNCE: Executing refresh after 50.92298984527588ms
[DEBUG] [2:54:17 PM] refresh.swift:51 runRefreshSessionBlocking(_:layoutWorkspaces:optimisticallyPreLayoutWorkspaces:) - REFRESH: Starting blocking refresh for event: ax(AXUIElementDestroyed)
[DEBUG] [2:54:17 PM] refresh.swift:57 runRefreshSessionBlocking(_:layoutWorkspaces:optimisticallyPreLayoutWorkspaces:) - REFRESH: Completed blocking refresh in 25.8ms
[DEBUG] [2:54:17 PM] RefreshDebouncer.swift:25 debounce(event:screenIsDefinitelyUnlocked:optimisticallyPreLayoutWorkspaces:) - DEBOUNCE: Using fixed delay 50.0ms for event: ax(AXWindowCreated)
[DEBUG] [2:54:17 PM] RefreshDebouncer.swift:47 debounceWithFixedDelay(event:screenIsDefinitelyUnlocked:optimisticallyPreLayoutWorkspaces:) - DEBOUNCE: Task scheduled, will wait 50.0ms
[DEBUG] [2:54:18 PM] RefreshDebouncer.swift:58 debounceWithFixedDelay(event:screenIsDefinitelyUnlocked:optimisticallyPreLayoutWorkspaces:) - DEBOUNCE: Executing refresh after 51.32591724395752ms
[DEBUG] [2:54:18 PM] refresh.swift:51 runRefreshSessionBlocking(_:layoutWorkspaces:optimisticallyPreLayoutWorkspaces:) - REFRESH: Starting blocking refresh for event: ax(AXWindowCreated)
[DEBUG] [2:54:18 PM] refresh.swift:57 runRefreshSessionBlocking(_:layoutWorkspaces:optimisticallyPreLayoutWorkspaces:) - REFRESH: Completed blocking refresh in 19.7ms
[DEBUG] [2:54:18 PM] RefreshDebouncer.swift:25 debounce(event:screenIsDefinitelyUnlocked:optimisticallyPreLayoutWorkspaces:) - DEBOUNCE: Using fixed delay 50.0ms for event: ax(AXUIElementDestroyed)
[DEBUG] [2:54:18 PM] RefreshDebouncer.swift:47 debounceWithFixedDelay(event:screenIsDefinitelyUnlocked:optimisticallyPreLayoutWorkspaces:) - DEBOUNCE: Task scheduled, will wait 50.0ms
[DEBUG] [2:54:18 PM] RefreshDebouncer.swift:25 debounce(event:screenIsDefinitelyUnlocked:optimisticallyPreLayoutWorkspaces:) - DEBOUNCE: Using fixed delay 50.0ms for event: ax(AXWindowCreated)
[DEBUG] [2:54:18 PM] RefreshDebouncer.swift:47 debounceWithFixedDelay(event:screenIsDefinitelyUnlocked:optimisticallyPreLayoutWorkspaces:) - DEBOUNCE: Task scheduled, will wait 50.0ms
[DEBUG] [2:54:18 PM] RefreshDebouncer.swift:54 debounceWithFixedDelay(event:screenIsDefinitelyUnlocked:optimisticallyPreLayoutWorkspaces:) - DEBOUNCE: Task cancelled after 32.636046409606934ms
[DEBUG] [2:54:18 PM] RefreshDebouncer.swift:58 debounceWithFixedDelay(event:screenIsDefinitelyUnlocked:optimisticallyPreLayoutWorkspaces:) - DEBOUNCE: Executing refresh after 55.29594421386719ms
[DEBUG] [2:54:18 PM] refresh.swift:51 runRefreshSessionBlocking(_:layoutWorkspaces:optimisticallyPreLayoutWorkspaces:) - REFRESH: Starting blocking refresh for event: ax(AXWindowCreated)
[DEBUG] [2:54:18 PM] refresh.swift:57 runRefreshSessionBlocking(_:layoutWorkspaces:optimisticallyPreLayoutWorkspaces:) - REFRESH: Completed blocking refresh in 25.1ms
[DEBUG] [2:54:18 PM] RefreshDebouncer.swift:25 debounce(event:screenIsDefinitelyUnlocked:optimisticallyPreLayoutWorkspaces:) - DEBOUNCE: Using fixed delay 50.0ms for event: ax(AXUIElementDestroyed)
[DEBUG] [2:54:18 PM] RefreshDebouncer.swift:47 debounceWithFixedDelay(event:screenIsDefinitelyUnlocked:optimisticallyPreLayoutWorkspaces:) - DEBOUNCE: Task scheduled, will wait 50.0ms
[DEBUG] [2:54:18 PM] RefreshDebouncer.swift:25 debounce(event:screenIsDefinitelyUnlocked:optimisticallyPreLayoutWorkspaces:) - DEBOUNCE: Using fixed delay 50.0ms for event: ax(AXWindowCreated)
[DEBUG] [2:54:18 PM] RefreshDebouncer.swift:47 debounceWithFixedDelay(event:screenIsDefinitelyUnlocked:optimisticallyPreLayoutWorkspaces:) - DEBOUNCE: Task scheduled, will wait 50.0ms
[DEBUG] [2:54:18 PM] RefreshDebouncer.swift:54 debounceWithFixedDelay(event:screenIsDefinitelyUnlocked:optimisticallyPreLayoutWorkspaces:) - DEBOUNCE: Task cancelled after 17.480969429016113ms
[DEBUG] [2:54:18 PM] RefreshDebouncer.swift:58 debounceWithFixedDelay(event:screenIsDefinitelyUnlocked:optimisticallyPreLayoutWorkspaces:) - DEBOUNCE: Executing refresh after 50.73904991149902ms
[DEBUG] [2:54:18 PM] refresh.swift:51 runRefreshSessionBlocking(_:layoutWorkspaces:optimisticallyPreLayoutWorkspaces:) - REFRESH: Starting blocking refresh for event: ax(AXWindowCreated)
[DEBUG] [2:54:18 PM] refresh.swift:57 runRefreshSessionBlocking(_:layoutWorkspaces:optimisticallyPreLayoutWorkspaces:) - REFRESH: Completed blocking refresh in 20.5ms
[DEBUG] [2:54:19 PM] RefreshDebouncer.swift:25 debounce(event:screenIsDefinitelyUnlocked:optimisticallyPreLayoutWorkspaces:) - DEBOUNCE: Using fixed delay 50.0ms for event: ax(AXUIElementDestroyed)
[DEBUG] [2:54:19 PM] RefreshDebouncer.swift:47 debounceWithFixedDelay(event:screenIsDefinitelyUnlocked:optimisticallyPreLayoutWorkspaces:) - DEBOUNCE: Task scheduled, will wait 50.0ms
[DEBUG] [2:54:19 PM] RefreshDebouncer.swift:25 debounce(event:screenIsDefinitelyUnlocked:optimisticallyPreLayoutWorkspaces:) - DEBOUNCE: Using fixed delay 50.0ms for event: ax(AXWindowCreated)
[DEBUG] [2:54:19 PM] RefreshDebouncer.swift:47 debounceWithFixedDelay(event:screenIsDefinitelyUnlocked:optimisticallyPreLayoutWorkspaces:) - DEBOUNCE: Task scheduled, will wait 50.0ms
[DEBUG] [2:54:19 PM] RefreshDebouncer.swift:54 debounceWithFixedDelay(event:screenIsDefinitelyUnlocked:optimisticallyPreLayoutWorkspaces:) - DEBOUNCE: Task cancelled after 17.4100399017334ms
[DEBUG] [2:54:19 PM] RefreshDebouncer.swift:58 debounceWithFixedDelay(event:screenIsDefinitelyUnlocked:optimisticallyPreLayoutWorkspaces:) - DEBOUNCE: Executing refresh after 51.16403102874756ms
[DEBUG] [2:54:19 PM] refresh.swift:51 runRefreshSessionBlocking(_:layoutWorkspaces:optimisticallyPreLayoutWorkspaces:) - REFRESH: Starting blocking refresh for event: ax(AXWindowCreated)
[DEBUG] [2:54:19 PM] refresh.swift:57 runRefreshSessionBlocking(_:layoutWorkspaces:optimisticallyPreLayoutWorkspaces:) - REFRESH: Completed blocking refresh in 23.7ms
[DEBUG] [2:54:19 PM] RefreshDebouncer.swift:25 debounce(event:screenIsDefinitelyUnlocked:optimisticallyPreLayoutWorkspaces:) - DEBOUNCE: Using fixed delay 50.0ms for event: globalObserverLeftMouseUp
[DEBUG] [2:54:19 PM] RefreshDebouncer.swift:47 debounceWithFixedDelay(event:screenIsDefinitelyUnlocked:optimisticallyPreLayoutWorkspaces:) - DEBOUNCE: Task scheduled, will wait 50.0ms
[DEBUG] [2:54:19 PM] RefreshDebouncer.swift:58 debounceWithFixedDelay(event:screenIsDefinitelyUnlocked:optimisticallyPreLayoutWorkspaces:) - DEBOUNCE: Executing refresh after 53.83801460266113ms
[DEBUG] [2:54:19 PM] refresh.swift:51 runRefreshSessionBlocking(_:layoutWorkspaces:optimisticallyPreLayoutWorkspaces:) - REFRESH: Starting blocking refresh for event: globalObserverLeftMouseUp
[DEBUG] [2:54:20 PM] refresh.swift:57 runRefreshSessionBlocking(_:layoutWorkspaces:optimisticallyPreLayoutWorkspaces:) - REFRESH: Completed blocking refresh in 15.1ms
[DEBUG] [2:54:20 PM] RefreshDebouncer.swift:25 debounce(event:screenIsDefinitelyUnlocked:optimisticallyPreLayoutWorkspaces:) - DEBOUNCE: Using fixed delay 50.0ms for event: ax(AXUIElementDestroyed)
[DEBUG] [2:54:20 PM] RefreshDebouncer.swift:47 debounceWithFixedDelay(event:screenIsDefinitelyUnlocked:optimisticallyPreLayoutWorkspaces:) - DEBOUNCE: Task scheduled, will wait 50.0ms
[DEBUG] [2:54:20 PM] RefreshDebouncer.swift:58 debounceWithFixedDelay(event:screenIsDefinitelyUnlocked:optimisticallyPreLayoutWorkspaces:) - DEBOUNCE: Executing refresh after 51.59199237823486ms
[DEBUG] [2:54:20 PM] refresh.swift:51 runRefreshSessionBlocking(_:layoutWorkspaces:optimisticallyPreLayoutWorkspaces:) - REFRESH: Starting blocking refresh for event: ax(AXUIElementDestroyed)
[DEBUG] [2:54:20 PM] refresh.swift:57 runRefreshSessionBlocking(_:layoutWorkspaces:optimisticallyPreLayoutWorkspaces:) - REFRESH: Completed blocking refresh in 24.5ms
[DEBUG] [2:54:20 PM] RefreshDebouncer.swift:25 debounce(event:screenIsDefinitelyUnlocked:optimisticallyPreLayoutWorkspaces:) - DEBOUNCE: Using fixed delay 50.0ms for event: ax(AXWindowCreated)
[DEBUG] [2:54:20 PM] RefreshDebouncer.swift:47 debounceWithFixedDelay(event:screenIsDefinitelyUnlocked:optimisticallyPreLayoutWorkspaces:) - DEBOUNCE: Task scheduled, will wait 50.0ms
[DEBUG] [2:54:20 PM] RefreshDebouncer.swift:58 debounceWithFixedDelay(event:screenIsDefinitelyUnlocked:optimisticallyPreLayoutWorkspaces:) - DEBOUNCE: Executing refresh after 53.44200134277344ms
[DEBUG] [2:54:20 PM] refresh.swift:51 runRefreshSessionBlocking(_:layoutWorkspaces:optimisticallyPreLayoutWorkspaces:) - REFRESH: Starting blocking refresh for event: ax(AXWindowCreated)
[DEBUG] [2:54:20 PM] refresh.swift:57 runRefreshSessionBlocking(_:layoutWorkspaces:optimisticallyPreLayoutWorkspaces:) - REFRESH: Completed blocking refresh in 17.0ms
[DEBUG] [2:54:33 PM] RefreshDebouncer.swift:25 debounce(event:screenIsDefinitelyUnlocked:optimisticallyPreLayoutWorkspaces:) - DEBOUNCE: Using fixed delay 50.0ms for event: globalObserverLeftMouseUp
[DEBUG] [2:54:33 PM] RefreshDebouncer.swift:47 debounceWithFixedDelay(event:screenIsDefinitelyUnlocked:optimisticallyPreLayoutWorkspaces:) - DEBOUNCE: Task scheduled, will wait 50.0ms
[DEBUG] [2:54:34 PM] RefreshDebouncer.swift:58 debounceWithFixedDelay(event:screenIsDefinitelyUnlocked:optimisticallyPreLayoutWorkspaces:) - DEBOUNCE: Executing refresh after 53.12705039978027ms
[DEBUG] [2:54:34 PM] refresh.swift:51 runRefreshSessionBlocking(_:layoutWorkspaces:optimisticallyPreLayoutWorkspaces:) - REFRESH: Starting blocking refresh for event: globalObserverLeftMouseUp
[DEBUG] [2:54:34 PM] refresh.swift:57 runRefreshSessionBlocking(_:layoutWorkspaces:optimisticallyPreLayoutWorkspaces:) - REFRESH: Completed blocking refresh in 156.7ms
[DEBUG] [2:54:39 PM] RefreshDebouncer.swift:25 debounce(event:screenIsDefinitelyUnlocked:optimisticallyPreLayoutWorkspaces:) - DEBOUNCE: Using fixed delay 50.0ms for event: globalObserverLeftMouseUp
[DEBUG] [2:54:39 PM] RefreshDebouncer.swift:47 debounceWithFixedDelay(event:screenIsDefinitelyUnlocked:optimisticallyPreLayoutWorkspaces:) - DEBOUNCE: Task scheduled, will wait 50.0ms
[DEBUG] [2:54:39 PM] RefreshDebouncer.swift:58 debounceWithFixedDelay(event:screenIsDefinitelyUnlocked:optimisticallyPreLayoutWorkspaces:) - DEBOUNCE: Executing refresh after 52.23500728607178ms
[DEBUG] [2:54:39 PM] refresh.swift:51 runRefreshSessionBlocking(_:layoutWorkspaces:optimisticallyPreLayoutWorkspaces:) - REFRESH: Starting blocking refresh for event: globalObserverLeftMouseUp
[DEBUG] [2:54:39 PM] refresh.swift:57 runRefreshSessionBlocking(_:layoutWorkspaces:optimisticallyPreLayoutWorkspaces:) - REFRESH: Completed blocking refresh in 28.8ms
[DEBUG] [2:54:39 PM] RefreshDebouncer.swift:25 debounce(event:screenIsDefinitelyUnlocked:optimisticallyPreLayoutWorkspaces:) - DEBOUNCE: Using fixed delay 50.0ms for event: globalObserverLeftMouseUp
[DEBUG] [2:54:39 PM] RefreshDebouncer.swift:47 debounceWithFixedDelay(event:screenIsDefinitelyUnlocked:optimisticallyPreLayoutWorkspaces:) - DEBOUNCE: Task scheduled, will wait 50.0ms
[DEBUG] [2:54:39 PM] RefreshDebouncer.swift:58 debounceWithFixedDelay(event:screenIsDefinitelyUnlocked:optimisticallyPreLayoutWorkspaces:) - DEBOUNCE: Executing refresh after 54.046034812927246ms
[DEBUG] [2:54:39 PM] refresh.swift:51 runRefreshSessionBlocking(_:layoutWorkspaces:optimisticallyPreLayoutWorkspaces:) - REFRESH: Starting blocking refresh for event: globalObserverLeftMouseUp
[DEBUG] [2:54:39 PM] refresh.swift:57 runRefreshSessionBlocking(_:layoutWorkspaces:optimisticallyPreLayoutWorkspaces:) - REFRESH: Completed blocking refresh in 26.3ms
[DEBUG] [2:54:40 PM] RefreshDebouncer.swift:25 debounce(event:screenIsDefinitelyUnlocked:optimisticallyPreLayoutWorkspaces:) - DEBOUNCE: Using fixed delay 50.0ms for event: globalObserverLeftMouseUp
[DEBUG] [2:54:40 PM] RefreshDebouncer.swift:47 debounceWithFixedDelay(event:screenIsDefinitelyUnlocked:optimisticallyPreLayoutWorkspaces:) - DEBOUNCE: Task scheduled, will wait 50.0ms
[DEBUG] [2:54:40 PM] RefreshDebouncer.swift:58 debounceWithFixedDelay(event:screenIsDefinitelyUnlocked:optimisticallyPreLayoutWorkspaces:) - DEBOUNCE: Executing refresh after 52.92809009552002ms
[DEBUG] [2:54:40 PM] refresh.swift:51 runRefreshSessionBlocking(_:layoutWorkspaces:optimisticallyPreLayoutWorkspaces:) - REFRESH: Starting blocking refresh for event: globalObserverLeftMouseUp
[DEBUG] [2:54:40 PM] refresh.swift:57 runRefreshSessionBlocking(_:layoutWorkspaces:optimisticallyPreLayoutWorkspaces:) - REFRESH: Completed blocking refresh in 25.6ms
[DEBUG] [2:54:40 PM] RefreshDebouncer.swift:25 debounce(event:screenIsDefinitelyUnlocked:optimisticallyPreLayoutWorkspaces:) - DEBOUNCE: Using fixed delay 50.0ms for event: globalObserverLeftMouseUp
[DEBUG] [2:54:40 PM] RefreshDebouncer.swift:47 debounceWithFixedDelay(event:screenIsDefinitelyUnlocked:optimisticallyPreLayoutWorkspaces:) - DEBOUNCE: Task scheduled, will wait 50.0ms
[DEBUG] [2:54:40 PM] RefreshDebouncer.swift:58 debounceWithFixedDelay(event:screenIsDefinitelyUnlocked:optimisticallyPreLayoutWorkspaces:) - DEBOUNCE: Executing refresh after 51.61595344543457ms
[DEBUG] [2:54:40 PM] refresh.swift:51 runRefreshSessionBlocking(_:layoutWorkspaces:optimisticallyPreLayoutWorkspaces:) - REFRESH: Starting blocking refresh for event: globalObserverLeftMouseUp
[DEBUG] [2:54:40 PM] refresh.swift:57 runRefreshSessionBlocking(_:layoutWorkspaces:optimisticallyPreLayoutWorkspaces:) - REFRESH: Completed blocking refresh in 25.1ms
[DEBUG] [2:54:44 PM] RefreshDebouncer.swift:25 debounce(event:screenIsDefinitelyUnlocked:optimisticallyPreLayoutWorkspaces:) - DEBOUNCE: Using fixed delay 50.0ms for event: globalObserverLeftMouseUp
[DEBUG] [2:54:44 PM] RefreshDebouncer.swift:47 debounceWithFixedDelay(event:screenIsDefinitelyUnlocked:optimisticallyPreLayoutWorkspaces:) - DEBOUNCE: Task scheduled, will wait 50.0ms
[DEBUG] [2:54:44 PM] RefreshDebouncer.swift:58 debounceWithFixedDelay(event:screenIsDefinitelyUnlocked:optimisticallyPreLayoutWorkspaces:) - DEBOUNCE: Executing refresh after 55.07493019104004ms
[DEBUG] [2:54:44 PM] refresh.swift:51 runRefreshSessionBlocking(_:layoutWorkspaces:optimisticallyPreLayoutWorkspaces:) - REFRESH: Starting blocking refresh for event: globalObserverLeftMouseUp
[DEBUG] [2:54:44 PM] refresh.swift:57 runRefreshSessionBlocking(_:layoutWorkspaces:optimisticallyPreLayoutWorkspaces:) - REFRESH: Completed blocking refresh in 21.4ms
[DEBUG] [3:01:50 PM] RefreshDebouncer.swift:25 debounce(event:screenIsDefinitelyUnlocked:optimisticallyPreLayoutWorkspaces:) - DEBOUNCE: Using fixed delay 50.0ms for event: globalObserver(NSWorkspaceDidActivateApplicationNotification)
[DEBUG] [3:01:50 PM] RefreshDebouncer.swift:47 debounceWithFixedDelay(event:screenIsDefinitelyUnlocked:optimisticallyPreLayoutWorkspaces:) - DEBOUNCE: Task scheduled, will wait 50.0ms
[DEBUG] [3:01:50 PM] RefreshDebouncer.swift:25 debounce(event:screenIsDefinitelyUnlocked:optimisticallyPreLayoutWorkspaces:) - DEBOUNCE: Using fixed delay 50.0ms for event: ax(AXFocusedWindowChanged)
[DEBUG] [3:01:50 PM] RefreshDebouncer.swift:47 debounceWithFixedDelay(event:screenIsDefinitelyUnlocked:optimisticallyPreLayoutWorkspaces:) - DEBOUNCE: Task scheduled, will wait 50.0ms
[DEBUG] [3:01:50 PM] RefreshDebouncer.swift:54 debounceWithFixedDelay(event:screenIsDefinitelyUnlocked:optimisticallyPreLayoutWorkspaces:) - DEBOUNCE: Task cancelled after 7.902979850769043ms
[DEBUG] [3:01:50 PM] RefreshDebouncer.swift:58 debounceWithFixedDelay(event:screenIsDefinitelyUnlocked:optimisticallyPreLayoutWorkspaces:) - DEBOUNCE: Executing refresh after 52.281975746154785ms
[DEBUG] [3:01:50 PM] refresh.swift:51 runRefreshSessionBlocking(_:layoutWorkspaces:optimisticallyPreLayoutWorkspaces:) - REFRESH: Starting blocking refresh for event: ax(AXFocusedWindowChanged)
[DEBUG] [3:01:50 PM] refresh.swift:57 runRefreshSessionBlocking(_:layoutWorkspaces:optimisticallyPreLayoutWorkspaces:) - REFRESH: Completed blocking refresh in 38.4ms
[DEBUG] [3:01:50 PM] RefreshDebouncer.swift:25 debounce(event:screenIsDefinitelyUnlocked:optimisticallyPreLayoutWorkspaces:) - DEBOUNCE: Using fixed delay 50.0ms for event: globalObserverLeftMouseUp
[DEBUG] [3:01:50 PM] RefreshDebouncer.swift:47 debounceWithFixedDelay(event:screenIsDefinitelyUnlocked:optimisticallyPreLayoutWorkspaces:) - DEBOUNCE: Task scheduled, will wait 50.0ms
[DEBUG] [3:01:50 PM] RefreshDebouncer.swift:58 debounceWithFixedDelay(event:screenIsDefinitelyUnlocked:optimisticallyPreLayoutWorkspaces:) - DEBOUNCE: Executing refresh after 55.21190166473389ms
[DEBUG] [3:01:50 PM] refresh.swift:51 runRefreshSessionBlocking(_:layoutWorkspaces:optimisticallyPreLayoutWorkspaces:) - REFRESH: Starting blocking refresh for event: globalObserverLeftMouseUp
[DEBUG] [3:01:50 PM] refresh.swift:57 runRefreshSessionBlocking(_:layoutWorkspaces:optimisticallyPreLayoutWorkspaces:) - REFRESH: Completed blocking refresh in 17.4ms
[DEBUG] [3:02:03 PM] RefreshDebouncer.swift:25 debounce(event:screenIsDefinitelyUnlocked:optimisticallyPreLayoutWorkspaces:) - DEBOUNCE: Using fixed delay 50.0ms for event: globalObserver(NSWorkspaceDidActivateApplicationNotification)
[DEBUG] [3:02:03 PM] RefreshDebouncer.swift:47 debounceWithFixedDelay(event:screenIsDefinitelyUnlocked:optimisticallyPreLayoutWorkspaces:) - DEBOUNCE: Task scheduled, will wait 50.0ms
[DEBUG] [3:02:03 PM] RefreshDebouncer.swift:25 debounce(event:screenIsDefinitelyUnlocked:optimisticallyPreLayoutWorkspaces:) - DEBOUNCE: Using fixed delay 50.0ms for event: ax(AXFocusedWindowChanged)
[DEBUG] [3:02:03 PM] RefreshDebouncer.swift:47 debounceWithFixedDelay(event:screenIsDefinitelyUnlocked:optimisticallyPreLayoutWorkspaces:) - DEBOUNCE: Task scheduled, will wait 50.0ms
[DEBUG] [3:02:03 PM] RefreshDebouncer.swift:54 debounceWithFixedDelay(event:screenIsDefinitelyUnlocked:optimisticallyPreLayoutWorkspaces:) - DEBOUNCE: Task cancelled after 8.620023727416992ms
[DEBUG] [3:02:03 PM] RefreshDebouncer.swift:58 debounceWithFixedDelay(event:screenIsDefinitelyUnlocked:optimisticallyPreLayoutWorkspaces:) - DEBOUNCE: Executing refresh after 53.562045097351074ms
[DEBUG] [3:02:03 PM] refresh.swift:51 runRefreshSessionBlocking(_:layoutWorkspaces:optimisticallyPreLayoutWorkspaces:) - REFRESH: Starting blocking refresh for event: ax(AXFocusedWindowChanged)
[DEBUG] [3:02:03 PM] RefreshDebouncer.swift:25 debounce(event:screenIsDefinitelyUnlocked:optimisticallyPreLayoutWorkspaces:) - DEBOUNCE: Using fixed delay 50.0ms for event: ax(AXFocusedWindowChanged)
[DEBUG] [3:02:03 PM] RefreshDebouncer.swift:25 debounce(event:screenIsDefinitelyUnlocked:optimisticallyPreLayoutWorkspaces:) - DEBOUNCE: Using fixed delay 50.0ms for event: ax(AXFocusedWindowChanged)
[DEBUG] [3:02:03 PM] RefreshDebouncer.swift:25 debounce(event:screenIsDefinitelyUnlocked:optimisticallyPreLayoutWorkspaces:) - DEBOUNCE: Using fixed delay 50.0ms for event: ax(AXWindowCreated)
[DEBUG] [3:02:03 PM] RefreshDebouncer.swift:47 debounceWithFixedDelay(event:screenIsDefinitelyUnlocked:optimisticallyPreLayoutWorkspaces:) - DEBOUNCE: Task scheduled, will wait 50.0ms
[DEBUG] [3:02:03 PM] RefreshDebouncer.swift:47 debounceWithFixedDelay(event:screenIsDefinitelyUnlocked:optimisticallyPreLayoutWorkspaces:) - DEBOUNCE: Task scheduled, will wait 50.0ms
[DEBUG] [3:02:03 PM] RefreshDebouncer.swift:47 debounceWithFixedDelay(event:screenIsDefinitelyUnlocked:optimisticallyPreLayoutWorkspaces:) - DEBOUNCE: Task scheduled, will wait 50.0ms
[DEBUG] [3:02:03 PM] RefreshDebouncer.swift:54 debounceWithFixedDelay(event:screenIsDefinitelyUnlocked:optimisticallyPreLayoutWorkspaces:) - DEBOUNCE: Task cancelled after 0.15604496002197266ms
[DEBUG] [3:02:03 PM] RefreshDebouncer.swift:54 debounceWithFixedDelay(event:screenIsDefinitelyUnlocked:optimisticallyPreLayoutWorkspaces:) - DEBOUNCE: Task cancelled after 0.15294551849365234ms
[DEBUG] [3:02:03 PM] Command.swift:43 runCmdSeq(_:_:) - CMDSEQ: Running 1 command(s)
[DEBUG] [3:02:03 PM] Command.swift:47 runCmdSeq(_:_:) - CMDSEQ: Executing command 1/1: LayoutCommand
[DEBUG] [3:02:03 PM] LayoutCommand.swift:13 run(_:_:) - COMMAND: LayoutCommand starting - toggling between [Common.LayoutCmdArgs.LayoutDescription.floating]
[DEBUG] [3:02:03 PM] LayoutCommand.swift:24 run(_:_:) - COMMAND: Current window: 53425, parent: Optional(AppBundle.TilingContainer)
[DEBUG] [3:02:03 PM] LayoutCommand.swift:28 run(_:_:) - COMMAND: Target layout description: floating
[DEBUG] [3:02:03 PM] LayoutCommand.swift:34 run(_:_:) - COMMAND: Switching to layout: floating
[DEBUG] [3:02:03 PM] Command.swift:50 runCmdSeq(_:_:) - CMDSEQ: Command LayoutCommand returned: true
[DEBUG] [3:02:03 PM] Command.swift:53 runCmdSeq(_:_:) - CMDSEQ: Sequence completed with overall success: true
[DEBUG] [3:02:03 PM] refresh.swift:57 runRefreshSessionBlocking(_:layoutWorkspaces:optimisticallyPreLayoutWorkspaces:) - REFRESH: Completed blocking refresh in 147.3ms
[DEBUG] [3:02:03 PM] RefreshDebouncer.swift:58 debounceWithFixedDelay(event:screenIsDefinitelyUnlocked:optimisticallyPreLayoutWorkspaces:) - DEBOUNCE: Executing refresh after 54.96799945831299ms
[DEBUG] [3:02:03 PM] refresh.swift:51 runRefreshSessionBlocking(_:layoutWorkspaces:optimisticallyPreLayoutWorkspaces:) - REFRESH: Starting blocking refresh for event: ax(AXWindowCreated)
[DEBUG] [3:02:03 PM] refresh.swift:57 runRefreshSessionBlocking(_:layoutWorkspaces:optimisticallyPreLayoutWorkspaces:) - REFRESH: Completed blocking refresh in 22.2ms
[DEBUG] [3:02:04 PM] RefreshDebouncer.swift:25 debounce(event:screenIsDefinitelyUnlocked:optimisticallyPreLayoutWorkspaces:) - DEBOUNCE: Using fixed delay 50.0ms for event: ax(AXResized)
[DEBUG] [3:02:04 PM] RefreshDebouncer.swift:47 debounceWithFixedDelay(event:screenIsDefinitelyUnlocked:optimisticallyPreLayoutWorkspaces:) - DEBOUNCE: Task scheduled, will wait 50.0ms
[DEBUG] [3:02:04 PM] RefreshDebouncer.swift:25 debounce(event:screenIsDefinitelyUnlocked:optimisticallyPreLayoutWorkspaces:) - DEBOUNCE: Using fixed delay 50.0ms for event: ax(AXResized)
[DEBUG] [3:02:04 PM] RefreshDebouncer.swift:47 debounceWithFixedDelay(event:screenIsDefinitelyUnlocked:optimisticallyPreLayoutWorkspaces:) - DEBOUNCE: Task scheduled, will wait 50.0ms
[DEBUG] [3:02:04 PM] RefreshDebouncer.swift:54 debounceWithFixedDelay(event:screenIsDefinitelyUnlocked:optimisticallyPreLayoutWorkspaces:) - DEBOUNCE: Task cancelled after 13.800978660583496ms
[DEBUG] [3:02:04 PM] RefreshDebouncer.swift:25 debounce(event:screenIsDefinitelyUnlocked:optimisticallyPreLayoutWorkspaces:) - DEBOUNCE: Using fixed delay 50.0ms for event: ax(AXResized)
[DEBUG] [3:02:04 PM] RefreshDebouncer.swift:47 debounceWithFixedDelay(event:screenIsDefinitelyUnlocked:optimisticallyPreLayoutWorkspaces:) - DEBOUNCE: Task scheduled, will wait 50.0ms
[DEBUG] [3:02:04 PM] RefreshDebouncer.swift:54 debounceWithFixedDelay(event:screenIsDefinitelyUnlocked:optimisticallyPreLayoutWorkspaces:) - DEBOUNCE: Task cancelled after 12.185931205749512ms
[DEBUG] [3:02:04 PM] RefreshDebouncer.swift:25 debounce(event:screenIsDefinitelyUnlocked:optimisticallyPreLayoutWorkspaces:) - DEBOUNCE: Using fixed delay 50.0ms for event: ax(AXResized)
[DEBUG] [3:02:04 PM] RefreshDebouncer.swift:47 debounceWithFixedDelay(event:screenIsDefinitelyUnlocked:optimisticallyPreLayoutWorkspaces:) - DEBOUNCE: Task scheduled, will wait 50.0ms
[DEBUG] [3:02:04 PM] RefreshDebouncer.swift:54 debounceWithFixedDelay(event:screenIsDefinitelyUnlocked:optimisticallyPreLayoutWorkspaces:) - DEBOUNCE: Task cancelled after 13.139009475708008ms
[DEBUG] [3:02:04 PM] RefreshDebouncer.swift:25 debounce(event:screenIsDefinitelyUnlocked:optimisticallyPreLayoutWorkspaces:) - DEBOUNCE: Using fixed delay 50.0ms for event: ax(AXResized)
[DEBUG] [3:02:04 PM] RefreshDebouncer.swift:47 debounceWithFixedDelay(event:screenIsDefinitelyUnlocked:optimisticallyPreLayoutWorkspaces:) - DEBOUNCE: Task scheduled, will wait 50.0ms
[DEBUG] [3:02:04 PM] RefreshDebouncer.swift:54 debounceWithFixedDelay(event:screenIsDefinitelyUnlocked:optimisticallyPreLayoutWorkspaces:) - DEBOUNCE: Task cancelled after 14.910101890563965ms
[DEBUG] [3:02:04 PM] RefreshDebouncer.swift:25 debounce(event:screenIsDefinitelyUnlocked:optimisticallyPreLayoutWorkspaces:) - DEBOUNCE: Using fixed delay 50.0ms for event: ax(AXResized)
[DEBUG] [3:02:04 PM] RefreshDebouncer.swift:47 debounceWithFixedDelay(event:screenIsDefinitelyUnlocked:optimisticallyPreLayoutWorkspaces:) - DEBOUNCE: Task scheduled, will wait 50.0ms
[DEBUG] [3:02:04 PM] RefreshDebouncer.swift:54 debounceWithFixedDelay(event:screenIsDefinitelyUnlocked:optimisticallyPreLayoutWorkspaces:) - DEBOUNCE: Task cancelled after 10.34700870513916ms
[DEBUG] [3:02:04 PM] RefreshDebouncer.swift:25 debounce(event:screenIsDefinitelyUnlocked:optimisticallyPreLayoutWorkspaces:) - DEBOUNCE: Using fixed delay 50.0ms for event: ax(AXResized)
[DEBUG] [3:02:04 PM] RefreshDebouncer.swift:47 debounceWithFixedDelay(event:screenIsDefinitelyUnlocked:optimisticallyPreLayoutWorkspaces:) - DEBOUNCE: Task scheduled, will wait 50.0ms
[DEBUG] [3:02:04 PM] RefreshDebouncer.swift:54 debounceWithFixedDelay(event:screenIsDefinitelyUnlocked:optimisticallyPreLayoutWorkspaces:) - DEBOUNCE: Task cancelled after 10.17308235168457ms
[DEBUG] [3:02:04 PM] RefreshDebouncer.swift:25 debounce(event:screenIsDefinitelyUnlocked:optimisticallyPreLayoutWorkspaces:) - DEBOUNCE: Using fixed delay 50.0ms for event: ax(AXResized)
[DEBUG] [3:02:04 PM] RefreshDebouncer.swift:54 debounceWithFixedDelay(event:screenIsDefinitelyUnlocked:optimisticallyPreLayoutWorkspaces:) - DEBOUNCE: Task cancelled after 12.537956237792969ms
[DEBUG] [3:02:04 PM] RefreshDebouncer.swift:47 debounceWithFixedDelay(event:screenIsDefinitelyUnlocked:optimisticallyPreLayoutWorkspaces:) - DEBOUNCE: Task scheduled, will wait 50.0ms
[DEBUG] [3:02:04 PM] RefreshDebouncer.swift:25 debounce(event:screenIsDefinitelyUnlocked:optimisticallyPreLayoutWorkspaces:) - DEBOUNCE: Using fixed delay 50.0ms for event: ax(AXResized)
[DEBUG] [3:02:04 PM] RefreshDebouncer.swift:47 debounceWithFixedDelay(event:screenIsDefinitelyUnlocked:optimisticallyPreLayoutWorkspaces:) - DEBOUNCE: Task scheduled, will wait 50.0ms
[DEBUG] [3:02:04 PM] RefreshDebouncer.swift:54 debounceWithFixedDelay(event:screenIsDefinitelyUnlocked:optimisticallyPreLayoutWorkspaces:) - DEBOUNCE: Task cancelled after 9.657979011535645ms
[DEBUG] [3:02:04 PM] RefreshDebouncer.swift:25 debounce(event:screenIsDefinitelyUnlocked:optimisticallyPreLayoutWorkspaces:) - DEBOUNCE: Using fixed delay 50.0ms for event: ax(AXResized)
[DEBUG] [3:02:04 PM] RefreshDebouncer.swift:47 debounceWithFixedDelay(event:screenIsDefinitelyUnlocked:optimisticallyPreLayoutWorkspaces:) - DEBOUNCE: Task scheduled, will wait 50.0ms
[DEBUG] [3:02:04 PM] RefreshDebouncer.swift:54 debounceWithFixedDelay(event:screenIsDefinitelyUnlocked:optimisticallyPreLayoutWorkspaces:) - DEBOUNCE: Task cancelled after 9.127974510192871ms
[DEBUG] [3:02:04 PM] RefreshDebouncer.swift:25 debounce(event:screenIsDefinitelyUnlocked:optimisticallyPreLayoutWorkspaces:) - DEBOUNCE: Using fixed delay 50.0ms for event: ax(AXResized)
[DEBUG] [3:02:04 PM] RefreshDebouncer.swift:47 debounceWithFixedDelay(event:screenIsDefinitelyUnlocked:optimisticallyPreLayoutWorkspaces:) - DEBOUNCE: Task scheduled, will wait 50.0ms
[DEBUG] [3:02:04 PM] RefreshDebouncer.swift:54 debounceWithFixedDelay(event:screenIsDefinitelyUnlocked:optimisticallyPreLayoutWorkspaces:) - DEBOUNCE: Task cancelled after 9.959936141967773ms
[DEBUG] [3:02:04 PM] RefreshDebouncer.swift:25 debounce(event:screenIsDefinitelyUnlocked:optimisticallyPreLayoutWorkspaces:) - DEBOUNCE: Using fixed delay 50.0ms for event: ax(AXResized)
[DEBUG] [3:02:04 PM] RefreshDebouncer.swift:47 debounceWithFixedDelay(event:screenIsDefinitelyUnlocked:optimisticallyPreLayoutWorkspaces:) - DEBOUNCE: Task scheduled, will wait 50.0ms
[DEBUG] [3:02:04 PM] RefreshDebouncer.swift:54 debounceWithFixedDelay(event:screenIsDefinitelyUnlocked:optimisticallyPreLayoutWorkspaces:) - DEBOUNCE: Task cancelled after 5.427956581115723ms
[DEBUG] [3:02:04 PM] RefreshDebouncer.swift:25 debounce(event:screenIsDefinitelyUnlocked:optimisticallyPreLayoutWorkspaces:) - DEBOUNCE: Using fixed delay 50.0ms for event: ax(AXResized)
[DEBUG] [3:02:04 PM] RefreshDebouncer.swift:47 debounceWithFixedDelay(event:screenIsDefinitelyUnlocked:optimisticallyPreLayoutWorkspaces:) - DEBOUNCE: Task scheduled, will wait 50.0ms
[DEBUG] [3:02:04 PM] RefreshDebouncer.swift:54 debounceWithFixedDelay(event:screenIsDefinitelyUnlocked:optimisticallyPreLayoutWorkspaces:) - DEBOUNCE: Task cancelled after 2.581000328063965ms
[DEBUG] [3:02:05 PM] RefreshDebouncer.swift:58 debounceWithFixedDelay(event:screenIsDefinitelyUnlocked:optimisticallyPreLayoutWorkspaces:) - DEBOUNCE: Executing refresh after 50.57704448699951ms
[DEBUG] [3:02:05 PM] refresh.swift:51 runRefreshSessionBlocking(_:layoutWorkspaces:optimisticallyPreLayoutWorkspaces:) - REFRESH: Starting blocking refresh for event: ax(AXResized)
[DEBUG] [3:02:05 PM] refresh.swift:57 runRefreshSessionBlocking(_:layoutWorkspaces:optimisticallyPreLayoutWorkspaces:) - REFRESH: Completed blocking refresh in 29.3ms
[DEBUG] [3:02:05 PM] RefreshDebouncer.swift:25 debounce(event:screenIsDefinitelyUnlocked:optimisticallyPreLayoutWorkspaces:) - DEBOUNCE: Using fixed delay 50.0ms for event: ax(AXResized)
[DEBUG] [3:02:05 PM] RefreshDebouncer.swift:47 debounceWithFixedDelay(event:screenIsDefinitelyUnlocked:optimisticallyPreLayoutWorkspaces:) - DEBOUNCE: Task scheduled, will wait 50.0ms
[DEBUG] [3:02:05 PM] RefreshDebouncer.swift:25 debounce(event:screenIsDefinitelyUnlocked:optimisticallyPreLayoutWorkspaces:) - DEBOUNCE: Using fixed delay 50.0ms for event: ax(AXResized)
[DEBUG] [3:02:05 PM] RefreshDebouncer.swift:47 debounceWithFixedDelay(event:screenIsDefinitelyUnlocked:optimisticallyPreLayoutWorkspaces:) - DEBOUNCE: Task scheduled, will wait 50.0ms
[DEBUG] [3:02:05 PM] RefreshDebouncer.swift:54 debounceWithFixedDelay(event:screenIsDefinitelyUnlocked:optimisticallyPreLayoutWorkspaces:) - DEBOUNCE: Task cancelled after 10.655045509338379ms
[DEBUG] [3:02:05 PM] RefreshDebouncer.swift:25 debounce(event:screenIsDefinitelyUnlocked:optimisticallyPreLayoutWorkspaces:) - DEBOUNCE: Using fixed delay 50.0ms for event: ax(AXResized)
[DEBUG] [3:02:05 PM] RefreshDebouncer.swift:47 debounceWithFixedDelay(event:screenIsDefinitelyUnlocked:optimisticallyPreLayoutWorkspaces:) - DEBOUNCE: Task scheduled, will wait 50.0ms
[DEBUG] [3:02:05 PM] RefreshDebouncer.swift:54 debounceWithFixedDelay(event:screenIsDefinitelyUnlocked:optimisticallyPreLayoutWorkspaces:) - DEBOUNCE: Task cancelled after 10.34402847290039ms
[DEBUG] [3:02:05 PM] RefreshDebouncer.swift:25 debounce(event:screenIsDefinitelyUnlocked:optimisticallyPreLayoutWorkspaces:) - DEBOUNCE: Using fixed delay 50.0ms for event: ax(AXResized)
[DEBUG] [3:02:05 PM] RefreshDebouncer.swift:47 debounceWithFixedDelay(event:screenIsDefinitelyUnlocked:optimisticallyPreLayoutWorkspaces:) - DEBOUNCE: Task scheduled, will wait 50.0ms
[DEBUG] [3:02:05 PM] RefreshDebouncer.swift:54 debounceWithFixedDelay(event:screenIsDefinitelyUnlocked:optimisticallyPreLayoutWorkspaces:) - DEBOUNCE: Task cancelled after 9.952068328857422ms
[DEBUG] [3:02:05 PM] RefreshDebouncer.swift:25 debounce(event:screenIsDefinitelyUnlocked:optimisticallyPreLayoutWorkspaces:) - DEBOUNCE: Using fixed delay 50.0ms for event: ax(AXResized)
[DEBUG] [3:02:05 PM] RefreshDebouncer.swift:47 debounceWithFixedDelay(event:screenIsDefinitelyUnlocked:optimisticallyPreLayoutWorkspaces:) - DEBOUNCE: Task scheduled, will wait 50.0ms
[DEBUG] [3:02:05 PM] RefreshDebouncer.swift:54 debounceWithFixedDelay(event:screenIsDefinitelyUnlocked:optimisticallyPreLayoutWorkspaces:) - DEBOUNCE: Task cancelled after 10.169029235839844ms
[DEBUG] [3:02:05 PM] RefreshDebouncer.swift:25 debounce(event:screenIsDefinitelyUnlocked:optimisticallyPreLayoutWorkspaces:) - DEBOUNCE: Using fixed delay 50.0ms for event: ax(AXResized)
[DEBUG] [3:02:05 PM] RefreshDebouncer.swift:47 debounceWithFixedDelay(event:screenIsDefinitelyUnlocked:optimisticallyPreLayoutWorkspaces:) - DEBOUNCE: Task scheduled, will wait 50.0ms
[DEBUG] [3:02:05 PM] RefreshDebouncer.swift:54 debounceWithFixedDelay(event:screenIsDefinitelyUnlocked:optimisticallyPreLayoutWorkspaces:) - DEBOUNCE: Task cancelled after 9.479999542236328ms
[DEBUG] [3:02:05 PM] RefreshDebouncer.swift:58 debounceWithFixedDelay(event:screenIsDefinitelyUnlocked:optimisticallyPreLayoutWorkspaces:) - DEBOUNCE: Executing refresh after 50.96399784088135ms
[DEBUG] [3:02:05 PM] refresh.swift:51 runRefreshSessionBlocking(_:layoutWorkspaces:optimisticallyPreLayoutWorkspaces:) - REFRESH: Starting blocking refresh for event: ax(AXResized)
[DEBUG] [3:02:05 PM] refresh.swift:57 runRefreshSessionBlocking(_:layoutWorkspaces:optimisticallyPreLayoutWorkspaces:) - REFRESH: Completed blocking refresh in 29.7ms
[DEBUG] [3:02:06 PM] RefreshDebouncer.swift:25 debounce(event:screenIsDefinitelyUnlocked:optimisticallyPreLayoutWorkspaces:) - DEBOUNCE: Using fixed delay 50.0ms for event: globalObserverLeftMouseUp
[DEBUG] [3:02:06 PM] RefreshDebouncer.swift:47 debounceWithFixedDelay(event:screenIsDefinitelyUnlocked:optimisticallyPreLayoutWorkspaces:) - DEBOUNCE: Task scheduled, will wait 50.0ms
[DEBUG] [3:02:06 PM] RefreshDebouncer.swift:58 debounceWithFixedDelay(event:screenIsDefinitelyUnlocked:optimisticallyPreLayoutWorkspaces:) - DEBOUNCE: Executing refresh after 54.556965827941895ms
[DEBUG] [3:02:06 PM] refresh.swift:51 runRefreshSessionBlocking(_:layoutWorkspaces:optimisticallyPreLayoutWorkspaces:) - REFRESH: Starting blocking refresh for event: globalObserverLeftMouseUp
[DEBUG] [3:02:06 PM] refresh.swift:57 runRefreshSessionBlocking(_:layoutWorkspaces:optimisticallyPreLayoutWorkspaces:) - REFRESH: Completed blocking refresh in 81.6ms
[DEBUG] [3:02:07 PM] RefreshDebouncer.swift:25 debounce(event:screenIsDefinitelyUnlocked:optimisticallyPreLayoutWorkspaces:) - DEBOUNCE: Using fixed delay 50.0ms for event: globalObserverLeftMouseUp
[DEBUG] [3:02:07 PM] RefreshDebouncer.swift:47 debounceWithFixedDelay(event:screenIsDefinitelyUnlocked:optimisticallyPreLayoutWorkspaces:) - DEBOUNCE: Task scheduled, will wait 50.0ms
[DEBUG] [3:02:07 PM] RefreshDebouncer.swift:58 debounceWithFixedDelay(event:screenIsDefinitelyUnlocked:optimisticallyPreLayoutWorkspaces:) - DEBOUNCE: Executing refresh after 54.621100425720215ms
[DEBUG] [3:02:07 PM] refresh.swift:51 runRefreshSessionBlocking(_:layoutWorkspaces:optimisticallyPreLayoutWorkspaces:) - REFRESH: Starting blocking refresh for event: globalObserverLeftMouseUp
[DEBUG] [3:02:07 PM] refresh.swift:57 runRefreshSessionBlocking(_:layoutWorkspaces:optimisticallyPreLayoutWorkspaces:) - REFRESH: Completed blocking refresh in 29.4ms
[DEBUG] [3:02:07 PM] RefreshDebouncer.swift:25 debounce(event:screenIsDefinitelyUnlocked:optimisticallyPreLayoutWorkspaces:) - DEBOUNCE: Using fixed delay 50.0ms for event: globalObserverLeftMouseUp
[DEBUG] [3:02:07 PM] RefreshDebouncer.swift:47 debounceWithFixedDelay(event:screenIsDefinitelyUnlocked:optimisticallyPreLayoutWorkspaces:) - DEBOUNCE: Task scheduled, will wait 50.0ms
[DEBUG] [3:02:07 PM] RefreshDebouncer.swift:58 debounceWithFixedDelay(event:screenIsDefinitelyUnlocked:optimisticallyPreLayoutWorkspaces:) - DEBOUNCE: Executing refresh after 52.74605751037598ms
[DEBUG] [3:02:07 PM] refresh.swift:51 runRefreshSessionBlocking(_:layoutWorkspaces:optimisticallyPreLayoutWorkspaces:) - REFRESH: Starting blocking refresh for event: globalObserverLeftMouseUp
[DEBUG] [3:02:07 PM] refresh.swift:57 runRefreshSessionBlocking(_:layoutWorkspaces:optimisticallyPreLayoutWorkspaces:) - REFRESH: Completed blocking refresh in 72.0ms
[DEBUG] [3:02:09 PM] RefreshDebouncer.swift:25 debounce(event:screenIsDefinitelyUnlocked:optimisticallyPreLayoutWorkspaces:) - DEBOUNCE: Using fixed delay 50.0ms for event: globalObserverLeftMouseUp
[DEBUG] [3:02:09 PM] RefreshDebouncer.swift:47 debounceWithFixedDelay(event:screenIsDefinitelyUnlocked:optimisticallyPreLayoutWorkspaces:) - DEBOUNCE: Task scheduled, will wait 50.0ms
[DEBUG] [3:02:09 PM] RefreshDebouncer.swift:58 debounceWithFixedDelay(event:screenIsDefinitelyUnlocked:optimisticallyPreLayoutWorkspaces:) - DEBOUNCE: Executing refresh after 55.24897575378418ms
[DEBUG] [3:02:09 PM] refresh.swift:51 runRefreshSessionBlocking(_:layoutWorkspaces:optimisticallyPreLayoutWorkspaces:) - REFRESH: Starting blocking refresh for event: globalObserverLeftMouseUp
[DEBUG] [3:02:09 PM] refresh.swift:57 runRefreshSessionBlocking(_:layoutWorkspaces:optimisticallyPreLayoutWorkspaces:) - REFRESH: Completed blocking refresh in 26.9ms
[DEBUG] [3:02:09 PM] RefreshDebouncer.swift:25 debounce(event:screenIsDefinitelyUnlocked:optimisticallyPreLayoutWorkspaces:) - DEBOUNCE: Using fixed delay 50.0ms for event: globalObserverLeftMouseUp
[DEBUG] [3:02:09 PM] RefreshDebouncer.swift:47 debounceWithFixedDelay(event:screenIsDefinitelyUnlocked:optimisticallyPreLayoutWorkspaces:) - DEBOUNCE: Task scheduled, will wait 50.0ms
[DEBUG] [3:02:09 PM] RefreshDebouncer.swift:58 debounceWithFixedDelay(event:screenIsDefinitelyUnlocked:optimisticallyPreLayoutWorkspaces:) - DEBOUNCE: Executing refresh after 54.47804927825928ms
[DEBUG] [3:02:09 PM] refresh.swift:51 runRefreshSessionBlocking(_:layoutWorkspaces:optimisticallyPreLayoutWorkspaces:) - REFRESH: Starting blocking refresh for event: globalObserverLeftMouseUp
[DEBUG] [3:02:09 PM] refresh.swift:57 runRefreshSessionBlocking(_:layoutWorkspaces:optimisticallyPreLayoutWorkspaces:) - REFRESH: Completed blocking refresh in 28.1ms
[DEBUG] [3:02:11 PM] RefreshDebouncer.swift:25 debounce(event:screenIsDefinitelyUnlocked:optimisticallyPreLayoutWorkspaces:) - DEBOUNCE: Using fixed delay 50.0ms for event: globalObserverLeftMouseUp
[DEBUG] [3:02:11 PM] RefreshDebouncer.swift:47 debounceWithFixedDelay(event:screenIsDefinitelyUnlocked:optimisticallyPreLayoutWorkspaces:) - DEBOUNCE: Task scheduled, will wait 50.0ms
[DEBUG] [3:02:11 PM] RefreshDebouncer.swift:58 debounceWithFixedDelay(event:screenIsDefinitelyUnlocked:optimisticallyPreLayoutWorkspaces:) - DEBOUNCE: Executing refresh after 52.648067474365234ms
[DEBUG] [3:02:11 PM] refresh.swift:51 runRefreshSessionBlocking(_:layoutWorkspaces:optimisticallyPreLayoutWorkspaces:) - REFRESH: Starting blocking refresh for event: globalObserverLeftMouseUp
[DEBUG] [3:02:11 PM] refresh.swift:57 runRefreshSessionBlocking(_:layoutWorkspaces:optimisticallyPreLayoutWorkspaces:) - REFRESH: Completed blocking refresh in 31.2ms
[DEBUG] [3:02:11 PM] RefreshDebouncer.swift:25 debounce(event:screenIsDefinitelyUnlocked:optimisticallyPreLayoutWorkspaces:) - DEBOUNCE: Using fixed delay 50.0ms for event: globalObserverLeftMouseUp
[DEBUG] [3:02:11 PM] RefreshDebouncer.swift:47 debounceWithFixedDelay(event:screenIsDefinitelyUnlocked:optimisticallyPreLayoutWorkspaces:) - DEBOUNCE: Task scheduled, will wait 50.0ms
[DEBUG] [3:02:11 PM] RefreshDebouncer.swift:58 debounceWithFixedDelay(event:screenIsDefinitelyUnlocked:optimisticallyPreLayoutWorkspaces:) - DEBOUNCE: Executing refresh after 51.28002166748047ms
[DEBUG] [3:02:11 PM] refresh.swift:51 runRefreshSessionBlocking(_:layoutWorkspaces:optimisticallyPreLayoutWorkspaces:) - REFRESH: Starting blocking refresh for event: globalObserverLeftMouseUp
[DEBUG] [3:02:11 PM] refresh.swift:57 runRefreshSessionBlocking(_:layoutWorkspaces:optimisticallyPreLayoutWorkspaces:) - REFRESH: Completed blocking refresh in 39.4ms
[DEBUG] [3:02:15 PM] RefreshDebouncer.swift:25 debounce(event:screenIsDefinitelyUnlocked:optimisticallyPreLayoutWorkspaces:) - DEBOUNCE: Using fixed delay 50.0ms for event: globalObserverLeftMouseUp
[DEBUG] [3:02:15 PM] RefreshDebouncer.swift:47 debounceWithFixedDelay(event:screenIsDefinitelyUnlocked:optimisticallyPreLayoutWorkspaces:) - DEBOUNCE: Task scheduled, will wait 50.0ms
[DEBUG] [3:02:15 PM] RefreshDebouncer.swift:58 debounceWithFixedDelay(event:screenIsDefinitelyUnlocked:optimisticallyPreLayoutWorkspaces:) - DEBOUNCE: Executing refresh after 52.43206024169922ms
[DEBUG] [3:02:15 PM] refresh.swift:51 runRefreshSessionBlocking(_:layoutWorkspaces:optimisticallyPreLayoutWorkspaces:) - REFRESH: Starting blocking refresh for event: globalObserverLeftMouseUp
[DEBUG] [3:02:15 PM] refresh.swift:57 runRefreshSessionBlocking(_:layoutWorkspaces:optimisticallyPreLayoutWorkspaces:) - REFRESH: Completed blocking refresh in 74.2ms
[DEBUG] [3:02:15 PM] RefreshDebouncer.swift:25 debounce(event:screenIsDefinitelyUnlocked:optimisticallyPreLayoutWorkspaces:) - DEBOUNCE: Using fixed delay 50.0ms for event: globalObserverLeftMouseUp
[DEBUG] [3:02:15 PM] RefreshDebouncer.swift:47 debounceWithFixedDelay(event:screenIsDefinitelyUnlocked:optimisticallyPreLayoutWorkspaces:) - DEBOUNCE: Task scheduled, will wait 50.0ms
[DEBUG] [3:02:15 PM] RefreshDebouncer.swift:58 debounceWithFixedDelay(event:screenIsDefinitelyUnlocked:optimisticallyPreLayoutWorkspaces:) - DEBOUNCE: Executing refresh after 52.088022232055664ms
[DEBUG] [3:02:15 PM] refresh.swift:51 runRefreshSessionBlocking(_:layoutWorkspaces:optimisticallyPreLayoutWorkspaces:) - REFRESH: Starting blocking refresh for event: globalObserverLeftMouseUp
[DEBUG] [3:02:15 PM] refresh.swift:57 runRefreshSessionBlocking(_:layoutWorkspaces:optimisticallyPreLayoutWorkspaces:) - REFRESH: Completed blocking refresh in 31.9ms
[DEBUG] [3:02:16 PM] RefreshDebouncer.swift:25 debounce(event:screenIsDefinitelyUnlocked:optimisticallyPreLayoutWorkspaces:) - DEBOUNCE: Using fixed delay 50.0ms for event: globalObserverLeftMouseUp
[DEBUG] [3:02:16 PM] RefreshDebouncer.swift:47 debounceWithFixedDelay(event:screenIsDefinitelyUnlocked:optimisticallyPreLayoutWorkspaces:) - DEBOUNCE: Task scheduled, will wait 50.0ms
[DEBUG] [3:02:16 PM] RefreshDebouncer.swift:58 debounceWithFixedDelay(event:screenIsDefinitelyUnlocked:optimisticallyPreLayoutWorkspaces:) - DEBOUNCE: Executing refresh after 55.41503429412842ms
[DEBUG] [3:02:16 PM] refresh.swift:51 runRefreshSessionBlocking(_:layoutWorkspaces:optimisticallyPreLayoutWorkspaces:) - REFRESH: Starting blocking refresh for event: globalObserverLeftMouseUp
[DEBUG] [3:02:16 PM] refresh.swift:57 runRefreshSessionBlocking(_:layoutWorkspaces:optimisticallyPreLayoutWorkspaces:) - REFRESH: Completed blocking refresh in 27.6ms
[DEBUG] [3:02:16 PM] RefreshDebouncer.swift:25 debounce(event:screenIsDefinitelyUnlocked:optimisticallyPreLayoutWorkspaces:) - DEBOUNCE: Using fixed delay 50.0ms for event: globalObserverLeftMouseUp
[DEBUG] [3:02:16 PM] RefreshDebouncer.swift:47 debounceWithFixedDelay(event:screenIsDefinitelyUnlocked:optimisticallyPreLayoutWorkspaces:) - DEBOUNCE: Task scheduled, will wait 50.0ms
[DEBUG] [3:02:16 PM] RefreshDebouncer.swift:58 debounceWithFixedDelay(event:screenIsDefinitelyUnlocked:optimisticallyPreLayoutWorkspaces:) - DEBOUNCE: Executing refresh after 51.635026931762695ms
[DEBUG] [3:02:16 PM] refresh.swift:51 runRefreshSessionBlocking(_:layoutWorkspaces:optimisticallyPreLayoutWorkspaces:) - REFRESH: Starting blocking refresh for event: globalObserverLeftMouseUp
[DEBUG] [3:02:16 PM] refresh.swift:57 runRefreshSessionBlocking(_:layoutWorkspaces:optimisticallyPreLayoutWorkspaces:) - REFRESH: Completed blocking refresh in 25.9ms
[DEBUG] [3:02:17 PM] RefreshDebouncer.swift:25 debounce(event:screenIsDefinitelyUnlocked:optimisticallyPreLayoutWorkspaces:) - DEBOUNCE: Using fixed delay 50.0ms for event: globalObserverLeftMouseUp
[DEBUG] [3:02:17 PM] RefreshDebouncer.swift:47 debounceWithFixedDelay(event:screenIsDefinitelyUnlocked:optimisticallyPreLayoutWorkspaces:) - DEBOUNCE: Task scheduled, will wait 50.0ms
[DEBUG] [3:02:17 PM] RefreshDebouncer.swift:58 debounceWithFixedDelay(event:screenIsDefinitelyUnlocked:optimisticallyPreLayoutWorkspaces:) - DEBOUNCE: Executing refresh after 55.050015449523926ms
[DEBUG] [3:02:17 PM] refresh.swift:51 runRefreshSessionBlocking(_:layoutWorkspaces:optimisticallyPreLayoutWorkspaces:) - REFRESH: Starting blocking refresh for event: globalObserverLeftMouseUp
[DEBUG] [3:02:17 PM] refresh.swift:57 runRefreshSessionBlocking(_:layoutWorkspaces:optimisticallyPreLayoutWorkspaces:) - REFRESH: Completed blocking refresh in 29.1ms
[DEBUG] [3:02:18 PM] RefreshDebouncer.swift:25 debounce(event:screenIsDefinitelyUnlocked:optimisticallyPreLayoutWorkspaces:) - DEBOUNCE: Using fixed delay 50.0ms for event: globalObserverLeftMouseUp
[DEBUG] [3:02:18 PM] RefreshDebouncer.swift:47 debounceWithFixedDelay(event:screenIsDefinitelyUnlocked:optimisticallyPreLayoutWorkspaces:) - DEBOUNCE: Task scheduled, will wait 50.0ms
[DEBUG] [3:02:18 PM] RefreshDebouncer.swift:58 debounceWithFixedDelay(event:screenIsDefinitelyUnlocked:optimisticallyPreLayoutWorkspaces:) - DEBOUNCE: Executing refresh after 55.13894557952881ms
[DEBUG] [3:02:18 PM] refresh.swift:51 runRefreshSessionBlocking(_:layoutWorkspaces:optimisticallyPreLayoutWorkspaces:) - REFRESH: Starting blocking refresh for event: globalObserverLeftMouseUp
[DEBUG] [3:02:18 PM] refresh.swift:57 runRefreshSessionBlocking(_:layoutWorkspaces:optimisticallyPreLayoutWorkspaces:) - REFRESH: Completed blocking refresh in 56.8ms
[DEBUG] [3:02:20 PM] RefreshDebouncer.swift:25 debounce(event:screenIsDefinitelyUnlocked:optimisticallyPreLayoutWorkspaces:) - DEBOUNCE: Using fixed delay 50.0ms for event: globalObserverLeftMouseUp
[DEBUG] [3:02:20 PM] RefreshDebouncer.swift:47 debounceWithFixedDelay(event:screenIsDefinitelyUnlocked:optimisticallyPreLayoutWorkspaces:) - DEBOUNCE: Task scheduled, will wait 50.0ms
[DEBUG] [3:02:20 PM] RefreshDebouncer.swift:58 debounceWithFixedDelay(event:screenIsDefinitelyUnlocked:optimisticallyPreLayoutWorkspaces:) - DEBOUNCE: Executing refresh after 50.65202713012695ms
[DEBUG] [3:02:20 PM] refresh.swift:51 runRefreshSessionBlocking(_:layoutWorkspaces:optimisticallyPreLayoutWorkspaces:) - REFRESH: Starting blocking refresh for event: globalObserverLeftMouseUp
[DEBUG] [3:02:20 PM] refresh.swift:57 runRefreshSessionBlocking(_:layoutWorkspaces:optimisticallyPreLayoutWorkspaces:) - REFRESH: Completed blocking refresh in 36.0ms
[DEBUG] [3:02:25 PM] RefreshDebouncer.swift:25 debounce(event:screenIsDefinitelyUnlocked:optimisticallyPreLayoutWorkspaces:) - DEBOUNCE: Using fixed delay 50.0ms for event: globalObserverLeftMouseUp
[DEBUG] [3:02:25 PM] RefreshDebouncer.swift:47 debounceWithFixedDelay(event:screenIsDefinitelyUnlocked:optimisticallyPreLayoutWorkspaces:) - DEBOUNCE: Task scheduled, will wait 50.0ms
[DEBUG] [3:02:25 PM] RefreshDebouncer.swift:58 debounceWithFixedDelay(event:screenIsDefinitelyUnlocked:optimisticallyPreLayoutWorkspaces:) - DEBOUNCE: Executing refresh after 52.459001541137695ms
[DEBUG] [3:02:25 PM] refresh.swift:51 runRefreshSessionBlocking(_:layoutWorkspaces:optimisticallyPreLayoutWorkspaces:) - REFRESH: Starting blocking refresh for event: globalObserverLeftMouseUp
[DEBUG] [3:02:25 PM] refresh.swift:57 runRefreshSessionBlocking(_:layoutWorkspaces:optimisticallyPreLayoutWorkspaces:) - REFRESH: Completed blocking refresh in 27.3ms
[DEBUG] [3:02:25 PM] RefreshDebouncer.swift:25 debounce(event:screenIsDefinitelyUnlocked:optimisticallyPreLayoutWorkspaces:) - DEBOUNCE: Using fixed delay 50.0ms for event: globalObserverLeftMouseUp
[DEBUG] [3:02:25 PM] RefreshDebouncer.swift:47 debounceWithFixedDelay(event:screenIsDefinitelyUnlocked:optimisticallyPreLayoutWorkspaces:) - DEBOUNCE: Task scheduled, will wait 50.0ms
[DEBUG] [3:02:25 PM] RefreshDebouncer.swift:58 debounceWithFixedDelay(event:screenIsDefinitelyUnlocked:optimisticallyPreLayoutWorkspaces:) - DEBOUNCE: Executing refresh after 52.70195007324219ms
[DEBUG] [3:02:25 PM] refresh.swift:51 runRefreshSessionBlocking(_:layoutWorkspaces:optimisticallyPreLayoutWorkspaces:) - REFRESH: Starting blocking refresh for event: globalObserverLeftMouseUp
[DEBUG] [3:02:25 PM] refresh.swift:57 runRefreshSessionBlocking(_:layoutWorkspaces:optimisticallyPreLayoutWorkspaces:) - REFRESH: Completed blocking refresh in 30.5ms
[DEBUG] [3:02:25 PM] RefreshDebouncer.swift:25 debounce(event:screenIsDefinitelyUnlocked:optimisticallyPreLayoutWorkspaces:) - DEBOUNCE: Using fixed delay 50.0ms for event: globalObserverLeftMouseUp
[DEBUG] [3:02:25 PM] RefreshDebouncer.swift:47 debounceWithFixedDelay(event:screenIsDefinitelyUnlocked:optimisticallyPreLayoutWorkspaces:) - DEBOUNCE: Task scheduled, will wait 50.0ms
[DEBUG] [3:02:25 PM] RefreshDebouncer.swift:58 debounceWithFixedDelay(event:screenIsDefinitelyUnlocked:optimisticallyPreLayoutWorkspaces:) - DEBOUNCE: Executing refresh after 55.175065994262695ms
[DEBUG] [3:02:25 PM] refresh.swift:51 runRefreshSessionBlocking(_:layoutWorkspaces:optimisticallyPreLayoutWorkspaces:) - REFRESH: Starting blocking refresh for event: globalObserverLeftMouseUp
[DEBUG] [3:02:26 PM] refresh.swift:57 runRefreshSessionBlocking(_:layoutWorkspaces:optimisticallyPreLayoutWorkspaces:) - REFRESH: Completed blocking refresh in 159.6ms
[DEBUG] [3:02:27 PM] RefreshDebouncer.swift:25 debounce(event:screenIsDefinitelyUnlocked:optimisticallyPreLayoutWorkspaces:) - DEBOUNCE: Using fixed delay 50.0ms for event: globalObserverLeftMouseUp
[DEBUG] [3:02:27 PM] RefreshDebouncer.swift:47 debounceWithFixedDelay(event:screenIsDefinitelyUnlocked:optimisticallyPreLayoutWorkspaces:) - DEBOUNCE: Task scheduled, will wait 50.0ms
[DEBUG] [3:02:27 PM] RefreshDebouncer.swift:58 debounceWithFixedDelay(event:screenIsDefinitelyUnlocked:optimisticallyPreLayoutWorkspaces:) - DEBOUNCE: Executing refresh after 51.46300792694092ms
[DEBUG] [3:02:27 PM] refresh.swift:51 runRefreshSessionBlocking(_:layoutWorkspaces:optimisticallyPreLayoutWorkspaces:) - REFRESH: Starting blocking refresh for event: globalObserverLeftMouseUp
[DEBUG] [3:02:27 PM] refresh.swift:57 runRefreshSessionBlocking(_:layoutWorkspaces:optimisticallyPreLayoutWorkspaces:) - REFRESH: Completed blocking refresh in 31.1ms
[DEBUG] [3:02:28 PM] RefreshDebouncer.swift:25 debounce(event:screenIsDefinitelyUnlocked:optimisticallyPreLayoutWorkspaces:) - DEBOUNCE: Using fixed delay 50.0ms for event: globalObserverLeftMouseUp
[DEBUG] [3:02:28 PM] RefreshDebouncer.swift:47 debounceWithFixedDelay(event:screenIsDefinitelyUnlocked:optimisticallyPreLayoutWorkspaces:) - DEBOUNCE: Task scheduled, will wait 50.0ms
[DEBUG] [3:02:28 PM] RefreshDebouncer.swift:58 debounceWithFixedDelay(event:screenIsDefinitelyUnlocked:optimisticallyPreLayoutWorkspaces:) - DEBOUNCE: Executing refresh after 52.420973777770996ms
[DEBUG] [3:02:28 PM] refresh.swift:51 runRefreshSessionBlocking(_:layoutWorkspaces:optimisticallyPreLayoutWorkspaces:) - REFRESH: Starting blocking refresh for event: globalObserverLeftMouseUp
[DEBUG] [3:02:28 PM] refresh.swift:57 runRefreshSessionBlocking(_:layoutWorkspaces:optimisticallyPreLayoutWorkspaces:) - REFRESH: Completed blocking refresh in 27.5ms
[DEBUG] [3:02:30 PM] RefreshDebouncer.swift:25 debounce(event:screenIsDefinitelyUnlocked:optimisticallyPreLayoutWorkspaces:) - DEBOUNCE: Using fixed delay 50.0ms for event: globalObserverLeftMouseUp
[DEBUG] [3:02:30 PM] RefreshDebouncer.swift:47 debounceWithFixedDelay(event:screenIsDefinitelyUnlocked:optimisticallyPreLayoutWorkspaces:) - DEBOUNCE: Task scheduled, will wait 50.0ms
[DEBUG] [3:02:30 PM] RefreshDebouncer.swift:58 debounceWithFixedDelay(event:screenIsDefinitelyUnlocked:optimisticallyPreLayoutWorkspaces:) - DEBOUNCE: Executing refresh after 54.41606044769287ms
[DEBUG] [3:02:30 PM] refresh.swift:51 runRefreshSessionBlocking(_:layoutWorkspaces:optimisticallyPreLayoutWorkspaces:) - REFRESH: Starting blocking refresh for event: globalObserverLeftMouseUp
[DEBUG] [3:02:30 PM] refresh.swift:57 runRefreshSessionBlocking(_:layoutWorkspaces:optimisticallyPreLayoutWorkspaces:) - REFRESH: Completed blocking refresh in 25.7ms
[DEBUG] [3:02:30 PM] RefreshDebouncer.swift:25 debounce(event:screenIsDefinitelyUnlocked:optimisticallyPreLayoutWorkspaces:) - DEBOUNCE: Using fixed delay 50.0ms for event: globalObserverLeftMouseUp
[DEBUG] [3:02:30 PM] RefreshDebouncer.swift:47 debounceWithFixedDelay(event:screenIsDefinitelyUnlocked:optimisticallyPreLayoutWorkspaces:) - DEBOUNCE: Task scheduled, will wait 50.0ms
[DEBUG] [3:02:30 PM] RefreshDebouncer.swift:58 debounceWithFixedDelay(event:screenIsDefinitelyUnlocked:optimisticallyPreLayoutWorkspaces:) - DEBOUNCE: Executing refresh after 53.04598808288574ms
[DEBUG] [3:02:30 PM] refresh.swift:51 runRefreshSessionBlocking(_:layoutWorkspaces:optimisticallyPreLayoutWorkspaces:) - REFRESH: Starting blocking refresh for event: globalObserverLeftMouseUp
[DEBUG] [3:02:30 PM] refresh.swift:57 runRefreshSessionBlocking(_:layoutWorkspaces:optimisticallyPreLayoutWorkspaces:) - REFRESH: Completed blocking refresh in 42.4ms
[DEBUG] [3:02:32 PM] RefreshDebouncer.swift:25 debounce(event:screenIsDefinitelyUnlocked:optimisticallyPreLayoutWorkspaces:) - DEBOUNCE: Using fixed delay 50.0ms for event: globalObserverLeftMouseUp
[DEBUG] [3:02:32 PM] RefreshDebouncer.swift:47 debounceWithFixedDelay(event:screenIsDefinitelyUnlocked:optimisticallyPreLayoutWorkspaces:) - DEBOUNCE: Task scheduled, will wait 50.0ms
[DEBUG] [3:02:32 PM] RefreshDebouncer.swift:25 debounce(event:screenIsDefinitelyUnlocked:optimisticallyPreLayoutWorkspaces:) - DEBOUNCE: Using fixed delay 50.0ms for event: globalObserverLeftMouseUp
[DEBUG] [3:02:32 PM] RefreshDebouncer.swift:47 debounceWithFixedDelay(event:screenIsDefinitelyUnlocked:optimisticallyPreLayoutWorkspaces:) - DEBOUNCE: Task scheduled, will wait 50.0ms
[DEBUG] [3:02:32 PM] RefreshDebouncer.swift:54 debounceWithFixedDelay(event:screenIsDefinitelyUnlocked:optimisticallyPreLayoutWorkspaces:) - DEBOUNCE: Task cancelled after 19.147038459777832ms
[DEBUG] [3:02:32 PM] RefreshDebouncer.swift:58 debounceWithFixedDelay(event:screenIsDefinitelyUnlocked:optimisticallyPreLayoutWorkspaces:) - DEBOUNCE: Executing refresh after 50.70996284484863ms
[DEBUG] [3:02:32 PM] refresh.swift:51 runRefreshSessionBlocking(_:layoutWorkspaces:optimisticallyPreLayoutWorkspaces:) - REFRESH: Starting blocking refresh for event: globalObserverLeftMouseUp
[DEBUG] [3:02:32 PM] refresh.swift:57 runRefreshSessionBlocking(_:layoutWorkspaces:optimisticallyPreLayoutWorkspaces:) - REFRESH: Completed blocking refresh in 26.7ms
[DEBUG] [3:02:32 PM] RefreshDebouncer.swift:25 debounce(event:screenIsDefinitelyUnlocked:optimisticallyPreLayoutWorkspaces:) - DEBOUNCE: Using fixed delay 50.0ms for event: globalObserverLeftMouseUp
[DEBUG] [3:02:32 PM] RefreshDebouncer.swift:47 debounceWithFixedDelay(event:screenIsDefinitelyUnlocked:optimisticallyPreLayoutWorkspaces:) - DEBOUNCE: Task scheduled, will wait 50.0ms
[DEBUG] [3:02:32 PM] RefreshDebouncer.swift:58 debounceWithFixedDelay(event:screenIsDefinitelyUnlocked:optimisticallyPreLayoutWorkspaces:) - DEBOUNCE: Executing refresh after 54.67700958251953ms
[DEBUG] [3:02:32 PM] refresh.swift:51 runRefreshSessionBlocking(_:layoutWorkspaces:optimisticallyPreLayoutWorkspaces:) - REFRESH: Starting blocking refresh for event: globalObserverLeftMouseUp
[DEBUG] [3:02:32 PM] refresh.swift:57 runRefreshSessionBlocking(_:layoutWorkspaces:optimisticallyPreLayoutWorkspaces:) - REFRESH: Completed blocking refresh in 76.0ms
[DEBUG] [3:02:32 PM] RefreshDebouncer.swift:25 debounce(event:screenIsDefinitelyUnlocked:optimisticallyPreLayoutWorkspaces:) - DEBOUNCE: Using fixed delay 50.0ms for event: globalObserverLeftMouseUp
[DEBUG] [3:02:32 PM] RefreshDebouncer.swift:47 debounceWithFixedDelay(event:screenIsDefinitelyUnlocked:optimisticallyPreLayoutWorkspaces:) - DEBOUNCE: Task scheduled, will wait 50.0ms
[DEBUG] [3:02:32 PM] RefreshDebouncer.swift:58 debounceWithFixedDelay(event:screenIsDefinitelyUnlocked:optimisticallyPreLayoutWorkspaces:) - DEBOUNCE: Executing refresh after 54.92401123046875ms
[DEBUG] [3:02:32 PM] refresh.swift:51 runRefreshSessionBlocking(_:layoutWorkspaces:optimisticallyPreLayoutWorkspaces:) - REFRESH: Starting blocking refresh for event: globalObserverLeftMouseUp
[DEBUG] [3:02:32 PM] refresh.swift:57 runRefreshSessionBlocking(_:layoutWorkspaces:optimisticallyPreLayoutWorkspaces:) - REFRESH: Completed blocking refresh in 30.6ms
[DEBUG] [3:02:32 PM] RefreshDebouncer.swift:25 debounce(event:screenIsDefinitelyUnlocked:optimisticallyPreLayoutWorkspaces:) - DEBOUNCE: Using fixed delay 50.0ms for event: globalObserverLeftMouseUp
[DEBUG] [3:02:32 PM] RefreshDebouncer.swift:47 debounceWithFixedDelay(event:screenIsDefinitelyUnlocked:optimisticallyPreLayoutWorkspaces:) - DEBOUNCE: Task scheduled, will wait 50.0ms
[DEBUG] [3:02:32 PM] RefreshDebouncer.swift:58 debounceWithFixedDelay(event:screenIsDefinitelyUnlocked:optimisticallyPreLayoutWorkspaces:) - DEBOUNCE: Executing refresh after 54.56900596618652ms
[DEBUG] [3:02:32 PM] refresh.swift:51 runRefreshSessionBlocking(_:layoutWorkspaces:optimisticallyPreLayoutWorkspaces:) - REFRESH: Starting blocking refresh for event: globalObserverLeftMouseUp
[DEBUG] [3:02:32 PM] refresh.swift:57 runRefreshSessionBlocking(_:layoutWorkspaces:optimisticallyPreLayoutWorkspaces:) - REFRESH: Completed blocking refresh in 45.0ms
[DEBUG] [3:02:33 PM] RefreshDebouncer.swift:25 debounce(event:screenIsDefinitelyUnlocked:optimisticallyPreLayoutWorkspaces:) - DEBOUNCE: Using fixed delay 50.0ms for event: globalObserverLeftMouseUp
[DEBUG] [3:02:33 PM] RefreshDebouncer.swift:47 debounceWithFixedDelay(event:screenIsDefinitelyUnlocked:optimisticallyPreLayoutWorkspaces:) - DEBOUNCE: Task scheduled, will wait 50.0ms
[DEBUG] [3:02:33 PM] RefreshDebouncer.swift:58 debounceWithFixedDelay(event:screenIsDefinitelyUnlocked:optimisticallyPreLayoutWorkspaces:) - DEBOUNCE: Executing refresh after 54.26597595214844ms
[DEBUG] [3:02:33 PM] refresh.swift:51 runRefreshSessionBlocking(_:layoutWorkspaces:optimisticallyPreLayoutWorkspaces:) - REFRESH: Starting blocking refresh for event: globalObserverLeftMouseUp
[DEBUG] [3:02:33 PM] refresh.swift:57 runRefreshSessionBlocking(_:layoutWorkspaces:optimisticallyPreLayoutWorkspaces:) - REFRESH: Completed blocking refresh in 28.4ms
[DEBUG] [3:02:38 PM] RefreshDebouncer.swift:25 debounce(event:screenIsDefinitelyUnlocked:optimisticallyPreLayoutWorkspaces:) - DEBOUNCE: Using fixed delay 50.0ms for event: ax(AXFocusedWindowChanged)
[DEBUG] [3:02:38 PM] RefreshDebouncer.swift:25 debounce(event:screenIsDefinitelyUnlocked:optimisticallyPreLayoutWorkspaces:) - DEBOUNCE: Using fixed delay 50.0ms for event: ax(AXUIElementDestroyed)
[DEBUG] [3:02:38 PM] RefreshDebouncer.swift:47 debounceWithFixedDelay(event:screenIsDefinitelyUnlocked:optimisticallyPreLayoutWorkspaces:) - DEBOUNCE: Task scheduled, will wait 50.0ms
[DEBUG] [3:02:38 PM] RefreshDebouncer.swift:47 debounceWithFixedDelay(event:screenIsDefinitelyUnlocked:optimisticallyPreLayoutWorkspaces:) - DEBOUNCE: Task scheduled, will wait 50.0ms
[DEBUG] [3:02:38 PM] RefreshDebouncer.swift:54 debounceWithFixedDelay(event:screenIsDefinitelyUnlocked:optimisticallyPreLayoutWorkspaces:) - DEBOUNCE: Task cancelled after 0.2200603485107422ms
[DEBUG] [3:02:38 PM] RefreshDebouncer.swift:58 debounceWithFixedDelay(event:screenIsDefinitelyUnlocked:optimisticallyPreLayoutWorkspaces:) - DEBOUNCE: Executing refresh after 53.03990840911865ms
[DEBUG] [3:02:38 PM] refresh.swift:51 runRefreshSessionBlocking(_:layoutWorkspaces:optimisticallyPreLayoutWorkspaces:) - REFRESH: Starting blocking refresh for event: ax(AXUIElementDestroyed)
[DEBUG] [3:02:38 PM] RefreshDebouncer.swift:25 debounce(event:screenIsDefinitelyUnlocked:optimisticallyPreLayoutWorkspaces:) - DEBOUNCE: Using fixed delay 50.0ms for event: globalObserver(NSWorkspaceDidActivateApplicationNotification)
[DEBUG] [3:02:38 PM] RefreshDebouncer.swift:47 debounceWithFixedDelay(event:screenIsDefinitelyUnlocked:optimisticallyPreLayoutWorkspaces:) - DEBOUNCE: Task scheduled, will wait 50.0ms
[DEBUG] [3:02:38 PM] RefreshDebouncer.swift:25 debounce(event:screenIsDefinitelyUnlocked:optimisticallyPreLayoutWorkspaces:) - DEBOUNCE: Using fixed delay 50.0ms for event: ax(AXFocusedWindowChanged)
[DEBUG] [3:02:38 PM] RefreshDebouncer.swift:25 debounce(event:screenIsDefinitelyUnlocked:optimisticallyPreLayoutWorkspaces:) - DEBOUNCE: Using fixed delay 50.0ms for event: ax(AXFocusedWindowChanged)
[DEBUG] [3:02:38 PM] RefreshDebouncer.swift:25 debounce(event:screenIsDefinitelyUnlocked:optimisticallyPreLayoutWorkspaces:) - DEBOUNCE: Using fixed delay 50.0ms for event: ax(AXFocusedWindowChanged)
[DEBUG] [3:02:38 PM] RefreshDebouncer.swift:47 debounceWithFixedDelay(event:screenIsDefinitelyUnlocked:optimisticallyPreLayoutWorkspaces:) - DEBOUNCE: Task scheduled, will wait 50.0ms
[DEBUG] [3:02:38 PM] RefreshDebouncer.swift:54 debounceWithFixedDelay(event:screenIsDefinitelyUnlocked:optimisticallyPreLayoutWorkspaces:) - DEBOUNCE: Task cancelled after 0.6259679794311523ms
[DEBUG] [3:02:38 PM] RefreshDebouncer.swift:47 debounceWithFixedDelay(event:screenIsDefinitelyUnlocked:optimisticallyPreLayoutWorkspaces:) - DEBOUNCE: Task scheduled, will wait 50.0ms
[DEBUG] [3:02:38 PM] RefreshDebouncer.swift:47 debounceWithFixedDelay(event:screenIsDefinitelyUnlocked:optimisticallyPreLayoutWorkspaces:) - DEBOUNCE: Task scheduled, will wait 50.0ms
[DEBUG] [3:02:38 PM] RefreshDebouncer.swift:54 debounceWithFixedDelay(event:screenIsDefinitelyUnlocked:optimisticallyPreLayoutWorkspaces:) - DEBOUNCE: Task cancelled after 0.3839731216430664ms
[DEBUG] [3:02:38 PM] RefreshDebouncer.swift:54 debounceWithFixedDelay(event:screenIsDefinitelyUnlocked:optimisticallyPreLayoutWorkspaces:) - DEBOUNCE: Task cancelled after 0.19502639770507812ms
[DEBUG] [3:02:38 PM] refresh.swift:57 runRefreshSessionBlocking(_:layoutWorkspaces:optimisticallyPreLayoutWorkspaces:) - REFRESH: Completed blocking refresh in 41.5ms
[DEBUG] [3:02:38 PM] RefreshDebouncer.swift:58 debounceWithFixedDelay(event:screenIsDefinitelyUnlocked:optimisticallyPreLayoutWorkspaces:) - DEBOUNCE: Executing refresh after 54.493069648742676ms
[DEBUG] [3:02:38 PM] refresh.swift:51 runRefreshSessionBlocking(_:layoutWorkspaces:optimisticallyPreLayoutWorkspaces:) - REFRESH: Starting blocking refresh for event: ax(AXFocusedWindowChanged)
[DEBUG] [3:02:38 PM] refresh.swift:57 runRefreshSessionBlocking(_:layoutWorkspaces:optimisticallyPreLayoutWorkspaces:) - REFRESH: Completed blocking refresh in 19.4ms
[DEBUG] [3:02:38 PM] RefreshDebouncer.swift:25 debounce(event:screenIsDefinitelyUnlocked:optimisticallyPreLayoutWorkspaces:) - DEBOUNCE: Using fixed delay 50.0ms for event: globalObserverLeftMouseUp
[DEBUG] [3:02:38 PM] RefreshDebouncer.swift:47 debounceWithFixedDelay(event:screenIsDefinitelyUnlocked:optimisticallyPreLayoutWorkspaces:) - DEBOUNCE: Task scheduled, will wait 50.0ms
[DEBUG] [3:02:38 PM] RefreshDebouncer.swift:58 debounceWithFixedDelay(event:screenIsDefinitelyUnlocked:optimisticallyPreLayoutWorkspaces:) - DEBOUNCE: Executing refresh after 55.24098873138428ms
[DEBUG] [3:02:38 PM] refresh.swift:51 runRefreshSessionBlocking(_:layoutWorkspaces:optimisticallyPreLayoutWorkspaces:) - REFRESH: Starting blocking refresh for event: globalObserverLeftMouseUp
[DEBUG] [3:02:38 PM] refresh.swift:57 runRefreshSessionBlocking(_:layoutWorkspaces:optimisticallyPreLayoutWorkspaces:) - REFRESH: Completed blocking refresh in 28.7ms
